No,日本語名,英語名,定義,カテゴリ,ドメイン
1,損益計算書,IncomeStatement,一定期間の収益・費用・利益を示す財務諸表。P&Lとも呼ばれる。,Document,会計
2,貸借対照表,BalanceSheet,特定時点の資産・負債・純資産を示す財務諸表。B/Sとも呼ばれる。,Document,会計
3,キャッシュフロー計算書,CashFlowStatement,一定期間の現金増減を営業・投資・財務別に示す財務諸表。,Document,会計
4,有価証券報告書,AnnualSecuritiesReport,上場企業が金融庁に提出する法定開示書類。財務情報等を網羅する。,Document,会計
5,四半期報告書,QuarterlyReport,3ヶ月ごとに提出する業績開示書類。,Document,会計
6,連結財務諸表,ConsolidatedFinancialStatements,親会社と子会社を一体として作成した財務諸表。,Document,会計
7,個別財務諸表,StandaloneFinancialStatements,親会社単体で作成した財務諸表。,Document,会計
8,IFRS,IFRS,国際財務報告基準。国際会計基準審議会（IASB）が策定する会計基準。,Concept,会計
9,J-GAAP,JGAAP,日本会計基準。日本の上場企業が主に採用する会計基準。,Concept,会計
10,収益認識基準,RevenueRecognitionStandard,IFRS15/ASC606に基づく収益認識の会計基準。,Concept,会計
11,税効果会計,TaxEffectAccounting,会計上の利益と税務上の所得の差異を調整するための会計処理。,Process,会計
12,固定費,FixedCost,売上高の変動に関わらず一定額発生する費用。,Concept,会計
13,変動費,VariableCost,売上高や生産量に比例して変化する費用。,Concept,会計
14,損益分岐点,BreakEvenPoint,利益がゼロになる売上高または販売数量。,Metric,会計
15,原価計算,CostAccounting,製品・サービスのコストを把握・分析するための会計手法。,Process,会計
16,管理会計,ManagementAccounting,経営意思決定を支援するための内部向け会計。,Process,会計
17,財務会計,FinancialAccounting,外部報告を目的とした会計。法令・会計基準に準拠する。,Process,会計
18,発生主義,AccrualBasis,収益・費用を現金収支に関わらず発生時点に認識する会計原則。,Concept,会計
19,現金主義,CashBasis,収益・費用を現金の受払い時に認識する会計原則。,Concept,会計
20,資本的支出,CapitalExpenditure,固定資産への投資支出。CAPEX。将来の収益創出のための投資。,Concept,会計
21,費用的支出,RevenueExpenditure,当期費用として計上される支出。OPEX。,Concept,会計
22,棚卸資産評価,InventoryValuation,棚卸資産の取得原価を期末に評価する方法。先入先出法・総平均法等。,Process,会計
23,先入先出法,FIFO,先に仕入れた在庫から順に払い出すと仮定する棚卸資産評価法。,Concept,会計
24,総平均法,WeightedAverageMethod,期中の平均単価で棚卸資産を評価する方法。,Concept,会計
25,引当金,Allowance,将来の費用・損失に備えて当期に費用計上する負債性項目。,Concept,会計
26,貸倒引当金,AllowanceForDoubtfulAccounts,回収不能と見込まれる債権に対する引当金。,Concept,会計
27,退職給付引当金,RetirementBenefitObligation,将来支払う退職金・年金に備えた引当金。,Concept,会計
28,減損テスト,ImpairmentTest,資産の回収可能価額と帳簿価額を比較し減損損失を認識するプロセス。,Process,会計
29,公正価値,FairValue,市場参加者間の正常な取引において資産と交換される価格。,ValueObject,会計
30,時価評価,MarkToMarket,保有資産を市場価格（公正価値）で評価すること。,Concept,会計
31,連結調整,ConsolidationAdjustment,連結財務諸表作成時に内部取引等を相殺消去する処理。,Process,会計
32,セグメント情報,SegmentInformation,事業別・地域別の業績を開示する注記情報。,Document,会計
33,EV/EBITDA,EVToEBITDA,エンタープライズバリューをEBITDAで割った相対バリュエーション指標。,Metric,財務分析
34,PEGレシオ,PEGRatio,PERを利益成長率で割った成長調整後バリュエーション指標。,Metric,財務分析
35,ターミナルバリュー,TerminalValue,DCF分析において予測期間以降の将来CF全体を現在価値に換算した値。,Concept,財務分析
36,感応度分析,SensitivityAnalysis,前提条件の変化が結果に与える影響を分析する手法。,Process,財務分析
37,シナリオ分析,ScenarioAnalysis,複数のシナリオを想定して財務影響を評価する手法。,Process,財務分析
38,ブリッジ分析,BridgeAnalysis,期間比較や予実差異の要因を構造的に分解する分析手法。,Process,財務分析
39,ウォーターフォール分析,WaterfallAnalysis,数値の増減要因を積み上げ/積み下げで可視化する分析手法。,Process,財務分析
40,デュポン分析,DuPontAnalysis,ROEを収益性・効率性・財務レバレッジに分解する分析フレームワーク。,Process,財務分析
41,ネットデット,NetDebt,有利子負債から現金・現金同等物を差し引いた実質的な純負債。,Metric,財務分析
42,グロスマージン,GrossMargin,売上総利益率。売上総利益÷売上高。,Metric,財務分析
43,営業利益率,OperatingMargin,営業利益÷売上高。事業の利益率を示す指標。,Metric,財務分析
44,純利益率,NetProfitMargin,当期純利益÷売上高。最終的な利益率。,Metric,財務分析
45,資本回転率,AssetTurnover,売上高÷総資産。資産の効率的活用度を示す。,Metric,財務分析
46,財務レバレッジ,FinancialLeverage,総資産÷自己資本。負債を活用した資本拡大の度合い。,Metric,財務分析
47,ネットリテンション,NetRevenueRetention,既存顧客からの収益維持・拡大率。SaaS評価の重要指標。,Metric,財務分析
48,ユニットエコノミクス,UnitEconomics,1顧客単位の収益性指標。主にLTV/CACで評価。,Metric,財務分析
49,ルールオブ40,RuleOf40,SaaS企業の健全性指標。売上成長率＋営業利益率≧40%が目安。,Metric,財務分析
50,アーニングスサプライズ,EarningsSurprise,実績利益がアナリスト予想を上回る/下回る度合い。,Event,財務分析
51,コンセンサス予想,ConsensusEstimate,複数アナリストの業績予想の平均・中央値。,Concept,財務分析
52,バリューエーションマルチプル,ValuationMultiple,企業価値を特定の利益・収益指標で割った相対評価の倍率。,Concept,財務分析
53,フォワードPER,ForwardPER,来期予想EPSを基に算出したPER。将来の収益力を反映。,Metric,財務分析
54,配当性向,DividendPayoutRatio,当期純利益に対する配当金の割合。株主還元方針の指標。,Metric,財務分析
55,配当利回り,DividendYield,1株当たり配当金÷株価。投資対比の配当収益率。,Metric,財務分析
56,自社株買い,ShareBuyback,企業が市場から自社株式を取得すること。株主還元策の一つ。,Event,財務分析
57,総還元性向,TotalPayoutRatio,配当と自社株買いを合計した株主還元額の純利益比率。,Metric,財務分析
58,株式,Stock,株式会社の所有権を表す有価証券。配当・議決権が付随する。,Concept,投資
59,債券,Bond,発行体が資金調達のために発行する有価証券。元本と利子の支払を約束する。,Concept,投資
60,国債,GovernmentBond,国が発行する債券。信用リスクが低い安全資産の代表格。,Concept,投資
61,社債,CorporateBond,企業が発行する債券。格付けによって信用リスクが異なる。,Concept,投資
62,転換社債,ConvertibleBond,一定条件で株式に転換できる社債。CB。,Concept,投資
63,投資信託,MutualFund,複数の投資家から資金を集め、専門家が運用する金融商品。,Concept,投資
64,ETF,ETF,上場投資信託。指数等に連動し、取引所で売買できる投資信託。,Concept,投資
65,先物取引,FuturesTrade,将来の一定日時に事前合意した価格で売買する取引。,Concept,投資
66,オプション取引,OptionsTrade,特定の資産を将来の一定価格で売買する権利の取引。,Concept,投資
67,スワップ取引,SwapTrade,将来のキャッシュフローを交換する金融取引。金利・通貨スワップ等。,Concept,投資
68,ヘッジ,Hedge,リスクを相殺・軽減するための反対ポジション取引。,Concept,投資
69,ロングポジション,LongPosition,値上がりを期待して資産を買い保有するポジション。,Concept,投資
70,ショートポジション,ShortPosition,値下がりを期待して資産を借りて売る空売りポジション。,Concept,投資
71,ポートフォリオ,Portfolio,複数の金融資産を組み合わせた保有全体。,Concept,投資
72,アセットアロケーション,AssetAllocation,株式・債券・不動産など資産クラスへの資金配分の意思決定。,Concept,投資
73,ベンチマーク,Benchmark,運用成果を評価する基準となる指数・目標。,Concept,投資
74,超過収益,AlphaReturn,ベンチマークを上回る運用収益率。α（アルファ）とも呼ぶ。,Metric,投資
75,ボラティリティ,Volatility,リターンの変動の大きさ。リスク指標として広く使われる。,Metric,投資
76,シャープレシオ,SharpeRatio,リスク1単位当たりの超過収益率。運用効率の指標。,Metric,投資
77,情報比率,InformationRatio,アクティブリターン÷トラッキングエラー。運用能力の指標。,Metric,投資
78,最大ドローダウン,MaxDrawdown,一定期間の資産価値の最大下落幅。,Metric,投資
79,IPO,IPO,新規株式公開。未上場企業が初めて株式を公開市場で売り出すこと。,Event,投資
80,プライベートエクイティ,PrivateEquity,非上場企業に投資するファンド。PE。バイアウト・グロース等。,Concept,投資
81,ベンチャーキャピタル,VentureCapital,スタートアップ・成長企業に投資するファンド。VC。,Concept,投資
82,オルタナティブ投資,AlternativeInvestment,株式・債券以外の不動産・ヘッジファンド・PEなどへの投資。,Concept,投資
83,機関投資家,InstitutionalInvestor,年金・生保・投信等の大口資金を運用するプロ投資家。,Entity,投資
84,アクティビスト,ActivistInvestor,保有株を通じて企業経営に積極的に関与する投資家。,Entity,投資
85,ヘッジファンド,HedgeFund,様々な投資戦略を用いて絶対収益を追求するファンド。,Entity,投資
86,格付け,CreditRating,債券・企業の信用力を評価した等級。S&P・Moodys等が付与。,ValueObject,投資
87,イールドカーブ,YieldCurve,債券の残存期間と利回りの関係を示した曲線。,Concept,投資
88,デュレーション,Duration,債券の実効満期。金利変動に対する価格感応度の指標。,Metric,投資
89,信用スプレッド,CreditSpread,国債利回りと社債利回りの差。信用リスクの対価。,Metric,投資
90,M&A,MergersAndAcquisitions,企業の合併・買収。事業拡大・多角化・資源獲得等を目的とする。,Concept,M&A
91,デューデリジェンス,DueDiligence,買収前に実施する対象企業の財務・法務・事業の詳細調査。DD。,Process,M&A
92,PMI,PostMergerIntegration,M&A完了後の統合プロセス。組織・システム・文化の統合を含む。,Process,M&A
93,バリュエーション,Valuation,企業・資産の経済的価値の算定。DCF・マルチプル等の手法がある。,Process,M&A
94,株式譲渡,ShareTransfer,対象会社の株式を買主に譲渡することで経営権を移転する取引形態。,Process,M&A
95,事業譲渡,BusinessTransfer,対象事業を構成する資産・負債・契約等を個別に移転する取引形態。,Process,M&A
96,TOB,TenderOffer,公開買付。対象企業の株式を市場外で買い集める手続き。,Process,M&A
97,MBO,ManagementBuyout,経営陣が自社を買収するM&A手法。,Process,M&A
98,LBO,LeveragedBuyout,借入金を活用して企業を買収する手法。将来CFで返済する。,Process,M&A
99,SPA,SharePurchaseAgreement,株式売買契約。M&Aにおける最終契約書。,Document,M&A
100,表明保証,RepresentationAndWarranty,売主が対象会社に関する一定事項を保証する契約条項。,Concept,M&A
101,シナジー,Synergy,M&Aにより単独では実現不可能な価値創出効果。コスト・収益シナジーがある。,Concept,M&A
102,のれん,Goodwill,M&A時に取得原価が純資産公正価値を上回る超過価値。,Concept,M&A
103,EV,EnterpriseValue,企業全体の事業価値。時価総額＋純有利子負債。,Metric,M&A
104,買収プレミアム,AcquisitionPremium,買収価格が買収前市場価格を上回る割合。,Metric,M&A
105,ブレイクアップフィー,BreakupFee,M&A契約破棄時に支払われる解約料。,Concept,M&A
106,ESG,ESG,環境(E)・社会(S)・ガバナンス(G)の3軸で企業を評価する枠組み。,Concept,ESG
107,サステナビリティ,Sustainability,将来世代のニーズを損なわずに現在のニーズを充足する発展。,Concept,ESG
108,SDGs,SustainableDevelopmentGoals,国連が定めた2030年までの17の持続可能な開発目標。,Concept,ESG
109,TCFD,TCFD,気候関連財務情報開示タスクフォース。リスク・機会の開示推奨。,Concept,ESG
110,TNFD,TNFD,自然関連財務情報開示タスクフォース。自然資本リスクの開示推奨。,Concept,ESG
111,GHG,GreenhouseGas,温室効果ガス。CO2・メタン等。Scope1〜3で排出量を分類。,Concept,ESG
112,Scope1,Scope1Emissions,自社が直接排出するGHG。自社工場・車両等の燃焼由来。,Metric,ESG
113,Scope2,Scope2Emissions,購入した電力・熱由来のGHG間接排出。,Metric,ESG
114,Scope3,Scope3Emissions,サプライチェーン全体を通じた間接排出。15カテゴリに分類。,Metric,ESG
115,カーボンニュートラル,CarbonNeutral,温室効果ガスの排出と吸収を均衡させ実質ゼロにする状態。,Concept,ESG
116,カーボンオフセット,CarbonOffset,削減できないGHG排出を他の場所での削減・吸収で相殺すること。,Process,ESG
117,SBT,ScienceBasedTargets,科学的根拠に基づく温室効果ガス削減目標。,Concept,ESG
118,RE100,RE100,企業が使用電力の100%を再生可能エネルギーで賄う国際イニシアチブ。,Concept,ESG
119,CDP,CDP,企業の気候変動・水・森林リスクの情報開示を推進する国際NGO。,Entity,ESG
120,ESGスコア,ESGScore,ESG評価機関が企業のESGパフォーマンスを数値化したスコア。,Metric,ESG
121,気候変動リスク,ClimateChangeRisk,気候変動が企業に与える移行リスク・物理リスクの総称。,Concept,ESG
122,移行リスク,TransitionRisk,低炭素経済への移行過程で生じる政策・技術・市場変化リスク。,Concept,ESG
123,物理リスク,PhysicalRisk,気候変動に起因する洪水・台風等の自然災害リスク。,Concept,ESG
124,サーキュラーエコノミー,CircularEconomy,廃棄物を出さず資源を循環させる経済モデル。,Concept,ESG
125,人的資本,HumanCapital,従業員の知識・スキル・経験等の価値の総体。,Concept,ESG
126,ダイバーシティ＆インクルージョン,DiversityAndInclusion,多様な人材が活躍できる組織・文化の実現。D&I。,Concept,ESG
127,サプライチェーン人権,SupplyChainHumanRights,サプライチェーン全体で人権リスクを管理・改善する取り組み。,Process,ESG
128,統合報告書,IntegratedReport,財務・非財務情報を統合し価値創造ストーリーを示す報告書。,Document,ESG
129,マテリアリティ,Materiality,ESG開示において企業・ステークホルダーに重要な課題の特定。,Process,ESG
130,コーポレートガバナンス,CorporateGovernance,企業が株主等の利益を守るための内部統制・意思決定の仕組み。,Concept,ガバナンス
131,取締役会,BoardOfDirectors,企業の最高意思決定機関。経営の監督と重要事項の決定を担う。,Entity,ガバナンス
132,社外取締役,OutsideDirector,会社と利害関係のない外部から選任された取締役。,Entity,ガバナンス
133,監査委員会,AuditCommittee,財務報告・内部統制・監査の監督を担う取締役会委員会。,Entity,ガバナンス
134,指名委員会,NominationCommittee,取締役・経営幹部の選解任手続きを担う取締役会委員会。,Entity,ガバナンス
135,報酬委員会,CompensationCommittee,経営幹部の報酬設計・決定を担う取締役会委員会。,Entity,ガバナンス
136,コンプライアンス,Compliance,法令・規則・社内規程等を遵守すること。リスク管理の基盤。,Concept,ガバナンス
137,内部統制,InternalControl,財務報告の信頼性確保・業務効率化・法令遵守のための組織的仕組み。,Concept,ガバナンス
138,内部監査,InternalAudit,経営目標達成を支援するために独立した立場で行う保証・助言活動。,Process,ガバナンス
139,外部監査,ExternalAudit,公認会計士・監査法人が財務諸表の適正性を独立の立場で検証する。,Process,ガバナンス
140,スチュワードシップ,Stewardship,機関投資家が投資先企業と建設的に対話し企業価値向上を促す責任。,Concept,ガバナンス
141,議決権行使,ProxyVoting,株主総会での議案に対して機関投資家が権利を行使すること。,Process,ガバナンス
142,エンゲージメント,Engagement,投資家が投資先企業の経営改善に向けて対話・関与する活動。,Process,ガバナンス
143,株主総会,GeneralMeetingOfShareholders,株主が議案を議決する企業の最高意思決定会議。,Event,ガバナンス
144,役員報酬,ExecutiveCompensation,取締役・経営幹部に支払われる報酬。固定給・業績連動・株式付与等。,Concept,ガバナンス
145,J-SOX,JSOX,内部統制報告制度。金融商品取引法に基づく日本版SOX法。,Concept,ガバナンス
146,情報開示,Disclosure,企業が投資家・市場に対して財務・非財務情報を公表すること。,Process,ガバナンス
147,フェアディスクロージャー,FairDisclosure,公平な情報開示。特定の市場参加者への選択的情報提供を禁じる規制。,Concept,ガバナンス
148,経営戦略,BusinessStrategy,企業が長期的な目標を達成するための基本方針・行動計画。,Concept,経営戦略
149,ビジョン,Vision,企業が目指す将来の理想像。,Concept,経営戦略
150,ミッション,Mission,企業の存在意義・社会への提供価値を示す宣言。,Concept,経営戦略
151,パーパス,Purpose,企業の存在理由・社会的使命。,Concept,経営戦略
152,ビジネスモデル,BusinessModel,企業が価値を創造・提供・獲得するための仕組みの総体。,Concept,経営戦略
153,バリューチェーン,ValueChain,製品・サービスの価値創造を構成する一連の活動の連鎖。,Concept,経営戦略
154,コアコンピタンス,CoreCompetence,競合他社が模倣困難な自社固有の中核的能力。,Concept,経営戦略
155,競争優位,CompetitiveAdvantage,競合他社と比較して優れた持続可能な強み。,Concept,経営戦略
156,SWOT分析,SWOTAnalysis,内部環境(強み・弱み)と外部環境(機会・脅威)を整理する分析フレームワーク。,Process,経営戦略
157,ファイブフォース分析,FiveForcesAnalysis,業界の競争構造を5つの力(競合・新規参入・代替品・買手・売手)で分析。,Process,経営戦略
158,DX,DigitalTransformation,デジタル技術を活用して事業・組織・文化を抜本的に変革すること。,Concept,経営戦略
159,イノベーション,Innovation,新たな価値を創出する技術・製品・プロセス・ビジネスモデルの革新。,Concept,経営戦略
160,KPI,KPI,重要業績評価指標。目標達成度を測定するための定量的な指標。,Metric,経営戦略
161,OKR,OKR,目標と主要成果指標。Objectives and Key Results。,Concept,経営戦略
162,バランスト・スコアカード,BalancedScorecard,財務・顧客・内部プロセス・学習と成長の4視点で戦略を管理するフレームワーク。,Concept,経営戦略
163,CRM,CRM,顧客関係管理。顧客情報を一元管理し関係を強化するシステム・戦略。,Concept,営業
164,SFA,SFA,営業支援システム。商談管理・活動管理を自動化するツール。,Concept,営業
165,顧客,Customer,企業の商品・サービスを購入・利用する個人または法人。,Entity,営業
166,パイプライン,SalesPipeline,商談の進捗状況を段階別に管理する営業プロセスの可視化。,Concept,営業
167,コンバージョン率,ConversionRate,見込み客が顧客に転換する割合。,Metric,営業
168,アップセル,Upsell,既存顧客により高単価の商品・サービスへの移行を促すこと。,Process,営業
169,クロスセル,CrossSell,既存顧客に関連する別商品・サービスを追加購入させること。,Process,営業
170,マーケティング,Marketing,顧客ニーズを把握し商品・サービスの価値を届けるための活動全般。,Concept,マーケティング
171,ブランド,Brand,企業・商品に対して顧客が抱くイメージ・信頼・感情の総体。,Concept,マーケティング
172,STP分析,STPAnalysis,セグメンテーション・ターゲティング・ポジショニングの3ステップ分析。,Process,マーケティング
173,調達,Procurement,企業が事業に必要な物品・サービスを外部から取得するプロセス。,Process,調達
174,サプライチェーン,SupplyChain,製品が原材料から顧客に届くまでの調達・生産・物流の連鎖。,Concept,調達
175,在庫,Inventory,販売または使用のために保有する原材料・仕掛品・完成品の総称。,Concept,調達
176,リードタイム,LeadTime,発注から納品までに要する時間。,Metric,調達
177,サプライヤー,Supplier,原材料・部品・サービスを提供する取引先。,Entity,調達
178,カイゼン,Kaizen,継続的な業務改善活動。小さな改善の積み重ねで生産性を向上する。,Process,製造
179,5S,FiveS,整理・整頓・清掃・清潔・躾の5要素による職場環境改善活動。,Process,製造
180,六シグマ,SixSigma,統計的手法でプロセスの変動を最小化し品質向上を図る手法。,Process,製造
181,稼働率,OperatingRate,設備・人員が実際に稼働した時間の比率。,Metric,製造
182,品質管理,QualityControl,製品・サービスの品質を基準に合わせて管理・改善すること。,Process,製造
183,人事,HumanResources,採用・評価・育成・報酬など従業員に関する業務機能。,Concept,人事
184,タレントマネジメント,TalentManagement,組織に必要な人材を戦略的に獲得・育成・配置・維持するプロセス。,Process,人事
185,エンゲージメント（人事）,EmployeeEngagement,従業員が組織の目標に対して自発的に貢献しようとする度合い。,Metric,人事
186,組織変革,OrganizationalChange,企業が戦略・構造・文化を意図的に変革するプロセス。,Process,人事
187,会社,Company,商行為を目的として設立された法人。,Entity,共通
188,企業,Enterprise,事業活動を行う経済主体の総称。,Entity,共通
189,ステークホルダー,Stakeholder,企業活動に利害関係を持つ全ての関係者。株主・従業員・顧客・社会等。,Entity,共通
190,リスク,Risk,予期しない損失・事象が発生する可能性とその影響。,Concept,共通
191,リスク管理,RiskManagement,リスクを識別・評価・対応・モニタリングする体系的なプロセス。,Process,共通
192,プロジェクト管理,ProjectManagement,目標達成に向けてスコープ・コスト・工程・品質を統合管理すること。,Process,共通
193,コスト削減,CostReduction,業務効率化・調達改善等を通じてコストを低減すること。,Process,共通
194,収益改善,RevenueImprovement,価格・数量・ミックス改善等で売上・利益を向上させること。,Process,共通
195,業務プロセス,BusinessProcess,目標を達成するために行われる一連の活動・手順。,Process,共通
196,デジタル化,Digitalization,アナログな業務・情報をデジタル技術で変革すること。,Concept,共通
197,法人税,CorporateIncomeTax,企業の所得に課税される税金。,Concept,税務
198,消費税,ConsumptionTax,商品・サービスの消費に課される間接税。日本では10%（軽減8%）。,Concept,税務
199,移転価格,TransferPricing,関連会社間取引における価格設定。税務当局が監視する国際税務分野。,Concept,税務
200,税務調査,TaxAudit,税務当局が納税者の申告内容を調査・検証するプロセス。,Process,税務
201,繰越欠損金,NetOperatingLossCarryforward,過去の欠損金を将来年度の課税所得から控除できる制度。,Concept,税務
202,連結納税,ConsolidatedTaxReturn,グループ企業を一体として課税所得を計算する税務制度。,Process,税務
203,銀行,Bank,預金・融資・為替取引を行う金融機関。,Entity,金融
204,証券会社,SecuritiesFirm,有価証券の売買仲介・引受・自己売買等を行う金融機関。,Entity,金融
205,融資,Lending,金融機関が資金を貸し付けること。,Process,金融
206,資金調達,FundRaising,事業に必要な資金を株式・債券・借入等で調達すること。,Process,金融
207,金利,InterestRate,資金の貸借に対して課される利率。,ValueObject,金融
208,信用リスク,CreditRisk,取引相手が債務不履行に陥るリスク。,Concept,金融
209,市場リスク,MarketRisk,株価・金利・為替等の市場変動による損失リスク。,Concept,金融
210,流動性リスク,LiquidityRisk,資産を適切な価格で換金できなくなるリスク。,Concept,金融
211,バーゼル規制,BaselAccord,銀行の自己資本比率規制。BISが策定（バーゼルI〜III）。,Concept,金融
212,LIBOR,LIBOR,ロンドン銀行間取引金利。金融商品の参照金利として使われた。2023年廃止。,Concept,金融
213,SOFR,SOFR,担保付翌日物調達金利。LIBORの主要後継指標。,Concept,金融
214,中央銀行,CentralBank,通貨発行・金融政策・金融システム安定を担う国家の銀行。,Entity,金融
215,日本銀行,BankOfJapan,日本の中央銀行。金融政策・通貨発行を担う。BOJ。,Entity,金融
216,FRB,FederalReserveBoard,米国の中央銀行制度の最高意思決定機関。,Entity,金融
217,0段階チャネル,,0段階チャネルに関連する業務用語。,Concept,マーケティング
218,10Q,,10Qに関連する業務用語。,Concept,共通
219,10％テスト,,10％テストに関連する業務用語。,Concept,共通
220,13F,,13Fに関連する業務用語。,Concept,共通
221,1カイ2ヤリ,,1カイ2ヤリに関連する業務用語。,Concept,共通
222,1人当たり購入単価,Average Purchase Price per User,1人当たり購入単価に関連する業務用語。,Concept,共通
223,1口元本,,1口元本に関連する業務用語。,Concept,共通
224,1株当たりキャッシュフロー,,1株当たりキャッシュフローに関連する業務用語。,Metric,会計
225,1株当たり利益,,1株当たり利益に関連する業務用語。,Concept,共通
226,1株当たり当期純利益,Earnings Per Share (EPS),1株当たり当期純利益に関連する業務用語。,Metric,会計
227,1株当たり純資産,Book Value Per Share (BPS),1株当たり純資産に関連する業務用語。,Concept,会計
228,1株当たり配当金,Dividend Per Share (DPS),1株当たり配当金に関連する業務用語。,Concept,財務分析
229,1次データ,,1次データに関連する業務用語。,Concept,共通
230,1段階チャネル,,1段階チャネルに関連する業務用語。,Concept,マーケティング
231,2-6-2の法則,,2-6-2の法則に関連する業務用語。,Concept,共通
232,2010年問題,,2010年問題に関連する業務用語。,Concept,共通
233,20‐80のルール(20-80の法則),,20‐80のルール(20-80の法則)に関連する業務用語。,Concept,共通
234,2次データ,,2次データに関連する業務用語。,Concept,共通
235,2段階チャネル,,2段階チャネルに関連する業務用語。,Concept,マーケティング
236,360度評価,,360度評価に関連する業務用語。,Process,人事
237,3C分析,,3C分析に関連する業務用語。,Concept,共通
238,3C（分析）,,3C（分析）に関連する業務用語。,Concept,共通
239,3Dプリンター,,3Dプリンターに関連する業務用語。,Concept,共通
240,3伝票制,,3伝票制に関連する業務用語。,Concept,共通
241,3段階チャネル,,3段階チャネルに関連する業務用語。,Concept,マーケティング
242,401k,,401kに関連する業務用語。,Concept,共通
243,401k対象ファンド,,401k対象ファンドに関連する業務用語。,Metric,投資
244,401ｋ,,401ｋに関連する業務用語。,Concept,共通
245,401ｋ対象ファンド,,401ｋ対象ファンドに関連する業務用語。,Metric,投資
246,4P,,4Pに関連する業務用語。,Concept,共通
247,4P（ヨンピー）,,4P（ヨンピー）に関連する業務用語。,Concept,共通
248,4R,,4Rに関連する業務用語。,Concept,共通
249,4本値,,4本値に関連する業務用語。,Concept,共通
250,5%ルール,,5%ルールに関連する業務用語。,Concept,共通
251,52週安値,52-Week Low,52週安値に関連する業務用語。,Concept,共通
252,52週高値,52-Week High,52週高値に関連する業務用語。,Concept,共通
253,5DMA,,5DMAに関連する業務用語。,Concept,共通
254,5F,,5Fに関連する業務用語。,Concept,共通
255,5G,,5Gに関連する業務用語。,Concept,共通
256,5つの力,,5つの力に関連する業務用語。,Concept,共通
257,5％ルール,,5％ルールに関連する業務用語。,Concept,共通
258,5％ルール（独占禁止法）,,5％ルール（独占禁止法）に関連する業務用語。,Concept,共通
259,5ＤＭＡ,,5ＤＭＡに関連する業務用語。,Concept,共通
260,6R,,6Rに関連する業務用語。,Concept,共通
261,72の法則,,72の法則に関連する業務用語。,Concept,共通
262,7S,,7Sに関連する業務用語。,Concept,経営戦略
263,7つのS,,7つのSに関連する業務用語。,Concept,共通
264,95％ルール,,95％ルールに関連する業務用語。,Concept,共通
265,ABB(活動基準予算管理),,ABB(活動基準予算管理)に関連する業務用語。,Concept,共通
266,ABC,,ABCに関連する業務用語。,Concept,共通
267,ABC分析,,ABC分析に関連する業務用語。,Concept,共通
268,ABL,,ABLに関連する業務用語。,Concept,共通
269,ABM(活動基準管理),,ABM(活動基準管理)に関連する業務用語。,Concept,共通
270,ABS,,ABSに関連する業務用語。,Document,会計
271,ABS（Asset Backed Securities）,,ABS（Asset Backed Securities）に関連する業務用語。,Document,会計
272,ADB,,ADBに関連する業務用語。,Concept,共通
273,ADP雇用者数,,ADP雇用者数に関連する業務用語。,Concept,共通
274,ADR,,ADRに関連する業務用語。,Concept,共通
275,ADR手続き,,ADR手続きに関連する業務用語。,Concept,共通
276,ADR法,,ADR法に関連する業務用語。,Concept,共通
277,AEO制度,,AEO制度に関連する業務用語。,Concept,共通
278,AEX指数,,AEX指数に関連する業務用語。,Concept,共通
279,AI,,AIに関連する業務用語。,Concept,経営戦略
280,AIDMA,,AIDMAに関連する業務用語。,Concept,経営戦略
281,AIIB,,AIIBに関連する業務用語。,Concept,経営戦略
282,AI活用,AI Utilization,AI活用に関連する業務用語。,Concept,経営戦略
283,ALM,,ALMに関連する業務用語。,Concept,共通
284,AMTUL,,AMTULに関連する業務用語。,Concept,共通
285,ANZ企業信頼感指数,,ANZ企業信頼感指数に関連する業務用語。,Entity,共通
286,APEC,,APECに関連する業務用語。,Concept,共通
287,API,,APIに関連する業務用語。,Concept,経営戦略
288,API（American Petroleum Institute）,,API（American Petroleum Institute）に関連する業務用語。,Concept,経営戦略
289,API（エーピーアイ）,,API（エーピーアイ）に関連する業務用語。,Concept,経営戦略
290,APV,,APVに関連する業務用語。,Concept,共通
291,AQR,,AQRに関連する業務用語。,Concept,共通
292,AR,,ARに関連する業務用語。,Concept,共通
293,ARPU,Average Revenue Per User,ARPUに関連する業務用語。,Concept,共通
294,ARR（年間経常収益）,ARR (Annual Recurring Revenue),ARR（年間経常収益）に関連する業務用語。,Metric,財務分析
295,ASBJ,,ASBJに関連する業務用語。,Concept,共通
296,ASEAN,,ASEANに関連する業務用語。,Concept,共通
297,ASEAN（東南アジア諸国連合）,,ASEAN（東南アジア諸国連合）に関連する業務用語。,Concept,共通
298,ASEM,,ASEMに関連する業務用語。,Concept,共通
299,ASP（エーエスピー）,,ASP（エーエスピー）に関連する業務用語。,Concept,共通
300,ASX（Australian Stock Exchange）,,ASX（Australian Stock Exchange）に関連する業務用語。,Concept,共通
301,AT1債,,AT1債に関連する業務用語。,Concept,共通
302,ATM,,ATMに関連する業務用語。,Concept,共通
303,AUD,,AUDに関連する業務用語。,Concept,共通
304,AWS（エーダブルエス）,,AWS（エーダブルエス）に関連する業務用語。,Concept,共通
305,Agreement among underwriters,,Agreement among underwritersに関連する業務用語。,Concept,共通
306,Amex,,Amexに関連する業務用語。,Concept,共通
307,B/S,,B/Sに関連する業務用語。,Concept,会計
308,B2B,,B2Bに関連する業務用語。,Concept,共通
309,B2C,,B2Cに関連する業務用語。,Concept,共通
310,BATNA,,BATNAに関連する業務用語。,Concept,共通
311,BB,,BBに関連する業務用語。,Concept,共通
312,BBSW,,BBSWに関連する業務用語。,Document,会計
313,BBレシオ,,BBレシオに関連する業務用語。,Concept,共通
314,BB（Book-Building formula）,,BB（Book-Building formula）に関連する業務用語。,Concept,共通
315,BCGゲームチェンジャー,BCG Game Changer,BCGゲームチェンジャーに関連する業務用語。,Concept,共通
316,BCGデジタルガレージ,BCG Digital Garage,BCGデジタルガレージに関連する業務用語。,Concept,共通
317,BCGバリュー・サイエンス,BCG Value Science,BCGバリュー・サイエンスに関連する業務用語。,Concept,共通
318,BCGマトリクス（成長率・市場占有率マトリクス）,BCG Matrix (Growth-Share Matrix),BCGマトリクス（成長率・市場占有率マトリクス）に関連する業務用語。,Concept,経営戦略
319,BCG・ヘンダーソン研究所,BCG Henderson Institute,BCG・ヘンダーソン研究所に関連する業務用語。,Concept,共通
320,BCP,Business Continuity Plan,BCPに関連する業務用語。,Concept,共通
321,BDI,,BDIに関連する業務用語。,Concept,共通
322,BEL20指数,,BEL20指数に関連する業務用語。,Concept,共通
323,BIS,,BISに関連する業務用語。,Concept,共通
324,BIS規制,,BIS規制に関連する業務用語。,Concept,ガバナンス
325,BI（Business Intelligence）,,BI（Business Intelligence）に関連する業務用語。,Concept,共通
326,BNPパリバ・ショック,,BNPパリバ・ショックに関連する業務用語。,Concept,共通
327,BOP,,BOPに関連する業務用語。,Concept,共通
328,BPO,Business Process Outsourcing,BPOに関連する業務用語。,Concept,共通
329,BPR,,BPRに関連する業務用語。,Concept,共通
330,BPR（ビジネスプロセスリエンジニアリング）,,BPR（ビジネスプロセスリエンジニアリング）に関連する業務用語。,Concept,共通
331,BPS,Book Value Per Share,1株当たり純資産。純資産÷発行済株式数。,Metric,財務分析
332,BPS（1株あたり純資産）,,BPS（1株あたり純資産）に関連する業務用語。,Concept,会計
333,BPS（Book-value Per Share）,,BPS（Book-value Per Share）に関連する業務用語。,Metric,財務分析
334,BRICS,,BRICSに関連する業務用語。,Concept,共通
335,BRICS開発銀行,,BRICS開発銀行に関連する業務用語。,Entity,金融
336,BRICs,,BRICsに関連する業務用語。,Concept,共通
337,BRL,,BRLに関連する業務用語。,Concept,共通
338,BTO,,BTOに関連する業務用語。,Concept,共通
339,BaaS,,BaaSに関連する業務用語。,Concept,共通
340,Bidding price,,Bidding priceに関連する業務用語。,Concept,共通
341,Big4,,Big4に関連する業務用語。,Concept,共通
342,Book value,,Book valueに関連する業務用語。,Concept,共通
343,Brexit,,Brexitに関連する業務用語。,Concept,共通
344,Broker,,Brokerに関連する業務用語。,Concept,共通
345,Broker's business,,Broker's businessに関連する業務用語。,Concept,共通
346,BtoB,Business-to-Business (B2B),BtoBに関連する業務用語。,Concept,共通
347,BtoC,Business-to-Consumer (B2C),BtoCに関連する業務用語。,Concept,共通
348,C/F,,C/Fに関連する業務用語。,Concept,共通
349,C2C,,C2Cに関連する業務用語。,Concept,共通
350,CAC40 index,,CAC40 indexに関連する業務用語。,Concept,営業
351,CAC40指数,,CAC40指数に関連する業務用語。,Concept,営業
352,CAC（顧客獲得コスト）,CAC (Customer Acquisition Cost),CAC（顧客獲得コスト）に関連する業務用語。,Concept,営業
353,CAD,,CADに関連する業務用語。,Concept,共通
354,CAGR,Compound Annual Growth Rate,CAGRに関連する業務用語。,Concept,共通
355,CAGR(年平均成長率),,CAGR(年平均成長率)に関連する業務用語。,Concept,共通
356,CAP,,CAPに関連する業務用語。,Concept,共通
357,CAPE,,CAPEに関連する業務用語。,Concept,共通
358,CAPEX,,CAPEXに関連する業務用語。,Metric,会計
359,CAPM,,CAPMに関連する業務用語。,Concept,共通
360,CAPM(資本資産価格モデル),,CAPM(資本資産価格モデル)に関連する業務用語。,Concept,会計
361,CATボンド,,CATボンドに関連する業務用語。,Concept,共通
362,CB,,CBに関連する業務用語。,Concept,投資
363,CBDC,,CBDCに関連する業務用語。,Concept,投資
364,CBO,,CBOに関連する業務用語。,Concept,投資
365,CBOT,,CBOTに関連する業務用語。,Concept,投資
366,CBO（Collateralized Bond Obligation）,,CBO（Collateralized Bond Obligation）に関連する業務用語。,Concept,投資
367,CCC（キャッシュ・コンバージョン・サイクル）,,CCC（キャッシュ・コンバージョン・サイクル）に関連する業務用語。,Concept,営業
368,CCI,,CCIに関連する業務用語。,Concept,共通
369,CCS,Carbon Capture and Storage,CCSに関連する業務用語。,Concept,共通
370,CCUS,"Carbon Capture, Utilization and Storage",CCUSに関連する業務用語。,Concept,共通
371,CD,,CDに関連する業務用語。,Concept,共通
372,CDO,,CDOに関連する業務用語。,Concept,共通
373,CDO（Collateralized Debt Obligation）,,CDO（Collateralized Debt Obligation）に関連する業務用語。,Concept,共通
374,CDP(キャリア・ディベロップメント・プログラム),,CDP(キャリア・ディベロップメント・プログラム)に関連する業務用語。,Concept,ESG
375,CDS,,CDSに関連する業務用語。,Concept,共通
376,CD市場,,CD市場に関連する業務用語。,Concept,共通
377,CEO,,CEOに関連する業務用語。,Entity,ガバナンス
378,CEO（Chief Executive Officer）,,CEO（Chief Executive Officer）に関連する業務用語。,Entity,ガバナンス
379,CEPA（Closer Economic Partnership Arrangement）,,CEPA（Closer Economic Partnership Arrangement）に関連する業務用語。,Concept,共通
380,CFD,,CFDに関連する業務用語。,Document,会計
381,CFD（Contract for Difference）,,CFD（Contract for Difference）に関連する業務用語。,Document,会計
382,CFO,,CFOに関連する業務用語。,Document,会計
383,CFO（Chief Financial Officer）,,CFO（Chief Financial Officer）に関連する業務用語。,Document,会計
384,CFT(クロス・ファンクショナル・チーム),,CFT(クロス・ファンクショナル・チーム)に関連する業務用語。,Document,会計
385,CFTC（Commodities Futures Trading Commission）,,CFTC（Commodities Futures Trading Commission）に関連する業務用語。,Document,会計
386,CGコード,,CGコードに関連する業務用語。,Concept,共通
387,CG報告書,,CG報告書に関連する業務用語。,Concept,共通
388,CHF,,CHFに関連する業務用語。,Concept,共通
389,CI,,CIに関連する業務用語。,Concept,共通
390,CIF,,CIFに関連する業務用語。,Concept,共通
391,CIO,,CIOに関連する業務用語。,Entity,ガバナンス
392,CIO（Chief Investment Officer）,,CIO（Chief Investment Officer）に関連する業務用語。,Entity,ガバナンス
393,CLO,,CLOに関連する業務用語。,Concept,共通
394,CLO（Collateralized Loan Obligation）,,CLO（Collateralized Loan Obligation）に関連する業務用語。,Concept,共通
395,CMBS,,CMBSに関連する業務用語。,Document,会計
396,CMBS（Commercial Mortgage Backed Securities）,,CMBS（Commercial Mortgage Backed Securities）に関連する業務用語。,Document,会計
397,CME,,CMEに関連する業務用語。,Concept,共通
398,CMEグループ,,CMEグループに関連する業務用語。,Concept,共通
399,CMO（Collateralized Mortgage Obligation）,,CMO（Collateralized Mortgage Obligation）に関連する業務用語。,Concept,共通
400,COMEX,,COMEXに関連する業務用語。,Concept,共通
401,COO,,COOに関連する業務用語。,Entity,ガバナンス
402,COO（Chief Operating Officer）,,COO（Chief Operating Officer）に関連する業務用語。,Entity,ガバナンス
403,COP15,,COP15に関連する業務用語。,Concept,共通
404,CP,,CPに関連する業務用語。,Concept,共通
405,CPA,,CPAに関連する業務用語。,Concept,共通
406,CPI,,CPIに関連する業務用語。,Concept,共通
407,CPプログラム,Commercial Paper Program,CPプログラムに関連する業務用語。,Concept,共通
408,CP（コマーシャルペーパー）,,CP（コマーシャルペーパー）に関連する業務用語。,Concept,共通
409,CRB Index,,CRB Indexに関連する業務用語。,Concept,共通
410,CRB指数,,CRB指数に関連する業務用語。,Concept,共通
411,CRM(カスタマー・リレーションシップ・マネジメント),,CRM(カスタマー・リレーションシップ・マネジメント)に関連する業務用語。,Concept,営業
412,CRO,,CROに関連する業務用語。,Concept,共通
413,CRS,,CRSに関連する業務用語。,Concept,共通
414,CSA,,CSAに関連する業務用語。,Concept,共通
415,CSR,Corporate Social Responsibility,CSRに関連する業務用語。,Concept,ESG
416,CSRブランディング,,CSRブランディングに関連する業務用語。,Concept,ESG
417,CSR（Corporate Social Responsibility）,,CSR（Corporate Social Responsibility）に関連する業務用語。,Concept,ESG
418,CSV,Creating Shared Value,CSVに関連する業務用語。,Concept,共通
419,CTA（商品投資顧問）,,CTA（商品投資顧問）に関連する業務用語。,Concept,共通
420,CTI,,CTIに関連する業務用語。,Concept,共通
421,CTO,,CTOに関連する業務用語。,Entity,ガバナンス
422,CZK,,CZKに関連する業務用語。,Concept,共通
423,CoCo,,CoCoに関連する業務用語。,Concept,共通
424,Cost Accounting（原価計算）,,Cost Accounting（原価計算）に関連する業務用語。,Metric,会計
425,Covered warrant,,Covered warrantに関連する業務用語。,Concept,共通
426,CxO,,CxOに関連する業務用語。,Concept,共通
427,C重油,,C重油に関連する業務用語。,Concept,共通
428,D-SIBs,,D-SIBsに関連する業務用語。,Concept,共通
429,D/Eレシオ,Debt-to-Equity Ratio,D/Eレシオに関連する業務用語。,Concept,共通
430,DAO,,DAOに関連する業務用語。,Concept,共通
431,DAP（Delivery Against Payment）,,DAP（Delivery Against Payment）に関連する業務用語。,Concept,共通
432,DAU,Daily Active Users,DAUに関連する業務用語。,Concept,共通
433,DAX,,DAXに関連する業務用語。,Concept,共通
434,DAX指数,,DAX指数に関連する業務用語。,Concept,共通
435,DC,,DCに関連する業務用語。,Concept,共通
436,DCF,,割引キャッシュフロー法。将来CFを割引率で現在価値に換算してバリュエーションする手法。,Document,会計
437,DCF方式,,DCF方式に関連する業務用語。,Document,会計
438,DCF法,,DCF法に関連する業務用語。,Document,会計
439,DCF（割引キャッシュフロー法）,DCF (Discounted Cash Flow),DCF（割引キャッシュフロー法）に関連する業務用語。,Document,会計
440,DES,,DESに関連する業務用語。,Concept,共通
441,DES（Debt Equity Swap）,,DES（Debt Equity Swap）に関連する業務用語。,Concept,共通
442,DEX,,DEXに関連する業務用語。,Concept,共通
443,DEレシオ,,DEレシオに関連する業務用語。,Concept,共通
444,DI,,DIに関連する業務用語。,Concept,共通
445,DKK,,DKKに関連する業務用語。,Concept,共通
446,DMI,,DMIに関連する業務用語。,Concept,共通
447,DOE,,DOEに関連する業務用語。,Concept,共通
448,DR,,DRに関連する業務用語。,Concept,共通
449,DSA,,DSAに関連する業務用語。,Concept,共通
450,DSCR,,DSCRに関連する業務用語。,Concept,共通
451,DVP（Delivery Versus Payment）,,DVP（Delivery Versus Payment）に関連する業務用語。,Concept,共通
452,DeFi,,DeFiに関連する業務用語。,Concept,共通
453,Dealer,,Dealerに関連する業務用語。,Concept,共通
454,Dealing,,Dealingに関連する業務用語。,Concept,共通
455,Debt finance,,Debt financeに関連する業務用語。,Concept,共通
456,Deutsche Aktien Index,,Deutsche Aktien Indexに関連する業務用語。,Concept,共通
457,Dow Jones 30-Stock Industrial Average,,Dow Jones 30-Stock Industrial Averageに関連する業務用語。,Concept,共通
458,Due Diligence,,Due Diligenceに関連する業務用語。,Concept,共通
459,E&P,Exploration and Production,E&Pに関連する業務用語。,Concept,共通
460,EBIT,Earnings Before Interest and Taxes,EBITに関連する業務用語。,Metric,財務分析
461,EBITDA,"Earnings Before Interest, Taxes, Depreciation and Amortization",利息・税金・減価償却・償却前利益。企業の営業キャッシュ創出力を示す。,Metric,財務分析
462,EBIT（利息及び税金控除前利益）,,EBIT（利息及び税金控除前利益）に関連する業務用語。,Metric,財務分析
463,EBRD,,EBRDに関連する業務用語。,Concept,共通
464,EB債,,EB債に関連する業務用語。,Concept,共通
465,EC,E-commerce,ECに関連する業務用語。,Concept,共通
466,ECB,,ECBに関連する業務用語。,Concept,投資
467,ECB理事会,,ECB理事会に関連する業務用語。,Concept,投資
468,ECOプログラム（Expanded Confinacing Operations Program）,,ECOプログラム（Expanded Confinacing Operations Program）に関連する業務用語。,Concept,共通
469,EDGAR,,EDGARに関連する業務用語。,Concept,共通
470,EDI,,EDIに関連する業務用語。,Concept,共通
471,EDINET,,EDINETに関連する業務用語。,Concept,共通
472,EIA週間石油統計,,EIA週間石油統計に関連する業務用語。,Concept,共通
473,EIRR,,EIRRに関連する業務用語。,Metric,財務分析
474,ELA,,ELAに関連する業務用語。,Concept,共通
475,EMS,,EMSに関連する業務用語。,Concept,共通
476,EONIA,,EONIAに関連する業務用語。,Concept,共通
477,EPA,,EPAに関連する業務用語。,Concept,共通
478,EPA会計,,EPA会計に関連する業務用語。,Document,会計
479,EPS,Earnings Per Share,1株当たり当期純利益。当期純利益÷発行済株式数。,Metric,財務分析
480,EPS(1株当たり利益),,EPS(1株当たり利益)に関連する業務用語。,Metric,財務分析
481,EPS（1株あたり利益）,,EPS（1株あたり利益）に関連する業務用語。,Metric,財務分析
482,EPS（1株当たり利益）,,EPS（1株当たり利益）に関連する業務用語。,Metric,財務分析
483,EPS（Earnings Per Share）,,EPS（Earnings Per Share）に関連する業務用語。,Metric,財務分析
484,ERM,Enterprise Risk Management,ERMに関連する業務用語。,Concept,共通
485,ERM2,,ERM2に関連する業務用語。,Concept,共通
486,ERP,,ERPに関連する業務用語。,Concept,共通
487,ERP（イーアールピー）,,ERP（イーアールピー）に関連する業務用語。,Concept,共通
488,ESG投資,ESG Investment,ESG投資に関連する業務用語。,Concept,ESG
489,ESM,,ESMに関連する業務用語。,Concept,共通
490,ESOP,,ESOPに関連する業務用語。,Concept,共通
491,ESPフォーキャスト調査,,ESPフォーキャスト調査に関連する業務用語。,Concept,共通
492,ES（従業員満足度）,,ES（従業員満足度）に関連する業務用語。,Entity,人事
493,ETC,,ETCに関連する業務用語。,Concept,共通
494,ETN,,ETNに関連する業務用語。,Concept,共通
495,ETP,,ETPに関連する業務用語。,Concept,共通
496,EU,,EUに関連する業務用語。,Concept,共通
497,EUREX,,EUREXに関連する業務用語。,Concept,共通
498,EV/EBIT,,EV/EBITに関連する業務用語。,Metric,財務分析
499,EV/EBITDA倍率,,EV/EBITDA倍率に関連する業務用語。,Metric,財務分析
500,EV/EVITDA倍率,,EV/EVITDA倍率に関連する業務用語。,Metric,財務分析
501,EVA,,EVAに関連する業務用語。,Metric,財務分析
502,EVAドライバー,,EVAドライバーに関連する業務用語。,Metric,財務分析
503,Equity method,,Equity methodに関連する業務用語。,Concept,共通
504,FAAA,,FAAAに関連する業務用語。,Concept,共通
505,FAANG,,FAANGに関連する業務用語。,Concept,共通
506,FAK,,FAKに関連する業務用語。,Concept,共通
507,FANG,,FANGに関連する業務用語。,Concept,共通
508,FAQ,,FAQに関連する業務用語。,Concept,共通
509,FAS,,FASに関連する業務用語。,Concept,共通
510,FATCA,,FATCAに関連する業務用語。,Concept,共通
511,FATF,,FATFに関連する業務用語。,Concept,共通
512,FB,,FBに関連する業務用語。,Concept,共通
513,FB（Financing Bills）,,FB（Financing Bills）に関連する業務用語。,Concept,共通
514,FDI（Foreign Direct Investment）,,FDI（Foreign Direct Investment）に関連する業務用語。,Concept,共通
515,FDルール,,FDルールに関連する業務用語。,Concept,共通
516,FFO,,FFOに関連する業務用語。,Concept,共通
517,FFレート,,FFレートに関連する業務用語。,Concept,共通
518,FF金利,,FF金利に関連する業務用語。,Concept,共通
519,FINRA,,FINRAに関連する業務用語。,Concept,ガバナンス
520,FLOOR,,FLOORに関連する業務用語。,Concept,共通
521,FOB,,FOBに関連する業務用語。,Concept,共通
522,FOK,,FOKに関連する業務用語。,Concept,共通
523,FOMC,,FOMCに関連する業務用語。,Concept,共通
524,FP,,FPに関連する業務用語。,Concept,共通
525,FRA,,FRAに関連する業務用語。,Concept,共通
526,FSB,,FSBに関連する業務用語。,Concept,共通
527,FT-Stock Exchange 100 Index,,FT-Stock Exchange 100 Indexに関連する業務用語。,Concept,共通
528,FT100,,FT100に関連する業務用語。,Concept,共通
529,FT100指数,,FT100指数に関連する業務用語。,Concept,共通
530,FTA（自由貿易協定）,,FTA（自由貿易協定）に関連する業務用語。,Concept,共通
531,FTSE All-World Index,,FTSE All-World Indexに関連する業務用語。,Concept,共通
532,FTSE100指数,,FTSE100指数に関連する業務用語。,Concept,共通
533,FTSE100種総合株価指数,,FTSE100種総合株価指数に関連する業務用語。,Concept,財務分析
534,FTSE世界国債インデックス,,FTSE世界国債インデックスに関連する業務用語。,Concept,投資
535,FTSE中国25,,FTSE中国25に関連する業務用語。,Concept,共通
536,FTSE全世界指数,,FTSE全世界指数に関連する業務用語。,Concept,共通
537,FTSE全世界株価指数,,FTSE全世界株価指数に関連する業務用語。,Concept,財務分析
538,FTSE台湾50,,FTSE台湾50に関連する業務用語。,Concept,共通
539,FX,,FXに関連する業務用語。,Concept,投資
540,FX取引,,FX取引に関連する業務用語。,Concept,投資
541,Fed,,Fedに関連する業務用語。,Concept,共通
542,Form 10-k,,Form 10-kに関連する業務用語。,Concept,共通
543,G-SIBs,,G-SIBsに関連する業務用語。,Concept,共通
544,G-SIFIs,,G-SIFIsに関連する業務用語。,Concept,共通
545,G-SIIs,,G-SIIsに関連する業務用語。,Concept,共通
546,G20,,G20に関連する業務用語。,Concept,共通
547,G5,,G5に関連する業務用語。,Concept,共通
548,G7,,G7に関連する業務用語。,Concept,共通
549,G8,,G8に関連する業務用語。,Concept,共通
550,GAAP,,GAAPに関連する業務用語。,Concept,共通
551,GAFA,,GAFAに関連する業務用語。,Concept,共通
552,GARP型,,GARP型に関連する業務用語。,Concept,共通
553,GATT,,GATTに関連する業務用語。,Concept,共通
554,GBP,,GBPに関連する業務用語。,Concept,共通
555,GDE,,GDEに関連する業務用語。,Concept,共通
556,GDI,,GDIに関連する業務用語。,Concept,共通
557,GDP,,GDPに関連する業務用語。,Concept,共通
558,GDPR,General Data Protection Regulation,GDPRに関連する業務用語。,Concept,ガバナンス
559,GDPギャップ,,GDPギャップに関連する業務用語。,Concept,共通
560,GDPデフレーター,,GDPデフレーターに関連する業務用語。,Concept,共通
561,GDP成長率,,GDP成長率に関連する業務用語。,Concept,共通
562,GDP統計（米国）,,GDP統計（米国）に関連する業務用語。,Concept,共通
563,GDR,,GDRに関連する業務用語。,Concept,共通
564,GFD,,GFDに関連する業務用語。,Concept,共通
565,GHG排出量,GHG Emissions,GHG排出量に関連する業務用語。,Concept,ESG
566,GICS,,GICSに関連する業務用語。,Concept,共通
567,GLOBEX,,GLOBEXに関連する業務用語。,Concept,共通
568,GMMAチャート,,GMMAチャートに関連する業務用語。,Concept,共通
569,GNI,,GNIに関連する業務用語。,Concept,共通
570,GNP,,GNPに関連する業務用語。,Concept,共通
571,GPIF,,GPIFに関連する業務用語。,Concept,共通
572,GQP,,GQPに関連する業務用語。,Concept,共通
573,GRP(延べ視聴率),,GRP(延べ視聴率)に関連する業務用語。,Concept,共通
574,GSE,,GSEに関連する業務用語。,Concept,共通
575,GTC,,GTCに関連する業務用語。,Concept,共通
576,GTD,,GTDに関連する業務用語。,Concept,共通
577,GUI（ジーユーアイ）,,GUI（ジーユーアイ）に関連する業務用語。,Concept,共通
578,GVP,,GVPに関連する業務用語。,Concept,共通
579,Google広告,,Google広告に関連する業務用語。,Concept,マーケティング
580,Greeks,,Greeksに関連する業務用語。,Concept,共通
581,HFR,,HFRに関連する業務用語。,Concept,共通
582,HFRXグローバル・ヘッジファンド・インデックス,,HFRXグローバル・ヘッジファンド・インデックスに関連する業務用語。,Concept,投資
583,HFRX指数,,HFRX指数に関連する業務用語。,Concept,共通
584,HIBOR,,HIBORに関連する業務用語。,Concept,共通
585,HKD,,HKDに関連する業務用語。,Concept,共通
586,HLバンド,,HLバンドに関連する業務用語。,Concept,共通
587,HPO（Hybrid Private Offering）,,HPO（Hybrid Private Offering）に関連する業務用語。,Concept,共通
588,HR,,HRに関連する業務用語。,Process,人事
589,HRシステム,,HRシステムに関連する業務用語。,Process,人事
590,HRテック,,HRテックに関連する業務用語。,Process,人事
591,HRポリシー,,HRポリシーに関連する業務用語。,Process,人事
592,HUF,,HUFに関連する業務用語。,Concept,共通
593,HV,,HVに関連する業務用語。,Concept,共通
594,Hang Seng Index,,Hang Seng Indexに関連する業務用語。,Concept,共通
595,H株指数,,H株指数に関連する業務用語。,Concept,共通
596,IASB,,IASBに関連する業務用語。,Concept,共通
597,IBEX35指数,,IBEX35指数に関連する業務用語。,Concept,共通
598,IBF,,IBFに関連する業務用語。,Concept,共通
599,IBRD,,IBRDに関連する業務用語。,Concept,共通
600,ICO,,ICOに関連する業務用語。,Concept,共通
601,ICSID,,ICSIDに関連する業務用語。,Concept,共通
602,ICT,,ICTに関連する業務用語。,Concept,共通
603,IDA,,IDAに関連する業務用語。,Concept,共通
604,IDB,,IDBに関連する業務用語。,Concept,共通
605,IFA,,IFAに関連する業務用語。,Concept,共通
606,IFC,,IFCに関連する業務用語。,Concept,共通
607,IIF,,IIFに関連する業務用語。,Concept,共通
608,ILO失業率,,ILO失業率に関連する業務用語。,Concept,共通
609,IMF,,IMFに関連する業務用語。,Concept,共通
610,IMM,,IMMに関連する業務用語。,Concept,共通
611,INR,,INRに関連する業務用語。,Concept,共通
612,IOC,,IOCに関連する業務用語。,Concept,共通
613,IOC注文,,IOC注文に関連する業務用語。,Concept,共通
614,IOC注文成行,,IOC注文成行に関連する業務用語。,Concept,共通
615,IOC注文指値,,IOC注文指値に関連する業務用語。,Concept,共通
616,IOSCO,,IOSCOに関連する業務用語。,Concept,ガバナンス
617,IPEF,,IPEFに関連する業務用語。,Concept,共通
618,IPO（Initial Public Offering）,,IPO（Initial Public Offering）に関連する業務用語。,Event,投資
619,IP戦略,Intellectual Property Strategy,IP戦略に関連する業務用語。,Concept,共通
620,IR,Investor Relations,IRに関連する業務用語。,Concept,共通
621,IRR,,内部収益率。プロジェクトのNPVがゼロになる割引率。,Metric,財務分析
622,IRR（内部収益率),,IRR（内部収益率)に関連する業務用語。,Metric,財務分析
623,IRR（内部収益率）,IRR (Internal Rate of Return),IRR（内部収益率）に関連する業務用語。,Metric,財務分析
624,IRS,,IRSに関連する業務用語。,Concept,共通
625,IRミーティング,IR Meeting,IRミーティングに関連する業務用語。,Concept,共通
626,ISA,,ISAに関連する業務用語。,Concept,共通
627,ISDA,,ISDAに関連する業務用語。,Concept,共通
628,ISINコード,,ISINコードに関連する業務用語。,Concept,共通
629,ISM製造業・非製造業景況指数,,ISM製造業・非製造業景況指数に関連する業務用語。,Process,製造
630,ISM製造業景気指数,,ISM製造業景気指数に関連する業務用語。,Process,製造
631,ISM製造業景況指数（米国）,,ISM製造業景況指数（米国）に関連する業務用語。,Process,製造
632,ISO規格,,ISO規格に関連する業務用語。,Process,製造
633,ISS,,ISSに関連する業務用語。,Concept,共通
634,ITM,,ITMに関連する業務用語。,Concept,共通
635,ITコンサルティング,IT Consulting,ITコンサルティングに関連する業務用語。,Concept,共通
636,ITバブル,,ITバブルに関連する業務用語。,Concept,共通
637,IV,,IVに関連する業務用語。,Concept,共通
638,IaaS,,IaaSに関連する業務用語。,Concept,経営戦略
639,Ifo景況感指数,,Ifo景況感指数に関連する業務用語。,Concept,共通
640,Investment Bank,,Investment Bankに関連する業務用語。,Concept,共通
641,IoT,,IoTに関連する業務用語。,Concept,経営戦略
642,Ivey購買担当者景況感指数,,Ivey購買担当者景況感指数に関連する業務用語。,Concept,調達
643,J-GATE,,J-GATEに関連する業務用語。,Concept,共通
644,J-NETデリバティブ取引,,J-NETデリバティブ取引に関連する業務用語。,Concept,投資
645,J-NET取引,,J-NET取引に関連する業務用語。,Concept,共通
646,J-REIT,,J-REITに関連する業務用語。,Concept,共通
647,J-Ships,,J-Shipsに関連する業務用語。,Concept,共通
648,JASDAQ,,JASDAQに関連する業務用語。,Concept,共通
649,JCR,,JCRに関連する業務用語。,Concept,共通
650,JDR,,JDRに関連する業務用語。,Concept,共通
651,JMIS,,JMISに関連する業務用語。,Concept,共通
652,JOM,,JOMに関連する業務用語。,Concept,共通
653,JPX,,JPXに関連する業務用語。,Concept,共通
654,JPX日経400,,JPX日経400に関連する業務用語。,Concept,共通
655,JPX日経インデックス400,,JPX日経インデックス400に関連する業務用語。,Metric,投資
656,JPY,,JPYに関連する業務用語。,Concept,共通
657,JPモルガンGBI-EMグローバル・ダイバーシファイド,,JPモルガンGBI-EMグローバル・ダイバーシファイドに関連する業務用語。,Entity,共通
658,JSCC,,JSCCに関連する業務用語。,Concept,共通
659,Jカーブ効果,,Jカーブ効果に関連する業務用語。,Concept,共通
660,KBF,,KBFに関連する業務用語。,Concept,共通
661,KCBT,,KCBTに関連する業務用語。,Concept,投資
662,KGI,Key Goal Indicator,KGIに関連する業務用語。,Concept,経営戦略
663,KGI（重要目標達成指標）,KGI (Key Goal Indicator),KGI（重要目標達成指標）に関連する業務用語。,Concept,経営戦略
664,KJ法,,KJ法に関連する業務用語。,Concept,共通
665,KODEX200,,KODEX200に関連する業務用語。,Concept,共通
666,KOFスイス先行指数,,KOFスイス先行指数に関連する業務用語。,Concept,共通
667,KOSPI200指数,,KOSPI200指数に関連する業務用語。,Concept,共通
668,KPI（ケーピーアイ）,,KPI（ケーピーアイ）に関連する業務用語。,Concept,経営戦略
669,KPI（重要業績評価指標）,KPI (Key Performance Indicator),KPI（重要業績評価指標）に関連する業務用語。,Concept,経営戦略
670,KRW,,KRWに関連する業務用語。,Concept,共通
671,KSF,,KSFに関連する業務用語。,Concept,共通
672,Kレシオ,,Kレシオに関連する業務用語。,Concept,共通
673,LBO（Leveraged Buyout）,,LBO（Leveraged Buyout）に関連する業務用語。,Event,投資
674,LCA,,LCAに関連する業務用語。,Concept,共通
675,LGBT,,LGBTに関連する業務用語。,Concept,共通
676,LME,,LMEに関連する業務用語。,Concept,共通
677,LNG,Liquefied Natural Gas,LNGに関連する業務用語。,Concept,共通
678,LOC(ローカス・オブ・コントロール),,LOC(ローカス・オブ・コントロール)に関連する業務用語。,Concept,共通
679,LOIM&AMECE（ミッシー）,,LOIM&AMECE（ミッシー）に関連する業務用語。,Process,M&A
680,LTCM,,LTCMに関連する業務用語。,Concept,共通
681,LTV,Lifetime Value,顧客生涯価値。1顧客が取引期間全体にもたらす収益の現在価値。,Concept,営業
682,LTV（顧客生涯価値）,LTV (Lifetime Value),LTV（顧客生涯価値）に関連する業務用語。,Concept,営業
683,Lead managing underwriter,,Lead managing underwriterに関連する業務用語。,Concept,共通
684,League table,,League tableに関連する業務用語。,Concept,共通
685,M&A（合併・買収）,M&A (Mergers & Acquisitions),M&A（合併・買収）に関連する業務用語。,Process,M&A
686,MACD,,MACDに関連する業務用語。,Concept,共通
687,MANT,,MANTに関連する業務用語。,Concept,共通
688,MAU,Monthly Active Users,MAUに関連する業務用語。,Concept,共通
689,MBA住宅ローン申請指数,,MBA住宅ローン申請指数に関連する業務用語。,Process,金融
690,MBB,,MBBに関連する業務用語。,Concept,共通
691,MBI,,MBIに関連する業務用語。,Concept,共通
692,MBO(目標管理),,MBO(目標管理)に関連する業務用語。,Event,投資
693,MBO（Management Buyout）,,MBO（Management Buyout）に関連する業務用語。,Event,投資
694,MBS,,MBSに関連する業務用語。,Document,会計
695,MD&A,Management's Discussion and Analysis,MD&Aに関連する業務用語。,Concept,共通
696,MDGs,,MDGsに関連する業務用語。,Concept,共通
697,MEBO,,MEBOに関連する業務用語。,Concept,共通
698,MEBO（Management Employee Buyout）,,MEBO（Management Employee Buyout）に関連する業務用語。,Concept,共通
699,MECE,,MECEに関連する業務用語。,Concept,共通
700,MECE（ミーシー）,MECE (Mutually Exclusive,MECE（ミーシー）に関連する業務用語。,Concept,共通
701,MENA,,MENAに関連する業務用語。,Concept,共通
702,MFTフレーム,,MFTフレームに関連する業務用語。,Concept,共通
703,MIB30指数,,MIB30指数に関連する業務用語。,Concept,共通
704,MIGA,,MIGAに関連する業務用語。,Concept,共通
705,MLP,,MLPに関連する業務用語。,Concept,共通
706,MMF,,MMFに関連する業務用語。,Concept,共通
707,MMT,,MMTに関連する業務用語。,Concept,共通
708,MM理論,,MM理論に関連する業務用語。,Concept,共通
709,MOU（Memorandum of Understanding）,,MOU（Memorandum of Understanding）に関連する業務用語。,Concept,共通
710,MPO,,MPOに関連する業務用語。,Concept,共通
711,MPO（Multiple Private Offering）,,MPO（Multiple Private Offering）に関連する業務用語。,Concept,共通
712,MR,,MRに関連する業務用語。,Concept,共通
713,MRF,,MRFに関連する業務用語。,Concept,共通
714,MRR（月次経常収益）,MRR (Monthly Recurring Revenue),MRR（月次経常収益）に関連する業務用語。,Metric,財務分析
715,MSCB,,MSCBに関連する業務用語。,Concept,投資
716,MSCB（Moving Strike Convertible Bond）,,MSCB（Moving Strike Convertible Bond）に関連する業務用語。,Concept,投資
717,MSCI-KOKUSAI指数,,MSCI-KOKUSAI指数に関連する業務用語。,Concept,経営戦略
718,MSCIインデックス,,MSCIインデックスに関連する業務用語。,Metric,投資
719,MSCIエマージング・マーケット・インデックス,,MSCIエマージング・マーケット・インデックスに関連する業務用語。,Metric,投資
720,MSCIワールド,MSCI World,MSCIワールドに関連する業務用語。,Concept,共通
721,MSCI世界株価指数,,MSCI世界株価指数に関連する業務用語。,Concept,財務分析
722,MSCI指数,,MSCI指数に関連する業務用語。,Concept,共通
723,MTN,,MTNに関連する業務用語。,Concept,共通
724,MTNプログラム,Medium-term Note Program,MTNプログラムに関連する業務用語。,Concept,共通
725,MVA,,MVAに関連する業務用語。,Concept,共通
726,MVNO,,MVNOに関連する業務用語。,Concept,共通
727,MXN,,MXNに関連する業務用語。,Concept,共通
728,MaaS,,MaaSに関連する業務用語。,Concept,共通
729,Mandate,,Mandateに関連する業務用語。,Concept,共通
730,MiFID,,MiFIDに関連する業務用語。,Concept,共通
731,MiFID2,,MiFID2に関連する業務用語。,Concept,共通
732,NAPM指数,,NAPM指数に関連する業務用語。,Concept,共通
733,NASDAQ,,NASDAQに関連する業務用語。,Concept,投資
734,NAV,,NAVに関連する業務用語。,Concept,共通
735,NCD,,NCDに関連する業務用語。,Concept,共通
736,NCF,,NCFに関連する業務用語。,Document,会計
737,NDF,,NDFに関連する業務用語。,Concept,共通
738,NFT,,NFTに関連する業務用語。,Concept,共通
739,NGO,,NGOに関連する業務用語。,Concept,共通
740,NISA,,NISAに関連する業務用語。,Concept,共通
741,NISA（ニーサ）,,NISA（ニーサ）に関連する業務用語。,Concept,共通
742,NOI,,NOIに関連する業務用語。,Concept,共通
743,NOI利回り,,NOI利回りに関連する業務用語。,Concept,共通
744,NOMURA-BPI,,NOMURA-BPIに関連する業務用語。,Concept,共通
745,NOMURA-BPI総合指数,,NOMURA-BPI総合指数に関連する業務用語。,Concept,共通
746,NPO法人,,NPO法人に関連する業務用語。,Entity,共通
747,NPS,Net Promoter Score,ネットプロモータースコア。顧客ロイヤルティを数値化した指標（-100〜100）。,Concept,営業
748,NPS（ネット・プロモーター・スコア）,NPS (Net Promoter Score),NPS（ネット・プロモーター・スコア）に関連する業務用語。,Concept,営業
749,NPV,,正味現在価値。将来CFの現在価値合計から初期投資を差し引いた値。,Metric,財務分析
750,NPV（正味現在価値）,NPV (Net Present Value),NPV（正味現在価値）に関連する業務用語。,Metric,財務分析
751,NT倍率,,NT倍率に関連する業務用語。,Concept,共通
752,NYMEX,,NYMEXに関連する業務用語。,Concept,共通
753,NYSE,,NYSEに関連する業務用語。,Concept,投資
754,NYSEユーロネクスト,,NYSEユーロネクストに関連する業務用語。,Concept,投資
755,NYオプションカット,,NYオプションカットに関連する業務用語。,Concept,投資
756,NYダウ工業株30種,,NYダウ工業株30種に関連する業務用語。,Concept,共通
757,NZD,,NZDに関連する業務用語。,Concept,共通
758,O2O,,O2Oに関連する業務用語。,Concept,共通
759,ODA,,ODAに関連する業務用語。,Concept,共通
760,OECD,,OECDに関連する業務用語。,Concept,共通
761,OECD景気先行指数,,OECD景気先行指数に関連する業務用語。,Concept,共通
762,OECD景気先行指数（CLI）,,OECD景気先行指数（CLI）に関連する業務用語。,Concept,共通
763,OEM,,OEMに関連する業務用語。,Concept,共通
764,OIS,,OISに関連する業務用語。,Concept,共通
765,OJT,,OJTに関連する業務用語。,Concept,共通
766,OMR,,OMRに関連する業務用語。,Concept,共通
767,OMS,,OMSに関連する業務用語。,Concept,共通
768,OMXコペンハーゲン20指数,,OMXコペンハーゲン20指数に関連する業務用語。,Concept,共通
769,OMXストックホルム30指数,,OMXストックホルム30指数に関連する業務用語。,Concept,共通
770,OMXヘルシンキ25指数,,OMXヘルシンキ25指数に関連する業務用語。,Concept,共通
771,OOH,,OOHに関連する業務用語。,Concept,共通
772,OPEC,,OPECに関連する業務用語。,Concept,共通
773,OPEC（石油輸出国機構）,,OPEC（石油輸出国機構）に関連する業務用語。,Concept,共通
774,OSCI,,OSCIに関連する業務用語。,Concept,共通
775,OTC,,OTCに関連する業務用語。,Concept,共通
776,OTM,,OTMに関連する業務用語。,Concept,共通
777,Off balance sheet,,Off balance sheetに関連する業務用語。,Concept,共通
778,OffJT,,OffJTに関連する業務用語。,Concept,共通
779,Outperform,,Outperformに関連する業務用語。,Concept,共通
780,Over allotment,,Over allotmentに関連する業務用語。,Concept,共通
781,Overweight,,Overweightに関連する業務用語。,Concept,共通
782,P/L,,P/Lに関連する業務用語。,Concept,共通
783,P2P,,P2Pに関連する業務用語。,Concept,共通
784,P2Pレンディング,,P2Pレンディングに関連する業務用語。,Concept,共通
785,PB,,PBに関連する業務用語。,Concept,共通
786,PBO（Projected Benefit Obligation）,,PBO（Projected Benefit Obligation）に関連する業務用語。,Concept,共通
787,PBR,Price-to-Book Ratio,株価純資産倍率。株価÷BPS。株価が純資産の何倍かを示す投資指標。,Metric,財務分析
788,PBR（株価純資産倍率）,,PBR（株価純資産倍率）に関連する業務用語。,Concept,会計
789,PCEデフレーター,,PCEデフレーターに関連する業務用語。,Concept,共通
790,PCFR,,PCFRに関連する業務用語。,Document,会計
791,PCR,Price-to-Cash-Flow Ratio,PCRに関連する業務用語。,Concept,共通
792,PDCA,Plan-Do-Check-Act,PDCAに関連する業務用語。,Concept,共通
793,PDCAサイクル,,PDCAサイクルに関連する業務用語。,Concept,共通
794,PER,Price-to-Earnings Ratio,株価収益率。株価÷EPS。株価が利益の何倍かを示す投資指標。,Metric,財務分析
795,PER（Price Earnings Ratio）,,PER（Price Earnings Ratio）に関連する業務用語。,Metric,財務分析
796,PER（株価収益率）,,PER（株価収益率）に関連する業務用語。,Metric,財務分析
797,PEST分析,PEST Analysis,PEST分析に関連する業務用語。,Concept,経営戦略
798,PIIGS,,PIIGSに関連する業務用語。,Concept,共通
799,PIPEs,,PIPEsに関連する業務用語。,Concept,共通
800,PLM（ピーエルエム）,,PLM（ピーエルエム）に関連する業務用語。,Concept,共通
801,PLN,,PLNに関連する業務用語。,Concept,共通
802,PL法,,PL法に関連する業務用語。,Concept,共通
803,PMI（買収後統合）,PMI (Post-Merger Integration),PMI（買収後統合）に関連する業務用語。,Process,M&A
804,PMO（ピーエムオー）,,PMO（ピーエムオー）に関連する業務用語。,Process,共通
805,PM理論,,PM理論に関連する業務用語。,Concept,共通
806,POP,,POPに関連する業務用語。,Concept,共通
807,POP広告,,POP広告に関連する業務用語。,Concept,マーケティング
808,POS,,POSに関連する業務用語。,Concept,共通
809,PO（Public Offering）,,PO（Public Offering）に関連する業務用語。,Concept,共通
810,PPA,,PPAに関連する業務用語。,Concept,共通
811,PPI,,PPIに関連する業務用語。,Concept,共通
812,PPM（プロダクト･ポートフォリオ･マネジメント）,,PPM（プロダクト･ポートフォリオ･マネジメント）に関連する業務用語。,Concept,投資
813,PSI20指数,,PSI20指数に関連する業務用語。,Concept,共通
814,PSR,,PSRに関連する業務用語。,Concept,共通
815,PTS,,PTSに関連する業務用語。,Concept,共通
816,PaaS,,PaaSに関連する業務用語。,Concept,経営戦略
817,PoC,,PoCに関連する業務用語。,Concept,共通
818,Portfolio manager,,Portfolio managerに関連する業務用語。,Concept,共通
819,Q-Board,,Q-Boardに関連する業務用語。,Concept,共通
820,QDII,,QDIIに関連する業務用語。,Concept,共通
821,QE,,QEに関連する業務用語。,Concept,共通
822,QE2,,QE2に関連する業務用語。,Concept,共通
823,QE3,,QE3に関連する業務用語。,Concept,共通
824,QFII,,QFIIに関連する業務用語。,Concept,共通
825,QRコード決済,,QRコード決済に関連する業務用語。,Concept,共通
826,QUICKコンセンサス,,QUICKコンセンサスに関連する業務用語。,Concept,財務分析
827,Qボード,,Qボードに関連する業務用語。,Concept,共通
828,R&D,,R&Dに関連する業務用語。,Concept,共通
829,R&I,,R&Iに関連する業務用語。,Concept,共通
830,R2,,R2に関連する業務用語。,Concept,共通
831,RACI,RACI (Responsible,RACIに関連する業務用語。,Concept,経営戦略
832,RCEP,,RCEPに関連する業務用語。,Concept,共通
833,RCI,,RCIに関連する業務用語。,Concept,共通
834,RDEI,,RDEIに関連する業務用語。,Concept,共通
835,REIT,,REITに関連する業務用語。,Concept,共通
836,RFI,,RFIに関連する業務用語。,Concept,共通
837,RFM分析,,RFM分析に関連する業務用語。,Concept,共通
838,RFP,,RFPに関連する業務用語。,Concept,共通
839,RICI（R）,,RICI（R）に関連する業務用語。,Concept,共通
840,RICS住宅価格指数,,RICS住宅価格指数に関連する業務用語。,Concept,共通
841,RMBS,,RMBSに関連する業務用語。,Document,会計
842,ROA,Return on Assets,総資産利益率。当期純利益÷総資産×100で算出。資産活用の効率性を示す。,Metric,財務分析
843,ROA（Return On Asset）,,ROA（Return On Asset）に関連する業務用語。,Metric,財務分析
844,ROA（総資産利益率）,,ROA（総資産利益率）に関連する業務用語。,Concept,会計
845,ROC,,ROCに関連する業務用語。,Concept,共通
846,ROCE(使用資本利益率),,ROCE(使用資本利益率)に関連する業務用語。,Concept,共通
847,ROE,Return on Equity,自己資本利益率。当期純利益÷自己資本×100で算出。株主への収益効率を示す。,Metric,財務分析
848,ROE（Return On Equity）,,ROE（Return On Equity）に関連する業務用語。,Metric,財務分析
849,ROE（自己資本利益率）,,ROE（自己資本利益率）に関連する業務用語。,Concept,会計
850,ROI,Return on Investment,ROIに関連する業務用語。,Metric,財務分析
851,ROIC,Return on Invested Capital,投下資本利益率。事業に投下した資本に対するリターンを示す。,Metric,財務分析
852,ROI（投資対効果）,ROI (Return on Investment),ROI（投資対効果）に関連する業務用語。,Metric,財務分析
853,RON,,RONに関連する業務用語。,Concept,共通
854,RPA,,RPAに関連する業務用語。,Concept,共通
855,RR分類,,RR分類に関連する業務用語。,Concept,共通
856,RSI,,RSIに関連する業務用語。,Concept,共通
857,RTGS,,RTGSに関連する業務用語。,Concept,共通
858,RTGS（Real Time Gross Settlement）,,RTGS（Real Time Gross Settlement）に関連する業務用語。,Concept,共通
859,RTS指数,,RTS指数に関連する業務用語。,Concept,共通
860,RUB,,RUBに関連する業務用語。,Concept,共通
861,RegTech,,RegTechに関連する業務用語。,Concept,共通
862,S&P,S&P Global Ratings,S&Pに関連する業務用語。,Concept,共通
863,S&P/TOPIX 150先物,,S&P/TOPIX 150先物に関連する業務用語。,Concept,投資
864,S&P/TOPIX150,,S&P/TOPIX150に関連する業務用語。,Concept,共通
865,S&P/TOPIX150オプション,,S&P/TOPIX150オプションに関連する業務用語。,Concept,投資
866,S&P500,,S&P500に関連する業務用語。,Concept,共通
867,S&Pケース・シラー住宅価格指数,,S&Pケース・シラー住宅価格指数に関連する業務用語。,Concept,共通
868,S&P先進国REIT指数,,S&P先進国REIT指数に関連する業務用語。,Concept,共通
869,S&P新興国REIT指数,,S&P新興国REIT指数に関連する業務用語。,Concept,共通
870,SACCI景況感指数,,SACCI景況感指数に関連する業務用語。,Concept,共通
871,SCM,Supply Chain Management,SCMに関連する業務用語。,Concept,調達
872,SCM(サプライチェーン・マネジメント),,SCM(サプライチェーン・マネジメント)に関連する業務用語。,Concept,調達
873,SCM（サプライチェーンマネジメント）,,SCM（サプライチェーンマネジメント）に関連する業務用語。,Concept,調達
874,SDR,,SDRに関連する業務用語。,Concept,共通
875,SEC,,SECに関連する業務用語。,Concept,ガバナンス
876,SECIモデル,,SECIモデルに関連する業務用語。,Concept,ガバナンス
877,SENSEX30指数,,SENSEX30指数に関連する業務用語。,Concept,共通
878,SEO,,SEOに関連する業務用語。,Concept,マーケティング
879,SET指数,,SET指数に関連する業務用語。,Concept,共通
880,SFA(セールスフォース・オートメーション),,SFA(セールスフォース・オートメーション)に関連する業務用語。,Concept,営業
881,SGD,,SGDに関連する業務用語。,Concept,共通
882,SGX,,SGXに関連する業務用語。,Concept,共通
883,SHIBOR,,SHIBORに関連する業務用語。,Concept,共通
884,SIMEX,,SIMEXに関連する業務用語。,Concept,共通
885,SIV,,SIVに関連する業務用語。,Concept,共通
886,SMA,,SMAに関連する業務用語。,Concept,共通
887,SMA（Separately Managed Account）,,SMA（Separately Managed Account）に関連する業務用語。,Concept,共通
888,SMI指数,,SMI指数に関連する業務用語。,Concept,共通
889,SOX指数,,SOX指数に関連する業務用語。,Concept,ガバナンス
890,SPA(製造小売業),,SPA(製造小売業)に関連する業務用語。,Process,M&A
891,SPAN,,SPANに関連する業務用語。,Process,M&A
892,SPAN証拠金額,,SPAN証拠金額に関連する業務用語。,Process,M&A
893,SPC,,SPCに関連する業務用語。,Concept,共通
894,SQ（Special Quotation）,,SQ（Special Quotation）に関連する業務用語。,Concept,共通
895,SRI,Socially Responsible Investment,SRIに関連する業務用語。,Concept,共通
896,SRIファンド,,SRIファンドに関連する業務用語。,Metric,投資
897,SRI（Socially Responsible Investment）,,SRI（Socially Responsible Investment）に関連する業務用語。,Concept,共通
898,STO（セキュリティトークン・オファリング）,,STO（セキュリティトークン・オファリング）に関連する業務用語。,Concept,共通
899,STUPID,,STUPIDに関連する業務用語。,Concept,共通
900,ST倍率,,ST倍率に関連する業務用語。,Concept,共通
901,ST指数,,ST指数に関連する業務用語。,Concept,共通
902,ST（セキュリティトークン）,,ST（セキュリティトークン）に関連する業務用語。,Concept,共通
903,SUNRISE,,SUNRISEに関連する業務用語。,Concept,共通
904,SVME購買担当者景況指数,,SVME購買担当者景況指数に関連する業務用語。,Concept,調達
905,SWF,,SWFに関連する業務用語。,Concept,共通
906,SWX,,SWXに関連する業務用語。,Concept,共通
907,SaaS,Software as a Service,SaaSに関連する業務用語。,Concept,経営戦略
908,Secondary offering,,Secondary offeringに関連する業務用語。,Concept,共通
909,So what?,,So what?に関連する業務用語。,Concept,共通
910,Society5.0,,Society5.0に関連する業務用語。,Concept,共通
911,Strong Buy,,Strong Buyに関連する業務用語。,Concept,共通
912,T+2,,T+2に関連する業務用語。,Concept,共通
913,T-Bill,,T-Billに関連する業務用語。,Concept,共通
914,TAA型,,TAA型に関連する業務用語。,Concept,共通
915,TB,,TBに関連する業務用語。,Concept,共通
916,TCE比率,,TCE比率に関連する業務用語。,Concept,共通
917,TDBインデックス債,,TDBインデックス債に関連する業務用語。,Metric,投資
918,TDnet,,TDnetに関連する業務用語。,Concept,共通
919,TEDスプレッド,,TEDスプレッドに関連する業務用語。,Concept,共通
920,TFP,,TFPに関連する業務用語。,Concept,共通
921,TFX,,TFXに関連する業務用語。,Concept,投資
922,TIBOR,,TIBORに関連する業務用語。,Concept,共通
923,TICAD,,TICADに関連する業務用語。,Concept,共通
924,TICK,,TICKに関連する業務用語。,Concept,共通
925,TLAC,,TLACに関連する業務用語。,Concept,共通
926,TLAC債,,TLAC債に関連する業務用語。,Concept,共通
927,TOCOM,,TOCOMに関連する業務用語。,Process,製造
928,TOKYO PRO Market,,TOKYO PRO Marketに関連する業務用語。,Concept,共通
929,TOKYO PRO-BOND Market,,TOKYO PRO-BOND Marketに関連する業務用語。,Concept,共通
930,TOPIX,,TOPIXに関連する業務用語。,Concept,共通
931,TOPIX Core30,,TOPIX Core30に関連する業務用語。,Concept,共通
932,TOPIX Core30指数先物取引,,TOPIX Core30指数先物取引に関連する業務用語。,Concept,投資
933,TOPIX Large70,,TOPIX Large70に関連する業務用語。,Concept,共通
934,TOPIX Mid400,,TOPIX Mid400に関連する業務用語。,Concept,共通
935,TOPIX Small,,TOPIX Smallに関連する業務用語。,Concept,共通
936,TOPIX100,,TOPIX100に関連する業務用語。,Concept,共通
937,TOPIX1000,,TOPIX1000に関連する業務用語。,Concept,共通
938,TOPIX500,,TOPIX500に関連する業務用語。,Concept,共通
939,TOPIXアジア関連株指数,,TOPIXアジア関連株指数に関連する業務用語。,Concept,共通
940,TOPIXオプション,,TOPIXオプションに関連する業務用語。,Concept,投資
941,TOPIX先物,,TOPIX先物に関連する業務用語。,Concept,投資
942,TPP,,TPPに関連する業務用語。,Concept,共通
943,TPP11,,TPP11に関連する業務用語。,Concept,共通
944,TRY,,TRYに関連する業務用語。,Concept,共通
945,TS倍率,,TS倍率に関連する業務用語。,Concept,共通
946,TTB,,TTBに関連する業務用語。,Concept,共通
947,TTM,,TTMに関連する業務用語。,Concept,共通
948,TTS,,TTSに関連する業務用語。,Concept,共通
949,TWI,,TWIに関連する業務用語。,Concept,共通
950,Target,,Targetに関連する業務用語。,Concept,共通
951,Tier1,,Tier1に関連する業務用語。,Concept,共通
952,Tier2,,Tier2に関連する業務用語。,Concept,共通
953,ToSTNeT取引,,ToSTNeT取引に関連する業務用語。,Concept,共通
954,Treasury bonds,,Treasury bondsに関連する業務用語。,Concept,共通
955,True?,,True?に関連する業務用語。,Concept,共通
956,Tプラス2,,Tプラス2に関連する業務用語。,Concept,共通
957,T＋2,,T＋2に関連する業務用語。,Concept,共通
958,UAW,,UAWに関連する業務用語。,Concept,共通
959,UNCTAD,,UNCTADに関連する業務用語。,Concept,共通
960,US-GAAP,US Generally Accepted Accounting Principles,US-GAAPに関連する業務用語。,Document,会計
961,USD,,USDに関連する業務用語。,Concept,共通
962,USTR,,USTRに関連する業務用語。,Concept,共通
963,Underperform,,Underperformに関連する業務用語。,Concept,共通
964,Underweight,,Underweightに関連する業務用語。,Concept,共通
965,Usance,,Usanceに関連する業務用語。,Concept,共通
966,Uターン注文,,Uターン注文に関連する業務用語。,Concept,共通
967,VA,,VAに関連する業務用語。,Concept,共通
968,VE,,VEに関連する業務用語。,Concept,共通
969,VISTA,,VISTAに関連する業務用語。,Concept,共通
970,VIX指数,,VIX指数に関連する業務用語。,Concept,共通
971,VND,,VNDに関連する業務用語。,Concept,共通
972,VOC（顧客の声）,VOC (Voice of the Customer),VOC（顧客の声）に関連する業務用語。,Concept,営業
973,VR,,VRに関連する業務用語。,Concept,共通
974,VUCA,,VUCAに関連する業務用語。,Concept,共通
975,VWAP,,VWAPに関連する業務用語。,Concept,共通
976,VaR,,VaRに関連する業務用語。,Concept,共通
977,VaRショック,,VaRショックに関連する業務用語。,Concept,共通
978,Vtuber,,Vtuberに関連する業務用語。,Concept,共通
979,WACC,Weighted Average Cost of Capital,加重平均資本コスト。負債コストと株主資本コストを資本構成で加重平均したもの。,Metric,財務分析
980,WACC（加重平均資本コスト）,WACC (Weighted Average Cost of Capital),WACC（加重平均資本コスト）に関連する業務用語。,Metric,財務分析
981,WC,,WCに関連する業務用語。,Concept,共通
982,WMS,,WMSに関連する業務用語。,Concept,共通
983,WPI,,WPIに関連する業務用語。,Concept,共通
984,WTI,,WTIに関連する業務用語。,Concept,共通
985,WTI原油先物,,WTI原油先物に関連する業務用語。,Concept,投資
986,WTO,,WTOに関連する業務用語。,Concept,共通
987,Web2.0,,Web2.0に関連する業務用語。,Concept,共通
988,Web3.0,,Web3.0に関連する業務用語。,Concept,共通
989,Westpac消費者信頼感指数,,Westpac消費者信頼感指数に関連する業務用語。,Concept,共通
990,Why?,,Why?に関連する業務用語。,Concept,共通
991,Win-Win,,Win-Winに関連する業務用語。,Concept,共通
992,Wrap account,,Wrap accountに関連する業務用語。,Concept,共通
993,W指値注文,,W指値注文に関連する業務用語。,Concept,共通
994,XBRL,,XBRLに関連する業務用語。,Concept,共通
995,X理論・Y理論,,X理論・Y理論に関連する業務用語。,Concept,共通
996,YCC,,YCCに関連する業務用語。,Concept,共通
997,Yen Swap,,Yen Swapに関連する業務用語。,Concept,共通
998,ZAR,,ZARに関連する業務用語。,Concept,共通
999,ZEV規制,,ZEV規制に関連する業務用語。,Metric,財務分析
1000,ZEW景況感指数,,ZEW景況感指数に関連する業務用語。,Concept,共通
1001,ZOPA,,ZOPAに関連する業務用語。,Concept,共通
1002,aec,,aecに関連する業務用語。,Concept,共通
1003,bp,,bpに関連する業務用語。,Concept,共通
1004,e-Tax,,e-Taxに関連する業務用語。,Concept,共通
1005,e-tax,,e-taxに関連する業務用語。,Concept,共通
1006,given,,givenに関連する業務用語。,Concept,共通
1007,gpif,,gpifに関連する業務用語。,Concept,共通
1008,iDeCo,,iDeCoに関連する業務用語。,Concept,共通
1009,iDeCo＋,,iDeCo＋に関連する業務用語。,Concept,共通
1010,icタグ,,icタグに関連する業務用語。,Concept,共通
1011,investment banking,,investment bankingに関連する業務用語。,Concept,共通
1012,rfid,,rfidに関連する業務用語。,Concept,共通
1013,taken,,takenに関連する業務用語。,Concept,共通
1014,±指値注文,,±指値注文に関連する業務用語。,Concept,共通
1015,α（アルファ）値,,α（アルファ）値に関連する業務用語。,Metric,投資
1016,β(ベータ),,β(ベータ)に関連する業務用語。,Concept,財務分析
1017,β（ベータ）値,,β（ベータ）値に関連する業務用語。,Concept,財務分析
1018,あく抜け,,あく抜けに関連する業務用語。,Concept,共通
1019,いざなぎ景気,,いざなぎ景気に関連する業務用語。,Concept,共通
1020,いざなみ景気,,いざなみ景気に関連する業務用語。,Concept,共通
1021,いってこい,,いってこいに関連する業務用語。,Concept,共通
1022,いや気売り,,いや気売りに関連する業務用語。,Concept,共通
1023,いや気投げ,,いや気投げに関連する業務用語。,Concept,共通
1024,お化粧買い,,お化粧買いに関連する業務用語。,Concept,共通
1025,かぎ足,,かぎ足に関連する業務用語。,Concept,共通
1026,かぶせ線,,かぶせ線に関連する業務用語。,Concept,共通
1027,かんばん方式,,かんばん方式に関連する業務用語。,Concept,共通
1028,がん保険,,がん保険に関連する業務用語。,Concept,共通
1029,きり（限）,,きり（限）に関連する業務用語。,Concept,共通
1030,くくり直し,,くくり直しに関連する業務用語。,Concept,共通
1031,くずれる,,くずれるに関連する業務用語。,Concept,共通
1032,くりっく365,,くりっく365に関連する業務用語。,Concept,共通
1033,くりっく株365,,くりっく株365に関連する業務用語。,Concept,共通
1034,こなす,,こなすに関連する業務用語。,Concept,共通
1035,ご当地ファンド,,ご当地ファンドに関連する業務用語。,Metric,投資
1036,ご祝儀商い,,ご祝儀商いに関連する業務用語。,Concept,共通
1037,ご祝儀相場,,ご祝儀相場に関連する業務用語。,Concept,共通
1038,さや,,さやに関連する業務用語。,Concept,共通
1039,しっかり,,しっかりに関連する業務用語。,Concept,共通
1040,じり安,,じり安に関連する業務用語。,Concept,共通
1041,じり高,,じり高に関連する業務用語。,Concept,共通
1042,その他の包括利益,,その他の包括利益に関連する業務用語。,Concept,共通
1043,その他の包括利益累計額,Accumulated Other Comprehensive Income,その他の包括利益累計額に関連する業務用語。,Concept,共通
1044,その他の包括利益累計額（AOCI）,,その他の包括利益累計額（AOCI）に関連する業務用語。,Concept,共通
1045,その他の包括利益（OCI）,,その他の包括利益（OCI）に関連する業務用語。,Concept,共通
1046,その他利益剰余金,,その他利益剰余金に関連する業務用語。,Concept,会計
1047,その他有価証券評価差額金,,その他有価証券評価差額金に関連する業務用語。,Concept,投資
1048,たこ配当,,たこ配当に関連する業務用語。,Concept,財務分析
1049,たな札,,たな札に関連する業務用語。,Concept,共通
1050,たばこ税,,たばこ税に関連する業務用語。,Concept,共通
1051,ちょうちん,,ちょうちんに関連する業務用語。,Concept,共通
1052,つつみ線,,つつみ線に関連する業務用語。,Concept,共通
1053,つなぎ,,つなぎに関連する業務用語。,Concept,共通
1054,つなぎ売り,,つなぎ売りに関連する業務用語。,Concept,共通
1055,つなぎ外し,,つなぎ外しに関連する業務用語。,Concept,共通
1056,つみたて投資枠,,つみたて投資枠に関連する業務用語。,Concept,共通
1057,つれ安,,つれ安に関連する業務用語。,Concept,共通
1058,つれ高,,つれ高に関連する業務用語。,Concept,共通
1059,なしくずし償却,,なしくずし償却に関連する業務用語。,Metric,会計
1060,なでしこ銘柄,,なでしこ銘柄に関連する業務用語。,Concept,共通
1061,なべ底不況,,なべ底不況に関連する業務用語。,Concept,共通
1062,なれ合い売買,,なれ合い売買に関連する業務用語。,Concept,共通
1063,のれんの減損,Goodwill Impairment,のれんの減損に関連する業務用語。,Document,会計
1064,のれん代,,のれん代に関連する業務用語。,Document,会計
1065,のれん償却額,Amortization of Goodwill,のれん償却額に関連する業務用語。,Document,会計
1066,はらみ線,,はらみ線に関連する業務用語。,Concept,共通
1067,ふるさと納税,,ふるさと納税に関連する業務用語。,Concept,共通
1068,ほぐれる,,ほぐれるに関連する業務用語。,Concept,共通
1069,ほふり,,ほふりに関連する業務用語。,Concept,共通
1070,ぼんやり,,ぼんやりに関連する業務用語。,Concept,共通
1071,まだはもうなり,,まだはもうなりに関連する業務用語。,Concept,共通
1072,みなし仕入率,,みなし仕入率に関連する業務用語。,Concept,調達
1073,みなし取得日等,,みなし取得日等に関連する業務用語。,Concept,共通
1074,みなし取得日（売却日）,,みなし取得日（売却日）に関連する業務用語。,Concept,共通
1075,みなし取得費,,みなし取得費に関連する業務用語。,Concept,共通
1076,みなし子会社,,みなし子会社に関連する業務用語。,Entity,共通
1077,みなし相続財産,,みなし相続財産に関連する業務用語。,Concept,共通
1078,みなし解散,,みなし解散に関連する業務用語。,Concept,共通
1079,みなし課税,,みなし課税に関連する業務用語。,Concept,共通
1080,みなし配当,,みなし配当に関連する業務用語。,Concept,財務分析
1081,みなし配当課税,,みなし配当課税に関連する業務用語。,Concept,財務分析
1082,みなし額面,,みなし額面に関連する業務用語。,Concept,共通
1083,もうはまだなり,,もうはまだなりに関連する業務用語。,Concept,共通
1084,もちあい,,もちあいに関連する業務用語。,Concept,共通
1085,もちあい放れ,,もちあい放れに関連する業務用語。,Concept,共通
1086,もちつき相場,,もちつき相場に関連する業務用語。,Concept,共通
1087,もみあい,,もみあいに関連する業務用語。,Concept,共通
1088,もみ合い,,もみ合いに関連する業務用語。,Concept,共通
1089,やれやれ,,やれやれに関連する業務用語。,Concept,共通
1090,るいとう,,るいとうに関連する業務用語。,Concept,共通
1091,ろうばい売り,,ろうばい売りに関連する業務用語。,Concept,共通
1092,アイザーウェイ,,アイザーウェイに関連する業務用語。,Concept,共通
1093,アイランドリバーサル,,アイランドリバーサルに関連する業務用語。,Concept,共通
1094,アイ・オー・シー,,アイ・オー・シーに関連する業務用語。,Concept,共通
1095,アウトスタンディングポジション,,アウトスタンディングポジションに関連する業務用語。,Concept,投資
1096,アウトソーシング,Outsourcing,アウトソーシングに関連する業務用語。,Concept,調達
1097,アウトパフォーマンス,,アウトパフォーマンスに関連する業務用語。,Concept,共通
1098,アウトパフォーム,,アウトパフォームに関連する業務用語。,Concept,共通
1099,アウトライト取引,,アウトライト取引に関連する業務用語。,Concept,共通
1100,アウトルック,,アウトルックに関連する業務用語。,Concept,共通
1101,アウト・オブ・サンプル検証,,アウト・オブ・サンプル検証に関連する業務用語。,Concept,共通
1102,アウト・オブ・ザ・マネー,,アウト・オブ・ザ・マネーに関連する業務用語。,Concept,共通
1103,アウト・オブ・ザ・マネー（OTM）,,アウト・オブ・ザ・マネー（OTM）に関連する業務用語。,Concept,共通
1104,アカウンタビリティ,,アカウンタビリティに関連する業務用語。,Concept,共通
1105,アカウンタビリティー,,アカウンタビリティーに関連する業務用語。,Concept,共通
1106,アキュムレーション,,アキュムレーションに関連する業務用語。,Concept,共通
1107,アキュムレーション・アモチゼーション,,アキュムレーション・アモチゼーションに関連する業務用語。,Concept,共通
1108,アクションプラン,,アクションプランに関連する業務用語。,Concept,共通
1109,アクセラレーター,Accelerator,アクセラレーターに関連する業務用語。,Concept,共通
1110,アクチュアリー,,アクチュアリーに関連する業務用語。,Concept,共通
1111,アクティビスト・ファンド,,アクティビスト・ファンドに関連する業務用語。,Metric,投資
1112,アクティビティ(活動),,アクティビティ(活動)に関連する業務用語。,Concept,共通
1113,アクティビティ・ドライバー,,アクティビティ・ドライバーに関連する業務用語。,Concept,共通
1114,アクティブユーザー,Active Users,アクティブユーザーに関連する業務用語。,Metric,投資
1115,アクティブユーザー数,Number of Active Users,アクティブユーザー数に関連する業務用語。,Metric,投資
1116,アクティブリターン,,アクティブリターンに関連する業務用語。,Metric,投資
1117,アクティブ・ファンド,,アクティブ・ファンドに関連する業務用語。,Metric,投資
1118,アクティブ型,,アクティブ型に関連する業務用語。,Metric,投資
1119,アクティブ運用,,アクティブ運用に関連する業務用語。,Metric,投資
1120,アクリーション,,アクリーションに関連する業務用語。,Concept,共通
1121,アクルーアル,,アクルーアルに関連する業務用語。,Concept,共通
1122,アク抜け,,アク抜けに関連する業務用語。,Concept,共通
1123,アグフレーション,,アグフレーションに関連する業務用語。,Concept,共通
1124,アグリテック,,アグリテックに関連する業務用語。,Concept,共通
1125,アグリビジネス,,アグリビジネスに関連する業務用語。,Concept,共通
1126,アゲインストフェイバー,,アゲインストフェイバーに関連する業務用語。,Concept,共通
1127,アコード,,アコードに関連する業務用語。,Concept,共通
1128,アサイン,,アサインに関連する業務用語。,Concept,共通
1129,アジアインフラ投資銀行,,アジアインフラ投資銀行に関連する業務用語。,Entity,金融
1130,アジア太平洋経済協力会議,,アジア太平洋経済協力会議に関連する業務用語。,Concept,共通
1131,アジア欧州会議,,アジア欧州会議に関連する業務用語。,Concept,共通
1132,アジア通貨危機,,アジア通貨危機に関連する業務用語。,Concept,投資
1133,アジア開発銀行,,アジア開発銀行に関連する業務用語。,Entity,金融
1134,アジャイル,Agile,アジャイルに関連する業務用語。,Concept,経営戦略
1135,アジャイルソフトウェア開発,,アジャイルソフトウェア開発に関連する業務用語。,Concept,経営戦略
1136,アジャイルトランスフォーメーション,Agile Transformation,アジャイルトランスフォーメーションに関連する業務用語。,Concept,経営戦略
1137,アジャイル・セル,Agile Cell,アジャイル・セルに関連する業務用語。,Concept,経営戦略
1138,アスク,,アスクに関連する業務用語。,Concept,共通
1139,アズイズ,As-Is,アズイズに関連する業務用語。,Concept,共通
1140,アセスメント・センター,,アセスメント・センターに関連する業務用語。,Concept,共通
1141,アセットクラス,,アセットクラスに関連する業務用語。,Concept,共通
1142,アセットスワップ,,アセットスワップに関連する業務用語。,Concept,投資
1143,アセットマネジメント,Asset Management,アセットマネジメントに関連する業務用語。,Concept,共通
1144,アセット・アロケーション,,アセット・アロケーションに関連する業務用語。,Concept,共通
1145,アセット・オア・ナッシング・オプション,,アセット・オア・ナッシング・オプションに関連する業務用語。,Concept,投資
1146,アソシエイト（コンサルティングファーム）,Associate (Consulting Firm),アソシエイト（コンサルティングファーム）に関連する業務用語。,Concept,共通
1147,アット・ザ・マネー,,アット・ザ・マネーに関連する業務用語。,Concept,共通
1148,アット・ザ・マネー（ATM）,,アット・ザ・マネー（ATM）に関連する業務用語。,Concept,共通
1149,アップグレード,Upgrade,アップグレードに関連する業務用語。,Concept,共通
1150,アップサイド,Upside,アップサイドに関連する業務用語。,Concept,共通
1151,アップストリーム,,アップストリームに関連する業務用語。,Concept,共通
1152,アップセル・クロスセル,,アップセル・クロスセルに関連する業務用語。,Concept,営業
1153,アップティックルール,,アップティックルールに関連する業務用語。,Concept,共通
1154,アップ率,,アップ率に関連する業務用語。,Concept,共通
1155,アドテクノロジー,Ad Technology,アドテクノロジーに関連する業務用語。,Concept,共通
1156,アドバイザー,,アドバイザーに関連する業務用語。,Concept,共通
1157,アドバンテージ・マトリックス,,アドバンテージ・マトリックスに関連する業務用語。,Concept,共通
1158,アドボカシー・マーケティング,,アドボカシー・マーケティングに関連する業務用語。,Concept,マーケティング
1159,アドラー心理学,,アドラー心理学に関連する業務用語。,Concept,共通
1160,アナウンス効果,,アナウンス効果に関連する業務用語。,Concept,共通
1161,アナリスト,Analyst,アナリストに関連する業務用語。,Concept,財務分析
1162,アナリストリポート,,アナリストリポートに関連する業務用語。,Concept,財務分析
1163,アナリストレポート,Analyst Report,アナリストレポートに関連する業務用語。,Concept,財務分析
1164,アナリスト・レポート,,アナリスト・レポートに関連する業務用語。,Concept,財務分析
1165,アナリスト向け説明会,Analyst Briefing,アナリスト向け説明会に関連する業務用語。,Concept,財務分析
1166,アナリスト（コンサルティングファーム）,Analyst (Consulting Firm),アナリスト（コンサルティングファーム）に関連する業務用語。,Concept,財務分析
1167,アナリティクス,Analytics,アナリティクスに関連する業務用語。,Concept,共通
1168,アニュアルリポート,,アニュアルリポートに関連する業務用語。,Concept,共通
1169,アニュアルレポート,,アニュアルレポートに関連する業務用語。,Concept,財務分析
1170,アニュアル・レポート,,アニュアル・レポートに関連する業務用語。,Concept,財務分析
1171,アノマリー,,アノマリーに関連する業務用語。,Concept,共通
1172,アフリカ開発会議,,アフリカ開発会議に関連する業務用語。,Concept,共通
1173,アフリカ開発銀行,,アフリカ開発銀行に関連する業務用語。,Entity,金融
1174,アプリケーション（APP）,,アプリケーション（APP）に関連する業務用語。,Concept,共通
1175,アベグレン・ジェームズ・C.,,アベグレン・ジェームズ・C.に関連する業務用語。,Concept,共通
1176,アベノミクス,,アベノミクスに関連する業務用語。,Concept,共通
1177,アマゾナイズ,,アマゾナイズに関連する業務用語。,Concept,共通
1178,アマゾンエフェクト,,アマゾンエフェクトに関連する業務用語。,Concept,共通
1179,アマゾン・エフェクト,,アマゾン・エフェクトに関連する業務用語。,Concept,共通
1180,アメリカンタイプオプション,,アメリカンタイプオプションに関連する業務用語。,Concept,投資
1181,アメーバ経営,,アメーバ経営に関連する業務用語。,Concept,共通
1182,アモチゼーション,,アモチゼーションに関連する業務用語。,Concept,共通
1183,アヤ,,アヤに関連する業務用語。,Concept,共通
1184,アヤ戻し,,アヤ戻しに関連する業務用語。,Concept,共通
1185,アヤ押し,,アヤ押しに関連する業務用語。,Concept,共通
1186,アライアンス,Alliance / Strategic Partnership,アライアンスに関連する業務用語。,Concept,共通
1187,アルゴリズム,,アルゴリズムに関連する業務用語。,Concept,共通
1188,アルゴリズムトレード,,アルゴリズムトレードに関連する業務用語。,Concept,共通
1189,アルゴリズム取引,,アルゴリズム取引に関連する業務用語。,Concept,共通
1190,アルゴリズム高速取引,,アルゴリズム高速取引に関連する業務用語。,Concept,共通
1191,アルトコイン,,アルトコインに関連する業務用語。,Concept,共通
1192,アルファ,,アルファに関連する業務用語。,Metric,投資
1193,アルファベットストック,,アルファベットストックに関連する業務用語。,Metric,投資
1194,アレクサンダーフィルター,,アレクサンダーフィルターに関連する業務用語。,Concept,共通
1195,アレンジャー,,アレンジャーに関連する業務用語。,Concept,共通
1196,アローヘッド,,アローヘッドに関連する業務用語。,Concept,共通
1197,アンカリング,,アンカリングに関連する業務用語。,Concept,共通
1198,アンガーマネジメント,,アンガーマネジメントに関連する業務用語。,Concept,共通
1199,アンケート,,アンケートに関連する業務用語。,Concept,共通
1200,アンシステマティック・リスク,,アンシステマティック・リスクに関連する業務用語。,Concept,共通
1201,アンゾフの事業拡大マトリックス,,アンゾフの事業拡大マトリックスに関連する業務用語。,Concept,経営戦略
1202,アンゾフ・マトリクス,Ansoff Matrix,アンゾフ・マトリクスに関連する業務用語。,Concept,経営戦略
1203,アンダーウェイト,,アンダーウェイトに関連する業務用語。,Concept,共通
1204,アンダーウエート,,アンダーウエートに関連する業務用語。,Concept,共通
1205,アンダーパフォーマンス,,アンダーパフォーマンスに関連する業務用語。,Concept,共通
1206,アンダーパフォーム,,アンダーパフォームに関連する業務用語。,Concept,共通
1207,アンダーパー,,アンダーパーに関連する業務用語。,Concept,共通
1208,アンダーライター,,アンダーライターに関連する業務用語。,Concept,共通
1209,アンダーライティング,,アンダーライティングに関連する業務用語。,Concept,共通
1210,アンビシャス,,アンビシャスに関連する業務用語。,Concept,共通
1211,アンブレラ型投資信託,,アンブレラ型投資信託に関連する業務用語。,Metric,投資
1212,アンモニア,Ammonia,アンモニアに関連する業務用語。,Concept,共通
1213,アンラーニング,,アンラーニングに関連する業務用語。,Concept,共通
1214,アンレバードβ(βU),,アンレバードβ(βU)に関連する業務用語。,Concept,共通
1215,アンワインド,,アンワインドに関連する業務用語。,Concept,共通
1216,アーカー・D・A.,,アーカー・D・A.に関連する業務用語。,Concept,共通
1217,アーニングサプライズ,,アーニングサプライズに関連する業務用語。,Concept,財務分析
1218,アービトラージ,,アービトラージに関連する業務用語。,Concept,共通
1219,アービトラージャー,,アービトラージャーに関連する業務用語。,Concept,共通
1220,アービトラージ取引,,アービトラージ取引に関連する業務用語。,Concept,共通
1221,アームズレングスルール,,アームズレングスルールに関連する業務用語。,Concept,共通
1222,アームズ・レングス・ルール,,アームズ・レングス・ルールに関連する業務用語。,Concept,共通
1223,アーリーアダプター,,アーリーアダプターに関連する業務用語。,Concept,共通
1224,アーリー・アダプタ,,アーリー・アダプタに関連する業務用語。,Concept,共通
1225,イグジット,,イグジットに関連する業務用語。,Concept,共通
1226,イコールウエイト,,イコールウエイトに関連する業務用語。,Concept,共通
1227,イシュー,,イシューに関連する業務用語。,Concept,共通
1228,イシューツリー,Issue Tree,イシューツリーに関連する業務用語。,Concept,共通
1229,イスタンブール100,,イスタンブール100に関連する業務用語。,Concept,共通
1230,イスラム金融,,イスラム金融に関連する業務用語。,Concept,共通
1231,イデコ,,イデコに関連する業務用語。,Concept,共通
1232,イナゴ投資家,,イナゴ投資家に関連する業務用語。,Concept,共通
1233,イノベーションのジレンマ,,イノベーションのジレンマに関連する業務用語。,Concept,共通
1234,イノベーション管理,Innovation Management,イノベーション管理に関連する業務用語。,Concept,共通
1235,イノベータ,,イノベータに関連する業務用語。,Concept,財務分析
1236,イフダン,,イフダンに関連する業務用語。,Concept,共通
1237,イベントスタディー,,イベントスタディーに関連する業務用語。,Concept,共通
1238,イベント・ドリブン,,イベント・ドリブンに関連する業務用語。,Concept,共通
1239,イベント・ドリブン戦略,,イベント・ドリブン戦略に関連する業務用語。,Concept,共通
1240,イベント・リスク,,イベント・リスクに関連する業務用語。,Concept,共通
1241,イミュニゼーション戦略,,イミュニゼーション戦略に関連する業務用語。,Concept,共通
1242,イレ,,イレに関連する業務用語。,Concept,共通
1243,インカムアプローチ,,インカムアプローチに関連する業務用語。,Concept,共通
1244,インカムゲイン,,インカムゲインに関連する業務用語。,Concept,共通
1245,インカムファンド,,インカムファンドに関連する業務用語。,Metric,投資
1246,インカム型,,インカム型に関連する業務用語。,Concept,共通
1247,インキュベーション,Incubation,インキュベーションに関連する業務用語。,Concept,共通
1248,インキュベーター,Incubator,インキュベーターに関連する業務用語。,Concept,財務分析
1249,インクルージョン,Inclusion,インクルージョンに関連する業務用語。,Concept,ESG
1250,インクルージョン＆ダイバーシティ,Inclusion & Diversity,インクルージョン＆ダイバーシティに関連する業務用語。,Concept,ESG
1251,インサイダー取引,,インサイダー取引に関連する業務用語。,Concept,共通
1252,インサイト,,インサイトに関連する業務用語。,Concept,共通
1253,インステック,,インステックに関連する業務用語。,Concept,共通
1254,インストア・シェア,,インストア・シェアに関連する業務用語。,Concept,共通
1255,インストア・マーチャンダイジング,,インストア・マーチャンダイジングに関連する業務用語。,Concept,共通
1256,インセンティブ,,インセンティブに関連する業務用語。,Concept,共通
1257,インセンティブ設計,Incentive Design,インセンティブ設計に関連する業務用語。,Concept,共通
1258,インタビュー,,インタビューに関連する業務用語。,Concept,共通
1259,インタレストカバレッジレシオ,,インタレストカバレッジレシオに関連する業務用語。,Metric,財務分析
1260,インタレスト・カバレッジ・レシオ,Interest Coverage Ratio,インタレスト・カバレッジ・レシオに関連する業務用語。,Metric,財務分析
1261,インタンクトランスファー,,インタンクトランスファーに関連する業務用語。,Concept,共通
1262,インターコンチネンタル取引所,,インターコンチネンタル取引所に関連する業務用語。,Concept,共通
1263,インターナル・ブランディング,,インターナル・ブランディングに関連する業務用語。,Concept,共通
1264,インターネットインフラ,Internet Infrastructure,インターネットインフラに関連する業務用語。,Concept,共通
1265,インターネットバンキング,,インターネットバンキングに関連する業務用語。,Concept,共通
1266,インターネットブローカー,,インターネットブローカーに関連する業務用語。,Concept,共通
1267,インターネット広告,,インターネット広告に関連する業務用語。,Concept,マーケティング
1268,インターネット証券,,インターネット証券に関連する業務用語。,Concept,投資
1269,インターバンク市場,,インターバンク市場に関連する業務用語。,Concept,共通
1270,インターマーケットスプレッド取引,,インターマーケットスプレッド取引に関連する業務用語。,Concept,共通
1271,インダストリアルデザイン,,インダストリアルデザインに関連する業務用語。,Concept,共通
1272,インダストリー4.0,,インダストリー4.0に関連する業務用語。,Concept,共通
1273,インディカティブNAV,,インディカティブNAVに関連する業務用語。,Concept,共通
1274,インディカティブＮＡＶ,,インディカティブＮＡＶに関連する業務用語。,Concept,共通
1275,インディケーションプライス,,インディケーションプライスに関連する業務用語。,Concept,共通
1276,インデックス,,インデックスに関連する業務用語。,Metric,投資
1277,インデックスファンド,,インデックスファンドに関連する業務用語。,Metric,投資
1278,インデックス・ファンド,,インデックス・ファンドに関連する業務用語。,Metric,投資
1279,インデックス型,,インデックス型に関連する業務用語。,Metric,投資
1280,インデックス型（投資信託）,,インデックス型（投資信託）に関連する業務用語。,Metric,投資
1281,インデックス売買,,インデックス売買に関連する業務用語。,Metric,投資
1282,インデックス運用,,インデックス運用に関連する業務用語。,Metric,投資
1283,イントリンシックバリュー,,イントリンシックバリューに関連する業務用語。,Concept,共通
1284,インド太平洋経済枠組み,,インド太平洋経済枠組みに関連する業務用語。,Concept,共通
1285,インバウンド消費,,インバウンド消費に関連する業務用語。,Concept,共通
1286,インパクト・ローン,,インパクト・ローンに関連する業務用語。,Process,金融
1287,インパクト投資,,インパクト投資に関連する業務用語。,Concept,共通
1288,インパクト評価,Impact Assessment,インパクト評価に関連する業務用語。,Process,人事
1289,インフォメーションリスク,,インフォメーションリスクに関連する業務用語。,Concept,共通
1290,インフォメーションレシオ,,インフォメーションレシオに関連する業務用語。,Concept,共通
1291,インフォメーション・レシオ,,インフォメーション・レシオに関連する業務用語。,Concept,共通
1292,インフラストラクチャー,,インフラストラクチャーに関連する業務用語。,Concept,共通
1293,インフラファンド,,インフラファンドに関連する業務用語。,Metric,投資
1294,インフラ構築,,インフラ構築に関連する業務用語。,Concept,共通
1295,インフラ輸出,,インフラ輸出に関連する業務用語。,Concept,共通
1296,インフルエンス・モデル,Influence Model,インフルエンス・モデルに関連する業務用語。,Concept,共通
1297,インフレ,,インフレに関連する業務用語。,Concept,共通
1298,インフレギャップ,,インフレギャップに関連する業務用語。,Concept,共通
1299,インフレターゲット,,インフレターゲットに関連する業務用語。,Concept,共通
1300,インフレリスク,,インフレリスクに関連する業務用語。,Concept,共通
1301,インフレ・ヘッジ,,インフレ・ヘッジに関連する業務用語。,Concept,投資
1302,インフレーション,,インフレーションに関連する業務用語。,Concept,共通
1303,インフレーション・リスク,,インフレーション・リスクに関連する業務用語。,Concept,共通
1304,インフレーション（インフレ）,,インフレーション（インフレ）に関連する業務用語。,Concept,共通
1305,インフレ率,,インフレ率に関連する業務用語。,Concept,共通
1306,インフレ目標政策,,インフレ目標政策に関連する業務用語。,Concept,経営戦略
1307,インフレ目標（インフレターゲット）,,インフレ目標（インフレターゲット）に関連する業務用語。,Concept,経営戦略
1308,インフレ連動債,,インフレ連動債に関連する業務用語。,Concept,共通
1309,インプライドボラティリティ,,インプライドボラティリティに関連する業務用語。,Metric,投資
1310,インプライドボラティリティー,,インプライドボラティリティーに関連する業務用語。,Metric,投資
1311,インプライド・ボラティリティ（IV）,,インプライド・ボラティリティ（IV）に関連する業務用語。,Metric,投資
1312,インプレストシステム,,インプレストシステムに関連する業務用語。,Concept,共通
1313,インベスターリターン,,インベスターリターンに関連する業務用語。,Concept,共通
1314,インベスター・リレーションズ,Investor Relations,インベスター・リレーションズに関連する業務用語。,Concept,共通
1315,インベストメントバンキング,,インベストメントバンキングに関連する業務用語。,Concept,共通
1316,インベストメントバンク,,インベストメントバンクに関連する業務用語。,Concept,共通
1317,インベストメント・グレード,,インベストメント・グレードに関連する業務用語。,Concept,共通
1318,インベストメント・センター,,インベストメント・センターに関連する業務用語。,Concept,共通
1319,インベストメント・バンク,,インベストメント・バンクに関連する業務用語。,Concept,共通
1320,インボイス,,インボイスに関連する業務用語。,Concept,共通
1321,インボイス制度,,インボイス制度に関連する業務用語。,Concept,共通
1322,イン・ザ・マネー,,イン・ザ・マネーに関連する業務用語。,Concept,共通
1323,イン・ザ・マネー（ITM）,,イン・ザ・マネー（ITM）に関連する業務用語。,Concept,共通
1324,イールドカーブ・コントロール,,イールドカーブ・コントロールに関連する業務用語。,Concept,共通
1325,イールドスプレッド,,イールドスプレッドに関連する業務用語。,Concept,共通
1326,イールドダッチ方式,,イールドダッチ方式に関連する業務用語。,Concept,共通
1327,イールドレシオ,,イールドレシオに関連する業務用語。,Concept,共通
1328,イールド・カーブ,,イールド・カーブに関連する業務用語。,Concept,共通
1329,ウィプソー修正利益,,ウィプソー修正利益に関連する業務用語。,Concept,共通
1330,ウィンブルドン現象,,ウィンブルドン現象に関連する業務用語。,Concept,共通
1331,ウェザー・デリバティブ,,ウェザー・デリバティブに関連する業務用語。,Concept,投資
1332,ウェルスマネジメント,Wealth Management,ウェルスマネジメントに関連する業務用語。,Concept,共通
1333,ウェルチ・ジャック,,ウェルチ・ジャックに関連する業務用語。,Concept,共通
1334,ウェルビーイング,Well-being,ウェルビーイングに関連する業務用語。,Concept,共通
1335,ウォッチリスト,,ウォッチリストに関連する業務用語。,Concept,共通
1336,ウォッチ中,,ウォッチ中に関連する業務用語。,Concept,共通
1337,ウォレット,,ウォレットに関連する業務用語。,Concept,共通
1338,ウォンツ(欲求),,ウォンツ(欲求)に関連する業務用語。,Concept,共通
1339,ウォール街,,ウォール街に関連する業務用語。,Concept,共通
1340,エイジングテスト,,エイジングテストに関連する業務用語。,Concept,共通
1341,エキゾチック,,エキゾチックに関連する業務用語。,Concept,共通
1342,エキゾチック通貨,,エキゾチック通貨に関連する業務用語。,Concept,投資
1343,エクイティ,Equity,エクイティに関連する業務用語。,Process,金融
1344,エクイティカーブ,,エクイティカーブに関連する業務用語。,Process,金融
1345,エクイティファイナンス,,エクイティファイナンスに関連する業務用語。,Process,金融
1346,エクイティーファイナンス,,エクイティーファイナンスに関連する業務用語。,Process,金融
1347,エクイティ理論,,エクイティ理論に関連する業務用語。,Process,金融
1348,エクササイズプライス,,エクササイズプライスに関連する業務用語。,Concept,共通
1349,エクスペリエンス・カーブ,Experience Curve,エクスペリエンス・カーブに関連する業務用語。,Concept,共通
1350,エクスポージャー,,エクスポージャーに関連する業務用語。,Concept,共通
1351,エクスワラント,,エクスワラントに関連する業務用語。,Concept,投資
1352,エグゼクティブサマリー,Executive Summary,エグゼクティブサマリーに関連する業務用語。,Concept,共通
1353,エグゼクティブ・サーチ・ファーム,,エグゼクティブ・サーチ・ファームに関連する業務用語。,Concept,共通
1354,エコカー減税,,エコカー減税に関連する業務用語。,Concept,共通
1355,エコシステム,Ecosystem,エコシステムに関連する業務用語。,Concept,共通
1356,エコノミスト,,エコノミストに関連する業務用語。,Concept,共通
1357,エコファンド,,エコファンドに関連する業務用語。,Metric,投資
1358,エコーチェンバー現象,,エコーチェンバー現象に関連する業務用語。,Concept,共通
1359,エスノグラフィー,,エスノグラフィーに関連する業務用語。,Concept,共通
1360,エスノセントリック企業,,エスノセントリック企業に関連する業務用語。,Entity,共通
1361,エッジコンピューティング,,エッジコンピューティングに関連する業務用語。,Concept,共通
1362,エディネット,,エディネットに関連する業務用語。,Concept,共通
1363,エネルギートランジション,Energy Transition,エネルギートランジションに関連する業務用語。,Concept,共通
1364,エビデンス,,エビデンスに関連する業務用語。,Concept,共通
1365,エフェクチュエーション,,エフェクチュエーションに関連する業務用語。,Concept,共通
1366,エマージングマーケット,,エマージングマーケットに関連する業務用語。,Concept,共通
1367,エマージング債,,エマージング債に関連する業務用語。,Concept,共通
1368,エマージング市場,,エマージング市場に関連する業務用語。,Concept,共通
1369,エモーショナル・リーダーシップ,,エモーショナル・リーダーシップに関連する業務用語。,Process,人事
1370,エリア・マーケティング,,エリア・マーケティングに関連する業務用語。,Concept,マーケティング
1371,エリオット波動理論,,エリオット波動理論に関連する業務用語。,Concept,共通
1372,エリサ法,,エリサ法に関連する業務用語。,Concept,共通
1373,エンゲージメントマネージャー,Engagement Manager,エンゲージメントマネージャーに関連する業務用語。,Concept,ガバナンス
1374,エンジェル,,エンジェルに関連する業務用語。,Event,投資
1375,エンジェル税制,,エンジェル税制に関連する業務用語。,Event,投資
1376,エンタープライズバリュー,Enterprise Value (EV),エンタープライズバリューに関連する業務用語。,Concept,共通
1377,エンディングノート,,エンディングノートに関連する業務用語。,Concept,共通
1378,エンドユーザー,,エンドユーザーに関連する業務用語。,Concept,共通
1379,エンハンスト型,,エンハンスト型に関連する業務用語。,Concept,共通
1380,エンパワーメント,,エンパワーメントに関連する業務用語。,Concept,共通
1381,エンパワーメント・リーダーシップ,,エンパワーメント・リーダーシップに関連する業務用語。,Process,人事
1382,エンプロイアビリティ,,エンプロイアビリティに関連する業務用語。,Concept,共通
1383,エンベディッドバリュー,,エンベディッドバリューに関連する業務用語。,Concept,共通
1384,エンベロープ,,エンベロープに関連する業務用語。,Concept,共通
1385,エンロン事件,,エンロン事件に関連する業務用語。,Concept,共通
1386,エージェンシー債,,エージェンシー債に関連する業務用語。,Concept,共通
1387,オアベター注文,,オアベター注文に関連する業務用語。,Concept,共通
1388,オイルマネー,,オイルマネーに関連する業務用語。,Concept,共通
1389,オシレーター,,オシレーターに関連する業務用語。,Concept,共通
1390,オハイオ州立大学研究モデル,,オハイオ州立大学研究モデルに関連する業務用語。,Concept,共通
1391,オピニオン・リーダー,,オピニオン・リーダーに関連する業務用語。,Concept,共通
1392,オファー,,オファーに関連する業務用語。,Concept,共通
1393,オフショアファンド,,オフショアファンドに関連する業務用語。,Metric,投資
1394,オフショアリング,Offshoring,オフショアリングに関連する業務用語。,Concept,共通
1395,オフショア市場,,オフショア市場に関連する業務用語。,Concept,共通
1396,オフショア開発,,オフショア開発に関連する業務用語。,Concept,共通
1397,オフバランス,,オフバランスに関連する業務用語。,Concept,共通
1398,オフバランスシート,,オフバランスシートに関連する業務用語。,Concept,共通
1399,オフバランス取引,,オフバランス取引に関連する業務用語。,Concept,共通
1400,オプション,,オプションに関連する業務用語。,Concept,投資
1401,オプション価格,,オプション価格に関連する業務用語。,Concept,投資
1402,オプトアウト,,オプトアウトに関連する業務用語。,Concept,共通
1403,オプトイン,,オプトインに関連する業務用語。,Concept,共通
1404,オペ,,オペに関連する業務用語。,Concept,共通
1405,オペックス,,オペックスに関連する業務用語。,Concept,共通
1406,オペレーショナルリスク,Operational Risk,オペレーショナルリスクに関連する業務用語。,Concept,共通
1407,オペレーショナル・エクセレンス,Operational Excellence,オペレーショナル・エクセレンスに関連する業務用語。,Concept,共通
1408,オペレーション,,オペレーションに関連する業務用語。,Concept,共通
1409,オペレーション・ツイスト,,オペレーション・ツイストに関連する業務用語。,Concept,共通
1410,オペレーティングモデル,Operating Model,オペレーティングモデルに関連する業務用語。,Concept,財務分析
1411,オペレーティング・リース取引,,オペレーティング・リース取引に関連する業務用語。,Concept,財務分析
1412,オムニチャネル,Omnichannel,オムニチャネルに関連する業務用語。,Concept,マーケティング
1413,オリジネーター,,オリジネーターに関連する業務用語。,Concept,共通
1414,オンショア市場,,オンショア市場に関連する業務用語。,Concept,共通
1415,オンデマンド調達,,オンデマンド調達に関連する業務用語。,Concept,調達
1416,オンバランスボリューム,,オンバランスボリュームに関連する業務用語。,Concept,共通
1417,オンプレミス,,オンプレミスに関連する業務用語。,Concept,共通
1418,オンラインブローカー,,オンラインブローカーに関連する業務用語。,Concept,共通
1419,オンライン証券,,オンライン証券に関連する業務用語。,Concept,投資
1420,オークション方式,,オークション方式に関連する業務用語。,Concept,共通
1421,オーシーオー,,オーシーオーに関連する業務用語。,Concept,共通
1422,オージー,,オージーに関連する業務用語。,Concept,共通
1423,オースリッページ,,オースリッページに関連する業務用語。,Concept,共通
1424,オーダー・ドリブン,,オーダー・ドリブンに関連する業務用語。,Concept,共通
1425,オーナーシップ,,オーナーシップに関連する業務用語。,Concept,共通
1426,オーバーアロットメント,,オーバーアロットメントに関連する業務用語。,Concept,共通
1427,オーバーウェイト,,オーバーウェイトに関連する業務用語。,Concept,共通
1428,オーバーウエート,,オーバーウエートに関連する業務用語。,Concept,共通
1429,オーバーシュート,,オーバーシュートに関連する業務用語。,Concept,共通
1430,オーバーシュート型コミットメント,,オーバーシュート型コミットメントに関連する業務用語。,Concept,共通
1431,オーバーナイト取引,,オーバーナイト取引に関連する業務用語。,Concept,共通
1432,オーバーナイト物,,オーバーナイト物に関連する業務用語。,Concept,共通
1433,オーバーバンキング,,オーバーバンキングに関連する業務用語。,Concept,共通
1434,オーバーパー,,オーバーパーに関連する業務用語。,Concept,共通
1435,オーバー・ザ・カウンター,,オーバー・ザ・カウンターに関連する業務用語。,Concept,共通
1436,オープニング・オークション,,オープニング・オークションに関連する業務用語。,Concept,共通
1437,オープンイノベーション,Open Innovation,オープンイノベーションに関連する業務用語。,Concept,共通
1438,オープンエンド型,,オープンエンド型に関連する業務用語。,Concept,共通
1439,オープンファンド,,オープンファンドに関連する業務用語。,Metric,投資
1440,オープン・エンド型（投資信託）,,オープン・エンド型（投資信託）に関連する業務用語。,Metric,投資
1441,オープン・ポジション,,オープン・ポジションに関連する業務用語。,Concept,投資
1442,オープン型,,オープン型に関連する業務用語。,Concept,共通
1443,オープン型投資信託（オープン投信）,,オープン型投資信託（オープン投信）に関連する業務用語。,Metric,投資
1444,オープン市場,,オープン市場に関連する業務用語。,Concept,共通
1445,オールドエコノミー,,オールドエコノミーに関連する業務用語。,Concept,共通
1446,カウンタートレード,,カウンタートレードに関連する業務用語。,Concept,共通
1447,カウンターパーティー,,カウンターパーティーに関連する業務用語。,Concept,共通
1448,カウンターパーティーリスク,,カウンターパーティーリスクに関連する業務用語。,Concept,共通
1449,カウンター・カルチャー,,カウンター・カルチャーに関連する業務用語。,Concept,共通
1450,カクテルパーティ効果,,カクテルパーティ効果に関連する業務用語。,Concept,共通
1451,カスタマーサクセス,,カスタマーサクセスに関連する業務用語。,Concept,共通
1452,カスタマージャーニー,Customer Journey,カスタマージャーニーに関連する業務用語。,Concept,営業
1453,カスタマー・インティマシー,,カスタマー・インティマシーに関連する業務用語。,Concept,共通
1454,カスタマー・バリュー,,カスタマー・バリューに関連する業務用語。,Concept,共通
1455,カストディアン,,カストディアンに関連する業務用語。,Concept,共通
1456,カタリスト,,カタリストに関連する業務用語。,Concept,共通
1457,カッツの3能力,,カッツの3能力に関連する業務用語。,Concept,共通
1458,カッツ・ロバート・L,,カッツ・ロバート・Lに関連する業務用語。,Concept,共通
1459,カットオフタイム,,カットオフタイムに関連する業務用語。,Concept,共通
1460,カテゴリー・キラー,,カテゴリー・キラーに関連する業務用語。,Concept,共通
1461,カテゴリー・マネジメント,,カテゴリー・マネジメントに関連する業務用語。,Concept,共通
1462,カニバライゼーション,,カニバライゼーションに関連する業務用語。,Concept,共通
1463,カバレッジ開始,Initiation of Coverage,カバレッジ開始に関連する業務用語。,Concept,共通
1464,カバードオプション,,カバードオプションに関連する業務用語。,Concept,投資
1465,カバードコール,,カバードコールに関連する業務用語。,Concept,共通
1466,カバードプット,,カバードプットに関連する業務用語。,Concept,共通
1467,カバードボンド,,カバードボンドに関連する業務用語。,Concept,共通
1468,カバードワラント,,カバードワラントに関連する業務用語。,Concept,投資
1469,カバード・コール,,カバード・コールに関連する業務用語。,Concept,共通
1470,カバー取引,,カバー取引に関連する業務用語。,Concept,共通
1471,カフェテリア・プラン,,カフェテリア・プランに関連する業務用語。,Concept,共通
1472,カマコンバレー,,カマコンバレーに関連する業務用語。,Concept,共通
1473,カムワラント,,カムワラントに関連する業務用語。,Concept,投資
1474,カラ売り,,カラ売りに関連する業務用語。,Concept,共通
1475,カラ売り比率,,カラ売り比率に関連する業務用語。,Concept,共通
1476,カラ売り規制,,カラ売り規制に関連する業務用語。,Concept,ガバナンス
1477,カラ買い,,カラ買いに関連する業務用語。,Concept,共通
1478,カリギュラ効果,,カリギュラ効果に関連する業務用語。,Concept,共通
1479,カルテル,,カルテルに関連する業務用語。,Concept,共通
1480,カルパース,,カルパースに関連する業務用語。,Concept,共通
1481,カレンシー,,カレンシーに関連する業務用語。,Concept,共通
1482,カレンシーオーバーレイ,,カレンシーオーバーレイに関連する業務用語。,Concept,共通
1483,カレンシースワップ,,カレンシースワップに関連する業務用語。,Concept,投資
1484,カレンダースプレッド取引,,カレンダースプレッド取引に関連する業務用語。,Concept,共通
1485,カレントクーポン,,カレントクーポンに関連する業務用語。,Concept,共通
1486,カントリーアロケーション,,カントリーアロケーションに関連する業務用語。,Concept,共通
1487,カントリーファンド,,カントリーファンドに関連する業務用語。,Metric,投資
1488,カントリーランキング,,カントリーランキングに関連する業務用語。,Concept,共通
1489,カントリーリスク,Country Risk,カントリーリスクに関連する業務用語。,Concept,共通
1490,カンバン方式,Kanban,カンバン方式に関連する業務用語。,Process,製造
1491,カンパニー制,,カンパニー制に関連する業務用語。,Concept,共通
1492,カンパニー型組織,,カンパニー型組織に関連する業務用語。,Concept,共通
1493,カーブアウト,,カーブアウトに関連する業務用語。,Concept,共通
1494,カーブ・フィッティング,,カーブ・フィッティングに関連する業務用語。,Concept,共通
1495,ガバナンス,Governance,ガバナンスに関連する業務用語。,Entity,ガバナンス
1496,ガバナンス・ファンド,,ガバナンス・ファンドに関連する業務用語。,Metric,投資
1497,ガバナンス改革,Governance Reform,ガバナンス改革に関連する業務用語。,Entity,ガバナンス
1498,ガラ,,ガラに関連する業務用語。,Concept,共通
1499,ガルブレイス・ジェイR.,,ガルブレイス・ジェイR.に関連する業務用語。,Concept,共通
1500,ガントチャート,Gantt Chart,ガントチャートに関連する業務用語。,Concept,経営戦略
1501,ガンマ,,ガンマに関連する業務用語。,Concept,共通
1502,キウィ,,キウィに関連する業務用語。,Concept,共通
1503,キチンサイクル,,キチンサイクルに関連する業務用語。,Concept,共通
1504,キャッシュフロー,,キャッシュフローに関連する業務用語。,Metric,会計
1505,キャッシュフローの状況,Cash Flow Analysis,キャッシュフローの状況に関連する業務用語。,Metric,会計
1506,キャッシュリッチ,,キャッシュリッチに関連する業務用語。,Concept,共通
1507,キャッシュレス,,キャッシュレスに関連する業務用語。,Concept,共通
1508,キャッシュ・オア・ナッシング・オプション,,キャッシュ・オア・ナッシング・オプションに関連する業務用語。,Concept,投資
1509,キャッシュ・コンバージョン・サイクル,,キャッシュ・コンバージョン・サイクルに関連する業務用語。,Concept,営業
1510,キャッシュ・フロー見積法,,キャッシュ・フロー見積法に関連する業務用語。,Concept,共通
1511,キャッシュ・フロー計算書,,キャッシュ・フロー計算書に関連する業務用語。,Concept,共通
1512,キャッシング,,キャッシングに関連する業務用語。,Concept,共通
1513,キャットボンド,,キャットボンドに関連する業務用語。,Concept,共通
1514,キャップ,,キャップに関連する業務用語。,Concept,共通
1515,キャップレート,,キャップレートに関連する業務用語。,Concept,共通
1516,キャパシティプランニング,Capacity Planning,キャパシティプランニングに関連する業務用語。,Concept,共通
1517,キャピタルゲイン,,キャピタルゲインに関連する業務用語。,Concept,共通
1518,キャピタルゲイン課税,,キャピタルゲイン課税に関連する業務用語。,Concept,共通
1519,キャピタルフライト,,キャピタルフライトに関連する業務用語。,Concept,共通
1520,キャピタルマーケット,,キャピタルマーケットに関連する業務用語。,Concept,共通
1521,キャピタルリスク,,キャピタルリスクに関連する業務用語。,Concept,共通
1522,キャピタルロス,,キャピタルロスに関連する業務用語。,Concept,共通
1523,キャピタル・ゲイン,,キャピタル・ゲインに関連する業務用語。,Concept,共通
1524,キャプラン・ロバート・S,,キャプラン・ロバート・Sに関連する業務用語。,Concept,共通
1525,キャペックス,,キャペックスに関連する業務用語。,Concept,共通
1526,キャリアアップ助成金,,キャリアアップ助成金に関連する業務用語。,Concept,共通
1527,キャリア・アンカー,,キャリア・アンカーに関連する業務用語。,Concept,共通
1528,キャリア・ディベロップメント・プログラム,,キャリア・ディベロップメント・プログラムに関連する業務用語。,Concept,共通
1529,キャリア・デザイン,,キャリア・デザインに関連する業務用語。,Concept,共通
1530,キャリートレード,,キャリートレードに関連する業務用語。,Concept,共通
1531,キャンドル,,キャンドルに関連する業務用語。,Concept,共通
1532,ギアリング比率,,ギアリング比率に関連する業務用語。,Concept,共通
1533,ギグ・エコノミー,,ギグ・エコノミーに関連する業務用語。,Concept,共通
1534,ギブアップ制度,,ギブアップ制度に関連する業務用語。,Concept,共通
1535,ギブソンパラドックス,,ギブソンパラドックスに関連する業務用語。,Concept,共通
1536,ギャップアップ,,ギャップアップに関連する業務用語。,Concept,共通
1537,ギャップダウン,,ギャップダウンに関連する業務用語。,Concept,共通
1538,ギャランティー取引,,ギャランティー取引に関連する業務用語。,Concept,共通
1539,ギャロップインフレ,,ギャロップインフレに関連する業務用語。,Concept,共通
1540,ギャン理論,,ギャン理論に関連する業務用語。,Concept,共通
1541,ギリシャ問題,,ギリシャ問題に関連する業務用語。,Concept,共通
1542,ギリシャ指標,,ギリシャ指標に関連する業務用語。,Concept,共通
1543,ギルド,Guild,ギルドに関連する業務用語。,Concept,共通
1544,クアラルンプール総合指数,,クアラルンプール総合指数に関連する業務用語。,Concept,共通
1545,クイックウィン,Quick Win,クイックウィンに関連する業務用語。,Concept,共通
1546,クウォート,,クウォートに関連する業務用語。,Concept,共通
1547,クォート,,クォートに関連する業務用語。,Concept,共通
1548,クォート・ドリブン,,クォート・ドリブンに関連する業務用語。,Concept,共通
1549,クオンツ,,クオンツに関連する業務用語。,Concept,共通
1550,クオンツ型,,クオンツ型に関連する業務用語。,Concept,共通
1551,クオンツ運用,,クオンツ運用に関連する業務用語。,Concept,共通
1552,クズネッツサイクル,,クズネッツサイクルに関連する業務用語。,Concept,共通
1553,クチコミ,,クチコミに関連する業務用語。,Concept,共通
1554,クライアント,Client,クライアントに関連する業務用語。,Concept,共通
1555,クラウディングアウト,,クラウディングアウトに関連する業務用語。,Concept,共通
1556,クラウドコンピューティング,,クラウドコンピューティングに関連する業務用語。,Concept,経営戦略
1557,クラウドサービス,Cloud Service,クラウドサービスに関連する業務用語。,Concept,経営戦略
1558,クラウドファンディング,,クラウドファンディングに関連する業務用語。,Concept,経営戦略
1559,クラウドマイグレーション,Cloud Migration,クラウドマイグレーションに関連する業務用語。,Concept,経営戦略
1560,クラウンジュエル,,クラウンジュエルに関連する業務用語。,Concept,共通
1561,クラスター分析,,クラスター分析に関連する業務用語。,Concept,共通
1562,クリアストリーム,,クリアストリームに関連する業務用語。,Concept,共通
1563,クリアリング機構,,クリアリング機構に関連する業務用語。,Concept,共通
1564,クリエイティブ戦略,,クリエイティブ戦略に関連する業務用語。,Concept,共通
1565,クリスマス合意,,クリスマス合意に関連する業務用語。,Concept,共通
1566,クリティカルシンキング,Critical Thinking,クリティカルシンキングに関連する業務用語。,Concept,共通
1567,クリティカルチェーン・プロジェクトマネジメント,,クリティカルチェーン・プロジェクトマネジメントに関連する業務用語。,Process,共通
1568,クリティカル・シンキング,,クリティカル・シンキングに関連する業務用語。,Concept,共通
1569,クリティカル・パス,,クリティカル・パスに関連する業務用語。,Concept,共通
1570,クリーピングインフレ,,クリーピングインフレに関連する業務用語。,Concept,共通
1571,クリーンエネルギー,,クリーンエネルギーに関連する業務用語。,Concept,共通
1572,クルノー競争,,クルノー競争に関連する業務用語。,Concept,共通
1573,クレジットコスト,,クレジットコストに関連する業務用語。,Concept,共通
1574,クレジットスプレッド,,クレジットスプレッドに関連する業務用語。,Concept,共通
1575,クレジットデフォルトスワップ,,クレジットデフォルトスワップに関連する業務用語。,Concept,投資
1576,クレジットデリバティブ,,クレジットデリバティブに関連する業務用語。,Concept,投資
1577,クレジットファシリティ,,クレジットファシリティに関連する業務用語。,Concept,共通
1578,クレジットリスク,,クレジットリスクに関連する業務用語。,Concept,共通
1579,クレジットリンク債,,クレジットリンク債に関連する業務用語。,Concept,共通
1580,クレジット・ウォッチ,,クレジット・ウォッチに関連する業務用語。,Concept,共通
1581,クレジット・デフォルト・スワップ,,クレジット・デフォルト・スワップに関連する業務用語。,Concept,投資
1582,クレジット・デリバティブ,,クレジット・デリバティブに関連する業務用語。,Concept,投資
1583,クレジット・モニター,,クレジット・モニターに関連する業務用語。,Concept,共通
1584,クレジット・ライン,,クレジット・ラインに関連する業務用語。,Concept,共通
1585,クレジット市場,,クレジット市場に関連する業務用語。,Concept,共通
1586,クロス,,クロスに関連する業務用語。,Concept,共通
1587,クロスデフォルト,Cross Default,クロスデフォルトに関連する業務用語。,Concept,共通
1588,クロスファンクショナルチーム,Cross-Functional Team,クロスファンクショナルチームに関連する業務用語。,Concept,共通
1589,クロスボーダー取引,,クロスボーダー取引に関連する業務用語。,Concept,共通
1590,クロスボーダー担保取り決め,,クロスボーダー担保取り決めに関連する業務用語。,Concept,共通
1591,クロスレート,,クロスレートに関連する業務用語。,Concept,共通
1592,クロス・ファンクショナル・チーム,,クロス・ファンクショナル・チームに関連する業務用語。,Concept,共通
1593,クロス円,,クロス円に関連する業務用語。,Concept,共通
1594,クロス取引,,クロス取引に関連する業務用語。,Concept,共通
1595,クロス集計,,クロス集計に関連する業務用語。,Concept,共通
1596,クロージング・オークション,,クロージング・オークションに関連する業務用語。,Process,M&A
1597,クローズドエンド型,,クローズドエンド型に関連する業務用語。,Concept,共通
1598,クローズド明け日,,クローズド明け日に関連する業務用語。,Concept,共通
1599,クローズド期間,,クローズド期間に関連する業務用語。,Concept,共通
1600,クローズ・エンド型（投資信託）,,クローズ・エンド型（投資信託）に関連する業務用語。,Metric,投資
1601,クローズ型,,クローズ型に関連する業務用語。,Concept,共通
1602,クーポン,,クーポンに関連する業務用語。,Concept,共通
1603,クーポンストリッピング,,クーポンストリッピングに関連する業務用語。,Concept,共通
1604,クーポンレート,,クーポンレートに関連する業務用語。,Concept,共通
1605,クーポン・スワップ,,クーポン・スワップに関連する業務用語。,Concept,投資
1606,クーポン・レート,,クーポン・レートに関連する業務用語。,Concept,共通
1607,クーリングオフ,,クーリングオフに関連する業務用語。,Concept,共通
1608,グッド・サイクル,,グッド・サイクルに関連する業務用語。,Concept,共通
1609,グラス・スティーガル法,,グラス・スティーガル法に関連する業務用語。,Concept,共通
1610,グラマー・ストック,,グラマー・ストックに関連する業務用語。,Concept,共通
1611,グランビルの法則,,グランビルの法則に関連する業務用語。,Concept,共通
1612,グリーンイノベーション,,グリーンイノベーションに関連する業務用語。,Concept,共通
1613,グリーンシューオプション,,グリーンシューオプションに関連する業務用語。,Concept,投資
1614,グリーンシート,,グリーンシートに関連する業務用語。,Concept,共通
1615,グリーンシート銘柄,,グリーンシート銘柄に関連する業務用語。,Concept,共通
1616,グリーンファイナンス,,グリーンファイナンスに関連する業務用語。,Process,金融
1617,グリーンボンド,,グリーンボンドに関連する業務用語。,Concept,共通
1618,グリーンメーラー,,グリーンメーラーに関連する業務用語。,Concept,共通
1619,グリーンメール,,グリーンメールに関連する業務用語。,Concept,共通
1620,グリーン・ニューディール,,グリーン・ニューディールに関連する業務用語。,Concept,共通
1621,グリーン・マーケティング/エコ・マーケティング,,グリーン・マーケティング/エコ・マーケティングに関連する業務用語。,Concept,マーケティング
1622,グルーピング,,グルーピングに関連する業務用語。,Concept,共通
1623,グループインタビュー,,グループインタビューに関連する業務用語。,Concept,共通
1624,グループ・インタビュー,,グループ・インタビューに関連する業務用語。,Concept,共通
1625,グループ・シンク,,グループ・シンクに関連する業務用語。,Concept,共通
1626,グループ・ダイナミックス,,グループ・ダイナミックスに関連する業務用語。,Concept,共通
1627,グループ会社,Group Company,グループ会社に関連する業務用語。,Entity,共通
1628,グループ法人税制,,グループ法人税制に関連する業務用語。,Entity,共通
1629,グレグジット,,グレグジットに関連する業務用語。,Concept,共通
1630,グレーマーケット,,グレーマーケットに関連する業務用語。,Concept,共通
1631,グロースアプローチ,,グロースアプローチに関連する業務用語。,Concept,共通
1632,グロースハック,,グロースハックに関連する業務用語。,Concept,共通
1633,グロースファンド,,グロースファンドに関連する業務用語。,Metric,投資
1634,グロース・ファンド,,グロース・ファンドに関連する業務用語。,Metric,投資
1635,グロース・リセッション,,グロース・リセッションに関連する業務用語。,Concept,共通
1636,グロース型,,グロース型に関連する業務用語。,Concept,共通
1637,グロース市場,Growth Market,グロース市場に関連する業務用語。,Concept,投資
1638,グロース戦略,Growth Strategy,グロース戦略に関連する業務用語。,Concept,共通
1639,グロース投資,,グロース投資に関連する業務用語。,Concept,共通
1640,グロース株投資,,グロース株投資に関連する業務用語。,Concept,共通
1641,グロース運用,,グロース運用に関連する業務用語。,Concept,共通
1642,グロース／インカム型,,グロース／インカム型に関連する業務用語。,Concept,共通
1643,グロース／クオンツ型,,グロース／クオンツ型に関連する業務用語。,Concept,共通
1644,グローバリゼーション,,グローバリゼーションに関連する業務用語。,Concept,共通
1645,グローバリゼーション/ローカライゼーション,,グローバリゼーション/ローカライゼーションに関連する業務用語。,Concept,共通
1646,グローバルなシステム上重要な保険会社,,グローバルなシステム上重要な保険会社に関連する業務用語。,Entity,共通
1647,グローバルなシステム上重要な金融機関,,グローバルなシステム上重要な金融機関に関連する業務用語。,Entity,共通
1648,グローバルなシステム上重要な銀行,,グローバルなシステム上重要な銀行に関連する業務用語。,Entity,共通
1649,グローバルオファリング,,グローバルオファリングに関連する業務用語。,Entity,共通
1650,グローバルボンド,,グローバルボンドに関連する業務用語。,Entity,共通
1651,グローバル・インバランス,,グローバル・インバランスに関連する業務用語。,Entity,共通
1652,グローバル・オファリング,,グローバル・オファリングに関連する業務用語。,Entity,共通
1653,グローバル・スタンダード,,グローバル・スタンダードに関連する業務用語。,Entity,共通
1654,グローバル・マクロ戦略,,グローバル・マクロ戦略に関連する業務用語。,Entity,共通
1655,グローバル・マクロ運用,,グローバル・マクロ運用に関連する業務用語。,Entity,共通
1656,グローバル債券,,グローバル債券に関連する業務用語。,Concept,投資
1657,グローバル化,Globalization,グローバル化に関連する業務用語。,Entity,共通
1658,グローバル株式,,グローバル株式に関連する業務用語。,Concept,財務分析
1659,グローバル調達,Global Procurement,グローバル調達に関連する業務用語。,Concept,調達
1660,ケイパビリティ,,ケイパビリティに関連する業務用語。,Concept,共通
1661,ケイパビリティ・ベースド・ストラテジー,,ケイパビリティ・ベースド・ストラテジーに関連する業務用語。,Concept,共通
1662,ケイ線,,ケイ線に関連する業務用語。,Concept,共通
1663,ケネディ・ショック,,ケネディ・ショックに関連する業務用語。,Concept,共通
1664,ケミストリー,,ケミストリーに関連する業務用語。,Concept,共通
1665,ケーススタディ,Case Study,ケーススタディに関連する業務用語。,Concept,共通
1666,ケース面接,,ケース面接に関連する業務用語。,Concept,共通
1667,ケーブル,,ケーブルに関連する業務用語。,Concept,共通
1668,ゲームの木,,ゲームの木に関連する業務用語。,Concept,共通
1669,ゲーム理論,,ゲーム理論に関連する業務用語。,Concept,共通
1670,コアCPI,,コアCPIに関連する業務用語。,Concept,共通
1671,コアコアCPI,,コアコアCPIに関連する業務用語。,Concept,共通
1672,コアコア（物価）指数,,コアコア（物価）指数に関連する業務用語。,Concept,共通
1673,コアコアＣＰＩ,,コアコアＣＰＩに関連する業務用語。,Concept,共通
1674,コアサテライト運用,,コアサテライト運用に関連する業務用語。,Concept,共通
1675,コア・インフレ,,コア・インフレに関連する業務用語。,Concept,共通
1676,コア・コンピタンス,Core Competence,コア・コンピタンスに関連する業務用語。,Concept,共通
1677,コア型,,コア型に関連する業務用語。,Concept,共通
1678,コア（物価）指数,,コア（物価）指数に関連する業務用語。,Concept,共通
1679,コストアプローチ,,コストアプローチに関連する業務用語。,Concept,共通
1680,コストセンター,,コストセンターに関連する業務用語。,Concept,共通
1681,コストプッシュインフレ,,コストプッシュインフレに関連する業務用語。,Concept,共通
1682,コストプラス・プライシング,,コストプラス・プライシングに関連する業務用語。,Concept,共通
1683,コストプラス価格設定,,コストプラス価格設定に関連する業務用語。,Concept,共通
1684,コスト・センター,,コスト・センターに関連する業務用語。,Concept,共通
1685,コスト・トランスフォーメーション,Cost Transformation,コスト・トランスフォーメーションに関連する業務用語。,Concept,共通
1686,コスト・ドライバー,,コスト・ドライバーに関連する業務用語。,Concept,共通
1687,コスト・パフォーマンス,,コスト・パフォーマンスに関連する業務用語。,Concept,共通
1688,コスト・リーダーシップ戦略,Cost Leadership Strategy,コスト・リーダーシップ戦略に関連する業務用語。,Process,人事
1689,コスト構造,Cost Structure,コスト構造に関連する業務用語。,Metric,会計
1690,コッター,,コッターに関連する業務用語。,Concept,共通
1691,コトラーの戦略ポジショニング,,コトラーの戦略ポジショニングに関連する業務用語。,Concept,営業
1692,コベナンツ,,コベナンツに関連する業務用語。,Concept,共通
1693,コマーシャルペーパー,Commercial Paper,コマーシャルペーパーに関連する業務用語。,Concept,共通
1694,コマーシャル・ペーパー(CP),,コマーシャル・ペーパー(CP)に関連する業務用語。,Concept,共通
1695,コミッション,,コミッションに関連する業務用語。,Concept,共通
1696,コミットメント,,コミットメントに関連する業務用語。,Concept,共通
1697,コミットメントライン,Commitment Line,コミットメントラインに関連する業務用語。,Concept,共通
1698,コミュニケーション,,コミュニケーションに関連する業務用語。,Concept,共通
1699,コミュニケーション・ミックス,,コミュニケーション・ミックスに関連する業務用語。,Concept,共通
1700,コミュニケーション戦略,Communication Strategy,コミュニケーション戦略に関連する業務用語。,Concept,共通
1701,コモディティ,,コモディティに関連する業務用語。,Concept,共通
1702,コモディティスワップ,,コモディティスワップに関連する業務用語。,Concept,投資
1703,コモディティファンド,,コモディティファンドに関連する業務用語。,Metric,投資
1704,コモディティー投資,,コモディティー投資に関連する業務用語。,Concept,共通
1705,コモディティ上場投資信託,,コモディティ上場投資信託に関連する業務用語。,Metric,投資
1706,コモディティ化,Commoditization,コモディティ化に関連する業務用語。,Concept,共通
1707,コモフレーション,,コモフレーションに関連する業務用語。,Concept,共通
1708,コモンズの悲劇,,コモンズの悲劇に関連する業務用語。,Concept,共通
1709,コラテラル,,コラテラルに関連する業務用語。,Concept,共通
1710,コリンズ・ジェームズ・C,,コリンズ・ジェームズ・Cに関連する業務用語。,Concept,共通
1711,コルレス契約,,コルレス契約に関連する業務用語。,Concept,共通
1712,コレスポンデンス分析,,コレスポンデンス分析に関連する業務用語。,Concept,共通
1713,コロケーション,,コロケーションに関連する業務用語。,Concept,共通
1714,コンカレント・エンジニアリング,,コンカレント・エンジニアリングに関連する業務用語。,Concept,共通
1715,コングロマリット,,コングロマリットに関連する業務用語。,Concept,共通
1716,コンコルド効果,,コンコルド効果に関連する業務用語。,Concept,共通
1717,コンサルタント,Consultant,コンサルタントに関連する業務用語。,Concept,共通
1718,コンサルティングファーム,,コンサルティングファームに関連する業務用語。,Concept,共通
1719,コンジョイント分析,,コンジョイント分析に関連する業務用語。,Concept,共通
1720,コンセプチュアル・スキル,,コンセプチュアル・スキルに関連する業務用語。,Concept,共通
1721,コンセプト・イン,,コンセプト・インに関連する業務用語。,Concept,共通
1722,コンセンサス,Consensus,コンセンサスに関連する業務用語。,Concept,財務分析
1723,コンセンサス調査,,コンセンサス調査に関連する業務用語。,Concept,財務分析
1724,コンソル公債,,コンソル公債に関連する業務用語。,Concept,共通
1725,コンチネンタルターム,,コンチネンタルタームに関連する業務用語。,Concept,共通
1726,コンティンジェンシープランニング,Contingency Planning,コンティンジェンシープランニングに関連する業務用語。,Concept,共通
1727,コンティンジェンシー・プラン,,コンティンジェンシー・プランに関連する業務用語。,Concept,共通
1728,コンテクスト、コンテント,,コンテクスト、コンテントに関連する業務用語。,Concept,共通
1729,コンテンツ,,コンテンツに関連する業務用語。,Concept,共通
1730,コンドラチェフサイクル,,コンドラチェフサイクルに関連する業務用語。,Concept,共通
1731,コンドラチェフ波動,,コンドラチェフ波動に関連する業務用語。,Concept,共通
1732,コンバージェンス,,コンバージェンスに関連する業務用語。,Concept,共通
1733,コンバージョン・ファクター,,コンバージョン・ファクターに関連する業務用語。,Concept,営業
1734,コンピテンシー,,コンピテンシーに関連する業務用語。,Concept,共通
1735,コンフィギュレーション学派,,コンフィギュレーション学派に関連する業務用語。,Concept,共通
1736,コンフリクト,,コンフリクトに関連する業務用語。,Concept,共通
1737,コンプライアンスリスク,Compliance Risk,コンプライアンスリスクに関連する業務用語。,Concept,ガバナンス
1738,コンベクシティ,,コンベクシティに関連する業務用語。,Concept,共通
1739,コンベンショナル方式,,コンベンショナル方式に関連する業務用語。,Concept,共通
1740,コンポジット・インデックス,,コンポジット・インデックスに関連する業務用語。,Metric,投資
1741,コーチング,,コーチングに関連する業務用語。,Process,人事
1742,コーピング,,コーピングに関連する業務用語。,Concept,共通
1743,コーポレートアクション,,コーポレートアクションに関連する業務用語。,Concept,共通
1744,コーポレートガバナンスの状況等,Corporate Governance Status,コーポレートガバナンスの状況等に関連する業務用語。,Entity,ガバナンス
1745,コーポレートガバナンス・コード,Corporate Governance Code,コーポレートガバナンス・コードに関連する業務用語。,Entity,ガバナンス
1746,コーポレートガバナンス報告書,,コーポレートガバナンス報告書に関連する業務用語。,Entity,ガバナンス
1747,コーポレートベンチャーキャピタル,Corporate Venture Capital (CVC),コーポレートベンチャーキャピタルに関連する業務用語。,Event,投資
1748,コーポレート・ガバナンス,,コーポレート・ガバナンスに関連する業務用語。,Entity,ガバナンス
1749,コーポレート・ファイナンス,,コーポレート・ファイナンスに関連する業務用語。,Process,金融
1750,コーポレート・ブランディング,,コーポレート・ブランディングに関連する業務用語。,Concept,共通
1751,コーポレート・ブランド,,コーポレート・ブランドに関連する業務用語。,Concept,マーケティング
1752,コーラブル債,,コーラブル債に関連する業務用語。,Concept,共通
1753,コール,Call,コールに関連する業務用語。,Concept,共通
1754,コールオプション,,コールオプションに関連する業務用語。,Concept,投資
1755,コールドチェーン,Cold Chain,コールドチェーンに関連する業務用語。,Concept,共通
1756,コールローン,,コールローンに関連する業務用語。,Process,金融
1757,コール・オプション,,コール・オプションに関連する業務用語。,Concept,投資
1758,コール市場,,コール市場に関連する業務用語。,Concept,共通
1759,ゴルディロックス相場,,ゴルディロックス相場に関連する業務用語。,Concept,共通
1760,ゴーイングコンサーン,,ゴーイングコンサーンに関連する業務用語。,Concept,共通
1761,ゴーイングプライベート,,ゴーイングプライベートに関連する業務用語。,Concept,共通
1762,ゴーイング・コンサーン,,ゴーイング・コンサーンに関連する業務用語。,Concept,共通
1763,ゴーイング・コンサーン規定,,ゴーイング・コンサーン規定に関連する業務用語。,Concept,共通
1764,ゴールデンクロス,,ゴールデンクロスに関連する業務用語。,Concept,共通
1765,ゴールデンパラシュート,,ゴールデンパラシュートに関連する業務用語。,Concept,共通
1766,ゴールデン・パラシュート対抗措置,,ゴールデン・パラシュート対抗措置に関連する業務用語。,Concept,共通
1767,ゴー・トゥー・マーケット戦略,Go-to-Market Strategy,ゴー・トゥー・マーケット戦略に関連する業務用語。,Concept,共通
1768,サイクル・タイム,,サイクル・タイムに関連する業務用語。,Concept,共通
1769,サイコグラフィック変数,,サイコグラフィック変数に関連する業務用語。,Concept,共通
1770,サイコロ,,サイコロに関連する業務用語。,Concept,共通
1771,サイコロジカルライン,,サイコロジカルラインに関連する業務用語。,Concept,共通
1772,サイバーセキュリティ,Cybersecurity,サイバーセキュリティに関連する業務用語。,Concept,共通
1773,サイバーリスク,Cyber Risk,サイバーリスクに関連する業務用語。,Concept,共通
1774,サクセッション・プランニング,,サクセッション・プランニングに関連する業務用語。,Concept,共通
1775,サスティナブル成長率,,サスティナブル成長率に関連する業務用語。,Concept,共通
1776,サステナビリティに関する考え方及び取組,Sustainability Approach and Initiatives,サステナビリティに関する考え方及び取組に関連する業務用語。,Concept,ESG
1777,サステナビリティボンド,Sustainability Bond,サステナビリティボンドに関連する業務用語。,Concept,ESG
1778,サステナビリティー,,サステナビリティーに関連する業務用語。,Concept,ESG
1779,サステナブル,,サステナブルに関連する業務用語。,Concept,共通
1780,サブスクリプション,Subscription,サブスクリプションに関連する業務用語。,Metric,財務分析
1781,サブスクリプションモデル,,サブスクリプションモデルに関連する業務用語。,Metric,財務分析
1782,サブファンド,,サブファンドに関連する業務用語。,Metric,投資
1783,サブプライムローン,,サブプライムローンに関連する業務用語。,Process,金融
1784,サブ・ブランド戦略,,サブ・ブランド戦略に関連する業務用語。,Concept,マーケティング
1785,サブ連結/段階連結,,サブ連結/段階連結に関連する業務用語。,Document,会計
1786,サプライチェーンコンサルティング,Supply Chain Consulting,サプライチェーンコンサルティングに関連する業務用語。,Concept,調達
1787,サプライチェーンマネジメント,Supply Chain Management,サプライチェーンマネジメントに関連する業務用語。,Concept,調達
1788,サプライチェーン・マネジメント,,サプライチェーン・マネジメントに関連する業務用語。,Concept,調達
1789,サポートゾーン,,サポートゾーンに関連する業務用語。,Concept,共通
1790,サポートライン,,サポートラインに関連する業務用語。,Concept,共通
1791,サマーラリー,,サマーラリーに関連する業務用語。,Concept,共通
1792,サミット,,サミットに関連する業務用語。,Concept,共通
1793,サムライ債,,サムライ債に関連する業務用語。,Concept,共通
1794,サヤ,,サヤに関連する業務用語。,Concept,共通
1795,サヤ取り,,サヤ取りに関連する業務用語。,Concept,共通
1796,サヤ寄せ,,サヤ寄せに関連する業務用語。,Concept,共通
1797,サンクコスト,,サンクコストに関連する業務用語。,Concept,共通
1798,サンセット条項,,サンセット条項に関連する業務用語。,Concept,共通
1799,サンプリング,,サンプリングに関連する業務用語。,Concept,共通
1800,サンプル,,サンプルに関連する業務用語。,Concept,共通
1801,サーキットブレーカー,,サーキットブレーカーに関連する業務用語。,Concept,共通
1802,サードパーティー,,サードパーティーに関連する業務用語。,Concept,共通
1803,サードプレイス,,サードプレイスに関連する業務用語。,Concept,共通
1804,サーバント・リーダーシップ,,サーバント・リーダーシップに関連する業務用語。,Process,人事
1805,サービサー,,サービサーに関連する業務用語。,Concept,共通
1806,サービス,,サービスに関連する業務用語。,Concept,共通
1807,サービス・マーケティング,,サービス・マーケティングに関連する業務用語。,Concept,マーケティング
1808,サービス・マーケティング・ミックス,,サービス・マーケティング・ミックスに関連する業務用語。,Concept,マーケティング
1809,サーベイ・フィードバック,,サーベイ・フィードバックに関連する業務用語。,Concept,共通
1810,ザラ場,,ザラ場に関連する業務用語。,Concept,共通
1811,ザラ場引け,,ザラ場引けに関連する業務用語。,Concept,共通
1812,シェア,,シェアに関連する業務用語。,Concept,共通
1813,シェアリングエコノミー,,シェアリングエコノミーに関連する業務用語。,Concept,共通
1814,シェアードサービス,Shared Services,シェアードサービスに関連する業務用語。,Concept,共通
1815,シェアードバリュー（7Sの要素）,Shared Values (McKinsey 7S),シェアードバリュー（7Sの要素）に関連する業務用語。,Concept,経営戦略
1816,シカゴ・オプション取引所（CBOE）,,シカゴ・オプション取引所（CBOE）に関連する業務用語。,Concept,投資
1817,シカゴ・マーカンタイル取引所,,シカゴ・マーカンタイル取引所に関連する業務用語。,Concept,共通
1818,シカゴ商品取引所,,シカゴ商品取引所に関連する業務用語。,Concept,共通
1819,シカゴ購買部協会景況指数,,シカゴ購買部協会景況指数に関連する業務用語。,Concept,調達
1820,シクリカル,,シクリカルに関連する業務用語。,Concept,共通
1821,シグナリング効果,,シグナリング効果に関連する業務用語。,Concept,共通
1822,シコリ,,シコリに関連する業務用語。,Concept,共通
1823,シコリ玉,,シコリ玉に関連する業務用語。,Concept,共通
1824,シザース,,シザースに関連する業務用語。,Concept,共通
1825,システマティック・リスク,,システマティック・リスクに関連する業務用語。,Concept,共通
1826,システミックリスク,,システミックリスクに関連する業務用語。,Concept,共通
1827,システムインテグレーション,,システムインテグレーションに関連する業務用語。,Concept,共通
1828,システムトレード,,システムトレードに関連する業務用語。,Concept,共通
1829,システム型,,システム型に関連する業務用語。,Concept,共通
1830,システム思考,,システム思考に関連する業務用語。,Concept,共通
1831,システム運用,,システム運用に関連する業務用語。,Concept,共通
1832,システム（7Sの要素）,Systems (McKinsey 7S),システム（7Sの要素）に関連する業務用語。,Concept,経営戦略
1833,シックスシグマ,Six Sigma,シックスシグマに関連する業務用語。,Concept,共通
1834,シックス・シグマ,,シックス・シグマに関連する業務用語。,Concept,共通
1835,シティ,,シティに関連する業務用語。,Concept,共通
1836,シティ世界国債インデックス,,シティ世界国債インデックスに関連する業務用語。,Concept,投資
1837,シドニー先物取引所,,シドニー先物取引所に関連する業務用語。,Concept,投資
1838,シナジー効果,,シナジー効果に関連する業務用語。,Concept,M&A
1839,シナリオプランニング,Scenario Planning,シナリオプランニングに関連する業務用語。,Concept,共通
1840,シニアコンサルタント,Senior Consultant,シニアコンサルタントに関連する業務用語。,Concept,共通
1841,シニアローン,,シニアローンに関連する業務用語。,Process,金融
1842,シニア債,,シニア債に関連する業務用語。,Concept,共通
1843,シビックテック,,シビックテックに関連する業務用語。,Concept,共通
1844,シムズ理論,,シムズ理論に関連する業務用語。,Concept,共通
1845,シャドーバンキング,,シャドーバンキングに関連する業務用語。,Concept,共通
1846,シャープ・レシオ,,シャープ・レシオに関連する業務用語。,Concept,共通
1847,シャープ測度,,シャープ測度に関連する業務用語。,Concept,共通
1848,シュンペーター,,シュンペーターに関連する業務用語。,Concept,共通
1849,ショウグン債,,ショウグン債に関連する業務用語。,Concept,共通
1850,ショーグン債,,ショーグン債に関連する業務用語。,Concept,共通
1851,ショート,,ショートに関連する業務用語。,Concept,投資
1852,ショートカバー,,ショートカバーに関連する業務用語。,Concept,投資
1853,ショートスクイズ,,ショートスクイズに関連する業務用語。,Concept,投資
1854,ショートセル,,ショートセルに関連する業務用語。,Concept,投資
1855,ショートバタフライ,,ショートバタフライに関連する業務用語。,Concept,投資
1856,ショートメーク,,ショートメークに関連する業務用語。,Concept,投資
1857,ショート・コール,,ショート・コールに関連する業務用語。,Concept,投資
1858,ショート・ストラドル,,ショート・ストラドルに関連する業務用語。,Concept,投資
1859,ショート・ストラングル,,ショート・ストラングルに関連する業務用語。,Concept,投資
1860,ショート・プット,,ショート・プットに関連する業務用語。,Concept,投資
1861,シラーＰＥＲ,,シラーＰＥＲに関連する業務用語。,Concept,共通
1862,シリアル限月,,シリアル限月に関連する業務用語。,Concept,共通
1863,シンガポール取引所,,シンガポール取引所に関連する業務用語。,Concept,共通
1864,シンガポール商品取引所,,シンガポール商品取引所に関連する業務用語。,Concept,共通
1865,シンガポール国際金融取引所,,シンガポール国際金融取引所に関連する業務用語。,Concept,共通
1866,シンギュラリティ,,シンギュラリティに関連する業務用語。,Concept,共通
1867,シンクタンク,,シンクタンクに関連する業務用語。,Concept,共通
1868,シンジケートカバー取引,,シンジケートカバー取引に関連する業務用語。,Concept,共通
1869,シンジケートローン,Syndicated Loan,シンジケートローンに関連する業務用語。,Process,金融
1870,シンジケート・ローン,,シンジケート・ローンに関連する業務用語。,Process,金融
1871,シンジケート団,,シンジケート団に関連する業務用語。,Concept,共通
1872,シンセティックETF,,シンセティックETFに関連する業務用語。,Metric,投資
1873,シーズンストック,,シーズンストックに関連する業務用語。,Concept,共通
1874,シーズン・ストック,,シーズン・ストックに関連する業務用語。,Concept,共通
1875,シーズ発想,,シーズ発想に関連する業務用語。,Concept,共通
1876,シータ,Theta,シータに関連する業務用語。,Concept,共通
1877,シ団,,シ団に関連する業務用語。,Concept,共通
1878,シ団指定,,シ団指定に関連する業務用語。,Concept,共通
1879,ジェンセンα,,ジェンセンαに関連する業務用語。,Concept,共通
1880,ジェンダーギャップ指数,,ジェンダーギャップ指数に関連する業務用語。,Concept,共通
1881,ジェンダード・イノベーションズ,,ジェンダード・イノベーションズに関連する業務用語。,Concept,共通
1882,ジオセントリック企業,,ジオセントリック企業に関連する業務用語。,Entity,共通
1883,ジニーメイ,,ジニーメイに関連する業務用語。,Concept,共通
1884,ジニ係数,,ジニ係数に関連する業務用語。,Concept,共通
1885,ジャカルタ総合指数,,ジャカルタ総合指数に関連する業務用語。,Concept,共通
1886,ジャクソンホール会議,,ジャクソンホール会議に関連する業務用語。,Concept,共通
1887,ジャスト・イン・タイム,Just-In-Time,ジャスト・イン・タイムに関連する業務用語。,Process,製造
1888,ジャンクボンド,,ジャンクボンドに関連する業務用語。,Concept,共通
1889,ジャンク債,,ジャンク債に関連する業務用語。,Concept,共通
1890,ジュグラーサイクル,,ジュグラーサイクルに関連する業務用語。,Concept,共通
1891,ジュニアNISA,,ジュニアNISAに関連する業務用語。,Concept,共通
1892,ジュニア債,,ジュニア債に関連する業務用語。,Concept,共通
1893,ジュニアＮＩＳＡ,,ジュニアＮＩＳＡに関連する業務用語。,Concept,共通
1894,ジョイントベンチャー,,ジョイントベンチャーに関連する業務用語。,Concept,共通
1895,ジョブ・ローテーション,,ジョブ・ローテーションに関連する業務用語。,Concept,共通
1896,ジョブ型雇用,,ジョブ型雇用に関連する業務用語。,Concept,共通
1897,ジョブ理論,Jobs-to-be-Done Theory,ジョブ理論に関連する業務用語。,Concept,共通
1898,スイス取引所,,スイス取引所に関連する業務用語。,Concept,共通
1899,スイス証券取引所,,スイス証券取引所に関連する業務用語。,Concept,投資
1900,スイッチング,,スイッチングに関連する業務用語。,Concept,共通
1901,スイッチング・コスト,,スイッチング・コストに関連する業務用語。,Concept,共通
1902,スイングトレード,,スイングトレードに関連する業務用語。,Concept,共通
1903,スウィフト,,スウィフトに関連する業務用語。,Concept,共通
1904,スウェットエクイティ,,スウェットエクイティに関連する業務用語。,Process,金融
1905,スキミング・プライシング,,スキミング・プライシングに関連する業務用語。,Concept,共通
1906,スキャルパー,,スキャルパーに関連する業務用語。,Concept,共通
1907,スキャルピング（スカルピング）,,スキャルピング（スカルピング）に関連する業務用語。,Concept,共通
1908,スキュー指数,,スキュー指数に関連する業務用語。,Concept,共通
1909,スキル（7Sの要素）,Skills (McKinsey 7S),スキル（7Sの要素）に関連する業務用語。,Concept,経営戦略
1910,スキーマ,,スキーマに関連する業務用語。,Concept,共通
1911,スクイーズアウト,Squeeze-Out,スクイーズアウトに関連する業務用語。,Concept,共通
1912,スクエア,,スクエアに関連する業務用語。,Concept,共通
1913,スクラム,,スクラムに関連する業務用語。,Concept,経営戦略
1914,スクリーニング,,スクリーニングに関連する業務用語。,Concept,共通
1915,スクワッド,Squad,スクワッドに関連する業務用語。,Concept,共通
1916,スケジューリング,,スケジューリングに関連する業務用語。,Concept,共通
1917,スケジューリング不能な一時差異,,スケジューリング不能な一時差異に関連する業務用語。,Concept,共通
1918,スケールメリット,,スケールメリットに関連する業務用語。,Concept,共通
1919,スコープ1,Scope 1 Emissions,スコープ1に関連する業務用語。,Process,共通
1920,スコープ2,Scope 2 Emissions,スコープ2に関連する業務用語。,Process,共通
1921,スコープ3,Scope 3 Emissions,スコープ3に関連する業務用語。,Process,共通
1922,スコープ管理,Scope Management,スコープ管理に関連する業務用語。,Process,共通
1923,スタイルインデックス,,スタイルインデックスに関連する業務用語。,Metric,投資
1924,スタイル（7Sの要素）,Style (McKinsey 7S),スタイル（7Sの要素）に関連する業務用語。,Concept,経営戦略
1925,スタグフレーション,,スタグフレーションに関連する業務用語。,Concept,共通
1926,スタッフ,,スタッフに関連する業務用語。,Concept,共通
1927,スタッフ（7Sの要素）,Staff (McKinsey 7S),スタッフ（7Sの要素）に関連する業務用語。,Concept,経営戦略
1928,スタティックアロケーション型,,スタティックアロケーション型に関連する業務用語。,Concept,共通
1929,スタンダード・アンド・プアーズ,,スタンダード・アンド・プアーズに関連する業務用語。,Concept,共通
1930,スタンダード・アンド・プアーズ500種指数,,スタンダード・アンド・プアーズ500種指数に関連する業務用語。,Concept,共通
1931,スタンダード市場,Standard Market,スタンダード市場に関連する業務用語。,Concept,投資
1932,スタートアップ投資,Startup Investment,スタートアップ投資に関連する業務用語。,Concept,共通
1933,スターバックス指数,,スターバックス指数に関連する業務用語。,Concept,共通
1934,スチュワードシップ・コード,Stewardship Code,スチュワードシップ・コードに関連する業務用語。,Concept,ガバナンス
1935,ステアリング委員会,Steering Committee,ステアリング委員会に関連する業務用語。,Entity,ガバナンス
1936,スティープ化,,スティープ化に関連する業務用語。,Concept,共通
1937,ステップアップ債,,ステップアップ債に関連する業務用語。,Concept,共通
1938,ステップアップ年金,,ステップアップ年金に関連する業務用語。,Process,人事
1939,ステップアップ死亡保障,,ステップアップ死亡保障に関連する業務用語。,Concept,共通
1940,ステップダウン債,,ステップダウン債に関連する業務用語。,Concept,共通
1941,ステレオタイプ,,ステレオタイプに関連する業務用語。,Concept,共通
1942,ステークホルダーマネジメント,Stakeholder Management,ステークホルダーマネジメントに関連する業務用語。,Process,共通
1943,ステーブルコイン,,ステーブルコインに関連する業務用語。,Concept,共通
1944,ストキャスティクス,,ストキャスティクスに関連する業務用語。,Concept,共通
1945,ストキャスティックス,,ストキャスティックスに関連する業務用語。,Concept,共通
1946,ストックオプション,Stock Option,ストックオプションに関連する業務用語。,Concept,財務分析
1947,ストックオプションの公正価値,,ストックオプションの公正価値に関連する業務用語。,Concept,財務分析
1948,ストックオプション会計,,ストックオプション会計に関連する業務用語。,Document,会計
1949,ストックレンディング,,ストックレンディングに関連する業務用語。,Concept,共通
1950,ストック・オプション,,ストック・オプションに関連する業務用語。,Concept,投資
1951,ストップオーダー,,ストップオーダーに関連する業務用語。,Concept,共通
1952,ストップロス,,ストップロスに関連する業務用語。,Concept,共通
1953,ストップロスオーダー,,ストップロスオーダーに関連する業務用語。,Concept,共通
1954,ストップ安,,ストップ安に関連する業務用語。,Concept,共通
1955,ストップ配分,,ストップ配分に関連する業務用語。,Concept,共通
1956,ストップ高,,ストップ高に関連する業務用語。,Concept,共通
1957,ストライキングプライス,,ストライキングプライスに関連する業務用語。,Concept,共通
1958,ストライクプライス,,ストライクプライスに関連する業務用語。,Concept,共通
1959,ストラクチャード・インベストメント・ビークル,,ストラクチャード・インベストメント・ビークルに関連する業務用語。,Concept,共通
1960,ストラクチャー（7Sの要素）,Structure (McKinsey 7S),ストラクチャー（7Sの要素）に関連する業務用語。,Concept,経営戦略
1961,ストラテジスト,,ストラテジストに関連する業務用語。,Concept,共通
1962,ストラテジックバイヤー,,ストラテジックバイヤーに関連する業務用語。,Concept,共通
1963,ストラテジー,,ストラテジーに関連する業務用語。,Concept,共通
1964,ストラテジー・マップ,,ストラテジー・マップに関連する業務用語。,Concept,共通
1965,ストラテジー取引,,ストラテジー取引に関連する業務用語。,Concept,共通
1966,ストラテジー（7Sの要素）,Strategy (McKinsey 7S),ストラテジー（7Sの要素）に関連する業務用語。,Concept,経営戦略
1967,ストラドル,,ストラドルに関連する業務用語。,Concept,共通
1968,ストラングル,,ストラングルに関連する業務用語。,Concept,共通
1969,ストリップス債,,ストリップス債に関連する業務用語。,Concept,共通
1970,ストリートネーム,,ストリートネームに関連する業務用語。,Concept,共通
1971,ストリーミング注文,,ストリーミング注文に関連する業務用語。,Concept,共通
1972,ストループ効果,,ストループ効果に関連する業務用語。,Concept,共通
1973,ストレステスト,,ストレステストに関連する業務用語。,Concept,共通
1974,ストレッチ,,ストレッチに関連する業務用語。,Concept,共通
1975,ストーリーライン,Storyline,ストーリーラインに関連する業務用語。,Concept,共通
1976,スパン・オブ・コントロール,,スパン・オブ・コントロールに関連する業務用語。,Concept,共通
1977,スピンアウト,,スピンアウトに関連する業務用語。,Concept,共通
1978,スピンオフ,,スピンオフに関連する業務用語。,Concept,共通
1979,スピンオフ税制,,スピンオフ税制に関連する業務用語。,Concept,共通
1980,スプリット・レーティング,,スプリット・レーティングに関連する業務用語。,Concept,財務分析
1981,スプレッド,,スプレッドに関連する業務用語。,Concept,共通
1982,スプレッド取引,,スプレッド取引に関連する業務用語。,Concept,共通
1983,スペキュレーション取引,,スペキュレーション取引に関連する業務用語。,Concept,共通
1984,スペキュレーター,,スペキュレーターに関連する業務用語。,Concept,共通
1985,スペシャリゼーション,Specialization,スペシャリゼーションに関連する業務用語。,Concept,共通
1986,スポットレート,,スポットレートに関連する業務用語。,Concept,共通
1987,スポット取引,,スポット取引に関連する業務用語。,Concept,共通
1988,スポット型投資信託,,スポット型投資信託に関連する業務用語。,Metric,投資
1989,スポンサー,,スポンサーに関連する業務用語。,Concept,共通
1990,スマイルカーブ,,スマイルカーブに関連する業務用語。,Concept,共通
1991,スマートβ,,スマートβに関連する業務用語。,Concept,共通
1992,スマートβ運用,,スマートβ運用に関連する業務用語。,Concept,共通
1993,スマートグリッド,,スマートグリッドに関連する業務用語。,Concept,共通
1994,スマートコントラクト,Smart Contract,スマートコントラクトに関連する業務用語。,Concept,共通
1995,スマートシティ,,スマートシティに関連する業務用語。,Concept,共通
1996,スマートベータ,,スマートベータに関連する業務用語。,Concept,財務分析
1997,スマートベータ運用,,スマートベータ運用に関連する業務用語。,Concept,財務分析
1998,スマート工場,,スマート工場に関連する業務用語。,Process,製造
1999,スミソニアン体制,,スミソニアン体制に関連する業務用語。,Concept,共通
2000,スモールティック,,スモールティックに関連する業務用語。,Concept,共通
2001,スラック,,スラックに関連する業務用語。,Concept,共通
2002,スリー・ホライゾンズ,Three Horizons Framework,スリー・ホライゾンズに関連する業務用語。,Concept,共通
2003,スループット,,スループットに関連する業務用語。,Metric,製造
2004,スループット会計,,スループット会計に関連する業務用語。,Document,会計
2005,スローストキャスティクス,,スローストキャスティクスに関連する業務用語。,Concept,共通
2006,スローハンド型防衛策,,スローハンド型防衛策に関連する業務用語。,Concept,共通
2007,スワップ,,スワップに関連する業務用語。,Concept,投資
2008,スワップション,,スワップションに関連する業務用語。,Concept,投資
2009,スワップポイント,,スワップポイントに関連する業務用語。,Concept,投資
2010,スーパーアプリ,,スーパーアプリに関連する業務用語。,Concept,共通
2011,スーパーリージョナルバンク,,スーパーリージョナルバンクに関連する業務用語。,Concept,共通
2012,スーパー・チューズデイ,,スーパー・チューズデイに関連する業務用語。,Concept,共通
2013,セカンダリーオファリング,Secondary Offering,セカンダリーオファリングに関連する業務用語。,Concept,共通
2014,セカンダリー・マーケット,,セカンダリー・マーケットに関連する業務用語。,Concept,共通
2015,セキュリタイゼーション,,セキュリタイゼーションに関連する業務用語。,Concept,共通
2016,セキュリティ,,セキュリティに関連する業務用語。,Concept,共通
2017,セキュリティサービス,Security Service,セキュリティサービスに関連する業務用語。,Concept,共通
2018,セクター,,セクターに関連する業務用語。,Concept,共通
2019,セクターアナリスト,,セクターアナリストに関連する業務用語。,Concept,財務分析
2020,セクターウェイト,Sector Weight,セクターウェイトに関連する業務用語。,Concept,共通
2021,セクターストレステスト,,セクターストレステストに関連する業務用語。,Concept,共通
2022,セクターローテーション,,セクターローテーションに関連する業務用語。,Concept,共通
2023,セクター・リスク,,セクター・リスクに関連する業務用語。,Concept,共通
2024,セグメンテーション,Segmentation,セグメンテーションに関連する業務用語。,Concept,営業
2025,セグメンテーション変数,,セグメンテーション変数に関連する業務用語。,Concept,営業
2026,セグメント,,セグメントに関連する業務用語。,Concept,共通
2027,セグメント会計,,セグメント会計に関連する業務用語。,Document,会計
2028,セグメント別業績,Segment Performance,セグメント別業績に関連する業務用語。,Concept,共通
2029,セグメント利益,Segment Profit,セグメント利益に関連する業務用語。,Concept,共通
2030,セグメント管理者,,セグメント管理者に関連する業務用語。,Concept,共通
2031,セグメント資産,Segment Assets,セグメント資産に関連する業務用語。,Concept,会計
2032,セトルメント,,セトルメントに関連する業務用語。,Concept,共通
2033,セパレートリーマネージドアカウント,,セパレートリーマネージドアカウントに関連する業務用語。,Concept,共通
2034,セリング,,セリングに関連する業務用語。,Concept,共通
2035,セリング・クライマックス,,セリング・クライマックスに関連する業務用語。,Concept,共通
2036,セリ売買,,セリ売買に関連する業務用語。,Concept,共通
2037,セルサイド,,セルサイドに関連する業務用語。,Concept,共通
2038,セルサイドアナリスト,Sell-side Analyst,セルサイドアナリストに関連する業務用語。,Concept,財務分析
2039,セレクト型ファンド,,セレクト型ファンドに関連する業務用語。,Metric,投資
2040,センゲ,,センゲに関連する業務用語。,Concept,共通
2041,センス・アンド・アジリティ,Sense and Agility,センス・アンド・アジリティに関連する業務用語。,Concept,共通
2042,センター・オブ・エクセレンス,Center of Excellence,センター・オブ・エクセレンスに関連する業務用語。,Concept,共通
2043,セータ,,セータに関連する業務用語。,Concept,共通
2044,セーフガード,,セーフガードに関連する業務用語。,Concept,共通
2045,セールス・プロモーション,,セールス・プロモーションに関連する業務用語。,Concept,マーケティング
2046,セール・アンド・リースバック取引,,セール・アンド・リースバック取引に関連する業務用語。,Concept,共通
2047,ゼロエミッション,,ゼロエミッションに関連する業務用語。,Concept,共通
2048,ゼロクーポン債,,ゼロクーポン債に関連する業務用語。,Concept,共通
2049,ゼロサムゲーム,,ゼロサムゲームに関連する業務用語。,Concept,共通
2050,ゼロサム・ゲーム,,ゼロサム・ゲームに関連する業務用語。,Concept,共通
2051,ゼロサム交渉,,ゼロサム交渉に関連する業務用語。,Concept,共通
2052,ゼロベース予算,,ゼロベース予算に関連する業務用語。,Concept,共通
2053,ゼロベース思考,Zero-Based Thinking,ゼロベース思考に関連する業務用語。,Concept,共通
2054,ゼロ・クーポン・イールド,,ゼロ・クーポン・イールドに関連する業務用語。,Concept,共通
2055,ゼロ・コスト・オプション,,ゼロ・コスト・オプションに関連する業務用語。,Concept,投資
2056,ゼロ・ベース予算,Zero-Based Budgeting,ゼロ・ベース予算に関連する業務用語。,Concept,共通
2057,ゼロ金利政策,,ゼロ金利政策に関連する業務用語。,Concept,共通
2058,ゼロ金利（政策）,,ゼロ金利（政策）に関連する業務用語。,Concept,共通
2059,ソサエティ5.0,,ソサエティ5.0に関連する業務用語。,Concept,共通
2060,ソサエティー5.0,,ソサエティー5.0に関連する業務用語。,Concept,共通
2061,ソフトウェア,,ソフトウェアに関連する業務用語。,Concept,共通
2062,ソフトウェアの著しい改良,,ソフトウェアの著しい改良に関連する業務用語。,Concept,共通
2063,ソフトウェア仮勘定,,ソフトウェア仮勘定に関連する業務用語。,Document,会計
2064,ソフトウエア,Software,ソフトウエアに関連する業務用語。,Concept,共通
2065,ソフトダラー,,ソフトダラーに関連する業務用語。,Concept,共通
2066,ソフトランディング,,ソフトランディングに関連する業務用語。,Concept,共通
2067,ソブリンウェルスファンド,,ソブリンウェルスファンドに関連する業務用語。,Metric,投資
2068,ソブリンシーリング,,ソブリンシーリングに関連する業務用語。,Concept,共通
2069,ソブリンリスク,,ソブリンリスクに関連する業務用語。,Concept,共通
2070,ソブリン債,,ソブリン債に関連する業務用語。,Concept,共通
2071,ソブリン格付け,,ソブリン格付けに関連する業務用語。,Concept,共通
2072,ソリシター,,ソリシターに関連する業務用語。,Concept,共通
2073,ソリューション,,ソリューションに関連する業務用語。,Concept,共通
2074,ソルベンシー・マージン比率,,ソルベンシー・マージン比率に関連する業務用語。,Concept,ガバナンス
2075,ソロスチャート,,ソロスチャートに関連する業務用語。,Concept,共通
2076,ソーシャルグッド,,ソーシャルグッドに関連する業務用語。,Concept,共通
2077,ソーシャルデザイン,,ソーシャルデザインに関連する業務用語。,Concept,共通
2078,ソーシャルトレード,,ソーシャルトレードに関連する業務用語。,Concept,共通
2079,ソーシャルボンド,Social Bond,ソーシャルボンドに関連する業務用語。,Concept,共通
2080,ソーシャルレンディング,,ソーシャルレンディングに関連する業務用語。,Concept,共通
2081,ソーシャル・イノベーション,,ソーシャル・イノベーションに関連する業務用語。,Concept,共通
2082,ソーシャル・マーケティング,,ソーシャル・マーケティングに関連する業務用語。,Concept,マーケティング
2083,ソーシング戦略,Sourcing Strategy,ソーシング戦略に関連する業務用語。,Concept,調達
2084,タイド・ローン,,タイド・ローンに関連する業務用語。,Process,金融
2085,タイムクォート,,タイムクォートに関連する業務用語。,Concept,共通
2086,タイムディケイ,,タイムディケイに関連する業務用語。,Concept,共通
2087,タイムバリュー,,タイムバリューに関連する業務用語。,Concept,共通
2088,タイムリー・ディスクロージャー,,タイムリー・ディスクロージャーに関連する業務用語。,Concept,共通
2089,タカ派,,タカ派に関連する業務用語。,Concept,共通
2090,タクティカル・アセット・アロケーション（TAA）,,タクティカル・アセット・アロケーション（TAA）に関連する業務用語。,Concept,共通
2091,タコ配,,タコ配に関連する業務用語。,Concept,共通
2092,タックスプランニング,,タックスプランニングに関連する業務用語。,Concept,共通
2093,タックスヘイブン,,タックスヘイブンに関連する業務用語。,Concept,共通
2094,タックスヘイブン対策税制,Tax Haven Countermeasure Rules,タックスヘイブン対策税制に関連する業務用語。,Concept,共通
2095,タックス・クッション,,タックス・クッションに関連する業務用語。,Concept,共通
2096,タックス・ヘイブン対策税制,,タックス・ヘイブン対策税制に関連する業務用語。,Concept,共通
2097,タリフライン,,タリフラインに関連する業務用語。,Concept,共通
2098,ターゲットイヤー型,,ターゲットイヤー型に関連する業務用語。,Concept,共通
2099,ターゲットバイイング,,ターゲットバイイングに関連する業務用語。,Concept,共通
2100,ターゲット・オペレーティング・モデル,Target Operating Model,ターゲット・オペレーティング・モデルに関連する業務用語。,Concept,財務分析
2101,ターゲット・プライシング,,ターゲット・プライシングに関連する業務用語。,Concept,共通
2102,ターゲティッドストック,,ターゲティッドストックに関連する業務用語。,Concept,共通
2103,ターゲティング,Targeting,ターゲティングに関連する業務用語。,Concept,営業
2104,ターミナルレート,,ターミナルレートに関連する業務用語。,Concept,共通
2105,タームプレミアム,,タームプレミアムに関連する業務用語。,Concept,M&A
2106,タームローン,,タームローンに関連する業務用語。,Process,金融
2107,ターム物金利,,ターム物金利に関連する業務用語。,Concept,共通
2108,ターンアラウンド,Turnaround,ターンアラウンドに関連する業務用語。,Concept,共通
2109,ダイナミックヘッジ,,ダイナミックヘッジに関連する業務用語。,Concept,投資
2110,ダイナミック・バッファ・マネジメント,,ダイナミック・バッファ・マネジメントに関連する業務用語。,Concept,共通
2111,ダイナミック・マネジメント,Dynamic Management,ダイナミック・マネジメントに関連する業務用語。,Concept,共通
2112,ダイナミック戦略,Dynamic Strategy,ダイナミック戦略に関連する業務用語。,Concept,共通
2113,ダイバーシティ,Diversity,ダイバーシティに関連する業務用語。,Concept,ESG
2114,ダイバーシティマネジメント,,ダイバーシティマネジメントに関連する業務用語。,Concept,ESG
2115,ダイバージェンス,,ダイバージェンスに関連する業務用語。,Concept,共通
2116,ダイリューション,,ダイリューションに関連する業務用語。,Concept,共通
2117,ダイレクトメディア,,ダイレクトメディアに関連する業務用語。,Concept,共通
2118,ダウングレード,Downgrade,ダウングレードに関連する業務用語。,Concept,共通
2119,ダウンサイド,Downside,ダウンサイドに関連する業務用語。,Concept,共通
2120,ダウンサイドリスク,,ダウンサイドリスクに関連する業務用語。,Concept,共通
2121,ダウンストリーム,,ダウンストリームに関連する業務用語。,Concept,共通
2122,ダウ・ジョーンズ工業株平均株価,,ダウ・ジョーンズ工業株平均株価に関連する業務用語。,Concept,財務分析
2123,ダウ・ジョーンズ社,,ダウ・ジョーンズ社に関連する業務用語。,Concept,共通
2124,ダウ工業株30種平均,,ダウ工業株30種平均に関連する業務用語。,Concept,共通
2125,ダウ平均,,ダウ平均に関連する業務用語。,Concept,共通
2126,ダウ採用銘柄,,ダウ採用銘柄に関連する業務用語。,Process,人事
2127,ダウ理論,,ダウ理論に関連する業務用語。,Concept,共通
2128,ダックス,,ダックスに関連する業務用語。,Concept,共通
2129,ダッチ方式,,ダッチ方式に関連する業務用語。,Concept,共通
2130,ダブルトップ,,ダブルトップに関連する業務用語。,Concept,共通
2131,ダブルボトム,,ダブルボトムに関連する業務用語。,Concept,共通
2132,ダブルループ・ラーニング,,ダブルループ・ラーニングに関連する業務用語。,Concept,共通
2133,ダブルレバレッジ,,ダブルレバレッジに関連する業務用語。,Concept,投資
2134,ダブル・ノータッチ・オプション,,ダブル・ノータッチ・オプションに関連する業務用語。,Concept,投資
2135,ダボス会議,,ダボス会議に関連する業務用語。,Concept,共通
2136,ダレる,,ダレるに関連する業務用語。,Concept,共通
2137,ダンナッシング・ダンアマウント,,ダンナッシング・ダンアマウントに関連する業務用語。,Concept,共通
2138,ダンベル型（バーベル型）,,ダンベル型（バーベル型）に関連する業務用語。,Concept,共通
2139,ダークプール,,ダークプールに関連する業務用語。,Concept,共通
2140,チェックライター,,チェックライターに関連する業務用語。,Concept,共通
2141,チェンジマネジメント,Change Management,チェンジマネジメントに関連する業務用語。,Concept,共通
2142,チェンマイ・イニシアチブ,,チェンマイ・イニシアチブに関連する業務用語。,Concept,共通
2143,チケットフィー,,チケットフィーに関連する業務用語。,Concept,共通
2144,チャイナリスク,,チャイナリスクに関連する業務用語。,Concept,共通
2145,チャイニーズウォール,,チャイニーズウォールに関連する業務用語。,Concept,共通
2146,チャインドネシア,,チャインドネシアに関連する業務用語。,Concept,共通
2147,チャットボット,,チャットボットに関連する業務用語。,Concept,共通
2148,チャネル,,チャネルに関連する業務用語。,Concept,マーケティング
2149,チャネルライン,,チャネルラインに関連する業務用語。,Concept,マーケティング
2150,チャネル・コンフリクト,,チャネル・コンフリクトに関連する業務用語。,Concept,マーケティング
2151,チャネル戦略,Channel Strategy,チャネル戦略に関連する業務用語。,Concept,マーケティング
2152,チャプター,Chapter,チャプターに関連する業務用語。,Concept,共通
2153,チャプター11,,チャプター11に関連する業務用語。,Concept,共通
2154,チャプターイレブン,,チャプターイレブンに関連する業務用語。,Concept,共通
2155,チャレンジャー,,チャレンジャーに関連する業務用語。,Concept,共通
2156,チャンドラー・アルフレッド,,チャンドラー・アルフレッドに関連する業務用語。,Concept,共通
2157,チャート,,チャートに関連する業務用語。,Concept,共通
2158,チャートテクニカル指標,,チャートテクニカル指標に関連する業務用語。,Concept,共通
2159,チャート分析,,チャート分析に関連する業務用語。,Concept,共通
2160,チャーンレート,Churn Rate,解約率。一定期間内に契約を解約した顧客または収益の割合。,Concept,営業
2161,チャーン分析,Churn Analysis,チャーン分析に関連する業務用語。,Concept,営業
2162,チームビルディング,Team Building,チームビルディングに関連する業務用語。,Process,人事
2163,チーム・ビルディング,,チーム・ビルディングに関連する業務用語。,Concept,共通
2164,チーム学習,,チーム学習に関連する業務用語。,Concept,共通
2165,ツイストオペ,,ツイストオペに関連する業務用語。,Concept,共通
2166,ツイッターマネタイゼーション,,ツイッターマネタイゼーションに関連する業務用語。,Concept,共通
2167,ツーウェイプライス,,ツーウェイプライスに関連する業務用語。,Concept,共通
2168,ティッカーシンボル,,ティッカーシンボルに関連する業務用語。,Concept,共通
2169,ティック,,ティックに関連する業務用語。,Concept,共通
2170,ティックチャート,,ティックチャートに関連する業務用語。,Concept,共通
2171,ティックバリュー,,ティックバリューに関連する業務用語。,Concept,共通
2172,ティップス,,ティップスに関連する業務用語。,Concept,共通
2173,ティーチャー・カスタマー,,ティーチャー・カスタマーに関連する業務用語。,Concept,共通
2174,ティール組織,,ティール組織に関連する業務用語。,Concept,共通
2175,テイクレート,Take Rate,テイクレートに関連する業務用語。,Concept,共通
2176,テイク・ザ・オファー,,テイク・ザ・オファーに関連する業務用語。,Concept,共通
2177,テイラールール,,テイラールールに関連する業務用語。,Concept,共通
2178,テクニカル・アナリスト,,テクニカル・アナリストに関連する業務用語。,Concept,財務分析
2179,テクニカル・スキル,,テクニカル・スキルに関連する業務用語。,Concept,共通
2180,テクニカル・バリュー,,テクニカル・バリューに関連する業務用語。,Concept,共通
2181,テクニカル上場,,テクニカル上場に関連する業務用語。,Concept,投資
2182,テクニカル分析,,テクニカル分析に関連する業務用語。,Concept,共通
2183,テクニカル指標,,テクニカル指標に関連する業務用語。,Concept,共通
2184,テクノロジー・カウンシル,Technology Council,テクノロジー・カウンシルに関連する業務用語。,Concept,共通
2185,テクノロジー・ハブ,Technology Hub,テクノロジー・ハブに関連する業務用語。,Concept,共通
2186,テスト・マーケティング,,テスト・マーケティングに関連する業務用語。,Concept,マーケティング
2187,テレワーク,,テレワークに関連する業務用語。,Concept,共通
2188,テンバガー,,テンバガーに関連する業務用語。,Concept,共通
2189,テーパリング,,テーパリングに関連する業務用語。,Concept,共通
2190,テールリスク,,テールリスクに関連する業務用語。,Concept,共通
2191,ディシジョンツリー,,ディシジョンツリーに関連する業務用語。,Concept,共通
2192,ディシジョン・ツリー,,ディシジョン・ツリーに関連する業務用語。,Concept,共通
2193,ディスインフレーション,,ディスインフレーションに関連する業務用語。,Concept,共通
2194,ディスカウントブローカー,,ディスカウントブローカーに関連する業務用語。,Concept,共通
2195,ディスカウントレート,,ディスカウントレートに関連する業務用語。,Concept,共通
2196,ディスカウント債,,ディスカウント債に関連する業務用語。,Concept,共通
2197,ディスクロージャー,,ディスクロージャーに関連する業務用語。,Concept,共通
2198,ディスクローズ,,ディスクローズに関連する業務用語。,Concept,共通
2199,ディスラプション,Disruption,ディスラプションに関連する業務用語。,Concept,共通
2200,ディップ,,ディップに関連する業務用語。,Concept,共通
2201,ディファードペイメント債,,ディファードペイメント債に関連する業務用語。,Concept,共通
2202,ディフェンシブストック,,ディフェンシブストックに関連する業務用語。,Concept,共通
2203,ディフェンシブ・ストック,,ディフェンシブ・ストックに関連する業務用語。,Concept,共通
2204,ディフェンシブ銘柄,,ディフェンシブ銘柄に関連する業務用語。,Concept,共通
2205,ディフュージョン・インデックス,,ディフュージョン・インデックスに関連する業務用語。,Metric,投資
2206,ディマンドプルインフレ,,ディマンドプルインフレに関連する業務用語。,Concept,共通
2207,ディープディスカウント債,,ディープディスカウント債に関連する業務用語。,Concept,共通
2208,ディープラーニング,,ディープラーニングに関連する業務用語。,Concept,共通
2209,ディーラー,,ディーラーに関連する業務用語。,Concept,共通
2210,ディーリング,,ディーリングに関連する業務用語。,Concept,共通
2211,デイトレーディング,,デイトレーディングに関連する業務用語。,Concept,共通
2212,デイトレード,,デイトレードに関連する業務用語。,Concept,共通
2213,デイライト・ポジション,,デイライト・ポジションに関連する業務用語。,Concept,投資
2214,デイ・オーダー,,デイ・オーダーに関連する業務用語。,Concept,共通
2215,デイ・トレーダー,,デイ・トレーダーに関連する業務用語。,Concept,共通
2216,デカップリング,,デカップリングに関連する業務用語。,Concept,共通
2217,デカップリング論,,デカップリング論に関連する業務用語。,Concept,共通
2218,デコンストラクション,,デコンストラクションに関連する業務用語。,Concept,共通
2219,デザインスプリント,,デザインスプリントに関連する業務用語。,Concept,共通
2220,デザイン・イン,,デザイン・インに関連する業務用語。,Concept,共通
2221,デザイン思考,Design Thinking,デザイン思考に関連する業務用語。,Concept,共通
2222,デジタルサイネージ,,デジタルサイネージに関連する業務用語。,Concept,共通
2223,デジタルトランスフォーメーション,Digital Transformation,デジタルトランスフォーメーションに関連する業務用語。,Concept,経営戦略
2224,デジタルマーケティング,,デジタルマーケティングに関連する業務用語。,Concept,マーケティング
2225,デジタルメディア,,デジタルメディアに関連する業務用語。,Concept,共通
2226,デジタル・キューブ,Digital Cube,デジタル・キューブに関連する業務用語。,Concept,共通
2227,デジタル課税,,デジタル課税に関連する業務用語。,Concept,共通
2228,デット,Debt,デットに関連する業務用語。,Concept,共通
2229,デットアサンプション,,デットアサンプションに関連する業務用語。,Concept,共通
2230,デットエクイティースワップ,,デットエクイティースワップに関連する業務用語。,Concept,投資
2231,デットファイナンス,,デットファイナンスに関連する業務用語。,Process,金融
2232,デット・エクイティ・スワップ,,デット・エクイティ・スワップに関連する業務用語。,Concept,投資
2233,デット・ファイナンス,,デット・ファイナンスに関連する業務用語。,Process,金融
2234,デッドクロス,,デッドクロスに関連する業務用語。,Concept,共通
2235,デッドハンド型防衛策,,デッドハンド型防衛策に関連する業務用語。,Concept,共通
2236,デッド・キャット・バウンス,,デッド・キャット・バウンスに関連する業務用語。,Concept,共通
2237,デノミ,,デノミに関連する業務用語。,Concept,共通
2238,デノミネーション,,デノミネーションに関連する業務用語。,Concept,共通
2239,デビットスプレッド,,デビットスプレッドに関連する業務用語。,Concept,共通
2240,デファクト・スタンダード,,デファクト・スタンダードに関連する業務用語。,Concept,共通
2241,デフォルト,,デフォルトに関連する業務用語。,Concept,共通
2242,デフォルトファンド,,デフォルトファンドに関連する業務用語。,Metric,投資
2243,デフォルトリスク,,デフォルトリスクに関連する業務用語。,Concept,共通
2244,デフレ,,デフレに関連する業務用語。,Concept,共通
2245,デフレギャップ,,デフレギャップに関連する業務用語。,Concept,共通
2246,デフレスパイラル,,デフレスパイラルに関連する業務用語。,Concept,共通
2247,デフレマインド,,デフレマインドに関連する業務用語。,Concept,共通
2248,デフレーション,,デフレーションに関連する業務用語。,Concept,共通
2249,デプスインタビュー,,デプスインタビューに関連する業務用語。,Concept,共通
2250,デマンドレスポンス,,デマンドレスポンスに関連する業務用語。,Concept,共通
2251,デモグラフィック変数,,デモグラフィック変数に関連する業務用語。,Concept,共通
2252,デュアルカレンシー債,,デュアルカレンシー債に関連する業務用語。,Concept,共通
2253,デュアル債,,デュアル債に関連する業務用語。,Concept,共通
2254,デリバティブ,,デリバティブに関連する業務用語。,Concept,投資
2255,デリバティブ取引,,デリバティブ取引に関連する業務用語。,Concept,投資
2256,デリバティブ抵当証券,,デリバティブ抵当証券に関連する業務用語。,Concept,投資
2257,デリバティブ証券,,デリバティブ証券に関連する業務用語。,Concept,投資
2258,デリバラブル,Deliverable,デリバラブルに関連する業務用語。,Process,共通
2259,デリバリ,,デリバリに関連する業務用語。,Concept,共通
2260,デルタ,,デルタに関連する業務用語。,Concept,共通
2261,デルタヘッジ,,デルタヘッジに関連する業務用語。,Concept,投資
2262,デルタ・ニュートラルストラテジー取引,,デルタ・ニュートラルストラテジー取引に関連する業務用語。,Concept,共通
2263,デレバレッジ,,デレバレッジに関連する業務用語。,Concept,投資
2264,データガバナンス,Data Governance,データガバナンスに関連する業務用語。,Entity,ガバナンス
2265,データサイエンティスト,,データサイエンティストに関連する業務用語。,Concept,共通
2266,データドリブン経営,Data-driven Management,データドリブン経営に関連する業務用語。,Concept,共通
2267,データベース・マーケティング,,データベース・マーケティングに関連する業務用語。,Concept,マーケティング
2268,データマイニング,,データマイニングに関連する業務用語。,Concept,共通
2269,データ・ドリブン・マーケティング,,データ・ドリブン・マーケティングに関連する業務用語。,Concept,マーケティング
2270,データ・マイニング,,データ・マイニングに関連する業務用語。,Concept,共通
2271,トゥービー,To-Be,トゥービーに関連する業務用語。,Concept,共通
2272,トウバ,,トウバに関連する業務用語。,Concept,共通
2273,トップダウン・アプローチ,,トップダウン・アプローチに関連する業務用語。,Concept,共通
2274,トップダウン方式,,トップダウン方式に関連する業務用語。,Concept,共通
2275,トップマネジメント,,トップマネジメントに関連する業務用語。,Concept,共通
2276,トップライン,,トップラインに関連する業務用語。,Concept,共通
2277,トピックス,,トピックスに関連する業務用語。,Concept,共通
2278,トピックスオプション,,トピックスオプションに関連する業務用語。,Concept,投資
2279,トムネ,,トムネに関連する業務用語。,Concept,共通
2280,トヨタ生産方式,Toyota Production System,トヨタ生産方式に関連する業務用語。,Process,製造
2281,トヨタ自動車第1回ＡＡ型種類株式,,トヨタ自動車第1回ＡＡ型種類株式に関連する業務用語。,Concept,財務分析
2282,トライブ,Tribe,トライブに関連する業務用語。,Concept,共通
2283,トラッキングエラー,,トラッキングエラーに関連する業務用語。,Concept,共通
2284,トラッキングストック,,トラッキングストックに関連する業務用語。,Concept,共通
2285,トラッキング・エラー,,トラッキング・エラーに関連する業務用語。,Concept,共通
2286,トラッキング・ストック,,トラッキング・ストックに関連する業務用語。,Concept,共通
2287,トランザクションレンディング,,トランザクションレンディングに関連する業務用語。,Concept,共通
2288,トランシェ,,トランシェに関連する業務用語。,Concept,共通
2289,トランスナショナル・カンパニー,,トランスナショナル・カンパニーに関連する業務用語。,Concept,共通
2290,トランスフォーメーショナル・モデル,,トランスフォーメーショナル・モデルに関連する業務用語。,Concept,共通
2291,トランプノミクス,,トランプノミクスに関連する業務用語。,Concept,共通
2292,トリガー価格,,トリガー価格に関連する業務用語。,Concept,共通
2293,トリガー条項,,トリガー条項に関連する業務用語。,Concept,共通
2294,トリクルダウン理論,,トリクルダウン理論に関連する業務用語。,Concept,共通
2295,トリプルウィッチング,,トリプルウィッチングに関連する業務用語。,Concept,共通
2296,トリプル安,,トリプル安に関連する業務用語。,Concept,共通
2297,トルネード・チャート,,トルネード・チャートに関連する業務用語。,Concept,共通
2298,トレイナー測度,,トレイナー測度に関連する業務用語。,Concept,共通
2299,トレジャリー,,トレジャリーに関連する業務用語。,Concept,共通
2300,トレジャリーノート,,トレジャリーノートに関連する業務用語。,Concept,共通
2301,トレジャリービル,,トレジャリービルに関連する業務用語。,Concept,共通
2302,トレジャリーボンド,,トレジャリーボンドに関連する業務用語。,Concept,共通
2303,トレジャリー・ゼロ,,トレジャリー・ゼロに関連する業務用語。,Concept,共通
2304,トレンド,,トレンドに関連する業務用語。,Concept,共通
2305,トレンドチャネル,,トレンドチャネルに関連する業務用語。,Concept,マーケティング
2306,トレンドフォロー,,トレンドフォローに関連する業務用語。,Concept,共通
2307,トレンドライン,,トレンドラインに関連する業務用語。,Concept,共通
2308,トレンド分析,,トレンド分析に関連する業務用語。,Concept,共通
2309,トレーサビリティ,Traceability,トレーサビリティに関連する業務用語。,Concept,共通
2310,トレーダー,,トレーダーに関連する業務用語。,Concept,共通
2311,トレーディング,,トレーディングに関連する業務用語。,Concept,共通
2312,トレーディング目的で保有する棚卸資産,,トレーディング目的で保有する棚卸資産に関連する業務用語。,Document,会計
2313,トレードオフ,,トレードオフに関連する業務用語。,Concept,共通
2314,トレーリングストップ注文,,トレーリングストップ注文に関連する業務用語。,Concept,共通
2315,トロイオンス,,トロイオンスに関連する業務用語。,Concept,共通
2316,トンボ,,トンボに関連する業務用語。,Concept,共通
2317,トークン化有価証券,,トークン化有価証券に関連する業務用語。,Concept,投資
2318,トータルリターン,,トータルリターンに関連する業務用語。,Concept,共通
2319,トータル・ソサエタル・インパクト,Total Societal Impact,トータル・ソサエタル・インパクトに関連する業務用語。,Concept,共通
2320,トービン税,,トービン税に関連する業務用語。,Concept,共通
2321,トール・ラテ指数,,トール・ラテ指数に関連する業務用語。,Concept,共通
2322,ドア・イン・ザ・フェイス・テクニック,,ドア・イン・ザ・フェイス・テクニックに関連する業務用語。,Concept,共通
2323,ドイツ株価指数,,ドイツ株価指数に関連する業務用語。,Concept,財務分析
2324,ドッジ・プラン,,ドッジ・プランに関連する業務用語。,Concept,共通
2325,ドッジ・ライン,,ドッジ・ラインに関連する業務用語。,Concept,共通
2326,ドットチャート,,ドットチャートに関連する業務用語。,Concept,共通
2327,ドテン,,ドテンに関連する業務用語。,Concept,共通
2328,ドバイショック,,ドバイショックに関連する業務用語。,Concept,共通
2329,ドバイ原油,,ドバイ原油に関連する業務用語。,Concept,共通
2330,ドメイン,Domain,ドメインに関連する業務用語。,Concept,共通
2331,ドラゴン債,,ドラゴン債に関連する業務用語。,Concept,共通
2332,ドラム・バッファー・ロープ,,ドラム・バッファー・ロープに関連する業務用語。,Concept,共通
2333,ドルコスト平均法,,ドルコスト平均法に関連する業務用語。,Concept,共通
2334,ドルストレート,,ドルストレートに関連する業務用語。,Concept,共通
2335,ドルペッグ,,ドルペッグに関連する業務用語。,Concept,共通
2336,ドル・コスト平均法,,ドル・コスト平均法に関連する業務用語。,Concept,共通
2337,ドル本位制,,ドル本位制に関連する業務用語。,Concept,共通
2338,ドレッシング買い,,ドレッシング買いに関連する業務用語。,Concept,共通
2339,ドローダウン,,ドローダウンに関連する業務用語。,Metric,投資
2340,ドローン,,ドローンに関連する業務用語。,Process,金融
2341,ナイト・セッション,,ナイト・セッションに関連する業務用語。,Concept,共通
2342,ナショナル・ブランド,,ナショナル・ブランドに関連する業務用語。,Concept,マーケティング
2343,ナスダック,,ナスダックに関連する業務用語。,Concept,共通
2344,ナスダック総合指数,,ナスダック総合指数に関連する業務用語。,Concept,共通
2345,ナッシュ均衡,,ナッシュ均衡に関連する業務用語。,Concept,共通
2346,ナレッジマネジメント,Knowledge Management,ナレッジマネジメントに関連する業務用語。,Concept,共通
2347,ナレッジ経営,,ナレッジ経営に関連する業務用語。,Concept,共通
2348,ナンピン,,ナンピンに関連する業務用語。,Concept,共通
2349,ナンピン売り,,ナンピン売りに関連する業務用語。,Concept,共通
2350,ナンピン買い,,ナンピン買いに関連する業務用語。,Concept,共通
2351,ニクソン・ショック,,ニクソン・ショックに関連する業務用語。,Concept,共通
2352,ニッチャー,,ニッチャーに関連する業務用語。,Concept,共通
2353,ニッチ・ビジネス,,ニッチ・ビジネスに関連する業務用語。,Concept,共通
2354,ニッチ戦略,,ニッチ戦略に関連する業務用語。,Concept,共通
2355,ニュルタム,,ニュルタムに関連する業務用語。,Concept,共通
2356,ニューエコノミー,,ニューエコノミーに関連する業務用語。,Concept,共通
2357,ニュートラル・ゾーン,,ニュートラル・ゾーンに関連する業務用語。,Concept,共通
2358,ニューヨークターム,,ニューヨークタームに関連する業務用語。,Concept,共通
2359,ニューヨーク・マーカンタイル取引所,,ニューヨーク・マーカンタイル取引所に関連する業務用語。,Concept,共通
2360,ニューヨーク商品取引所,,ニューヨーク商品取引所に関連する業務用語。,Concept,共通
2361,ニューヨーク商業取引所,,ニューヨーク商業取引所に関連する業務用語。,Concept,共通
2362,ニューヨーク証券取引所,,ニューヨーク証券取引所に関連する業務用語。,Concept,投資
2363,ニューヨーク連銀製造業景況指数,,ニューヨーク連銀製造業景況指数に関連する業務用語。,Process,製造
2364,ニューラルネットワーク,,ニューラルネットワークに関連する業務用語。,Concept,共通
2365,ニーズ,,ニーズに関連する業務用語。,Concept,共通
2366,ニーズ発想,,ニーズ発想に関連する業務用語。,Concept,共通
2367,ヌーボー・マルシェ,,ヌーボー・マルシェに関連する業務用語。,Concept,共通
2368,ネイキッドオプション,,ネイキッドオプションに関連する業務用語。,Concept,投資
2369,ネイキッドショートセリング,,ネイキッドショートセリングに関連する業務用語。,Concept,投資
2370,ネガティブキャリー,,ネガティブキャリーに関連する業務用語。,Concept,共通
2371,ネガティブ・フィードバック,,ネガティブ・フィードバックに関連する業務用語。,Concept,共通
2372,ネクスト市場,,ネクスト市場に関連する業務用語。,Concept,共通
2373,ネッティング,,ネッティングに関連する業務用語。,Concept,共通
2374,ネットD/Eレシオ,Net Debt-to-Equity Ratio,ネットD/Eレシオに関連する業務用語。,Concept,共通
2375,ネットDEレシオ,Net D/E Ratio,ネットDEレシオに関連する業務用語。,Concept,共通
2376,ネットキャッシュ,,ネットキャッシュに関連する業務用語。,Concept,共通
2377,ネットゼロ,Net Zero,ネットゼロに関連する業務用語。,Concept,共通
2378,ネットバブル,,ネットバブルに関連する業務用語。,Concept,共通
2379,ネットワークの経済性,,ネットワークの経済性に関連する業務用語。,Concept,共通
2380,ネットワーク効果,Network Effect,ネットワーク効果に関連する業務用語。,Concept,共通
2381,ネット・オプション価値,,ネット・オプション価値に関連する業務用語。,Concept,投資
2382,ネット取引,,ネット取引に関連する業務用語。,Concept,共通
2383,ネット証券,,ネット証券に関連する業務用語。,Concept,投資
2384,ネーションワイド住宅価格,,ネーションワイド住宅価格に関連する業務用語。,Concept,共通
2385,ネーミング,,ネーミングに関連する業務用語。,Concept,共通
2386,ノイア・マルクト,,ノイア・マルクトに関連する業務用語。,Concept,共通
2387,ノストロ・アカウント,,ノストロ・アカウントに関連する業務用語。,Concept,共通
2388,ノックアウトプット売り型,,ノックアウトプット売り型に関連する業務用語。,Concept,共通
2389,ノックアウト・オプション,,ノックアウト・オプションに関連する業務用語。,Concept,投資
2390,ノックアウト価格,,ノックアウト価格に関連する業務用語。,Concept,共通
2391,ノックインプット売り型,,ノックインプット売り型に関連する業務用語。,Concept,共通
2392,ノックイン・オプション,,ノックイン・オプションに関連する業務用語。,Concept,投資
2393,ノックイン価格,,ノックイン価格に関連する業務用語。,Concept,共通
2394,ノッチ,,ノッチに関連する業務用語。,Concept,共通
2395,ノマド,,ノマドに関連する業務用語。,Concept,共通
2396,ノルウェーOSE全株価指数,,ノルウェーOSE全株価指数に関連する業務用語。,Concept,財務分析
2397,ノーブランド,,ノーブランドに関連する業務用語。,Concept,マーケティング
2398,ノーロード,,ノーロードに関連する業務用語。,Concept,共通
2399,ノーロード・ファンド,,ノーロード・ファンドに関連する業務用語。,Metric,投資
2400,ノーロード投資信託,,ノーロード投資信託に関連する業務用語。,Metric,投資
2401,ハイイールド債,,ハイイールド債に関連する業務用語。,Concept,共通
2402,ハイウォーターマーク,,ハイウォーターマークに関連する業務用語。,Concept,共通
2403,ハイパワードマネー,,ハイパワードマネーに関連する業務用語。,Concept,共通
2404,ハイパーインフレ,,ハイパーインフレに関連する業務用語。,Concept,共通
2405,ハイブリッド,Hybrid,ハイブリッドに関連する業務用語。,Concept,共通
2406,ハイブリッド証券,,ハイブリッド証券に関連する業務用語。,Concept,投資
2407,ハイプ・サイクル,,ハイプ・サイクルに関連する業務用語。,Concept,共通
2408,ハインリッヒの法則,,ハインリッヒの法則に関連する業務用語。,Concept,共通
2409,ハイ・イールド・ボンド,,ハイ・イールド・ボンドに関連する業務用語。,Concept,共通
2410,ハト派,,ハト派に関連する業務用語。,Concept,共通
2411,ハメル・ゲイリー,,ハメル・ゲイリーに関連する業務用語。,Concept,共通
2412,ハラスメント防止,Harassment Prevention,ハラスメント防止に関連する業務用語。,Concept,共通
2413,ハリファックス住宅価格,,ハリファックス住宅価格に関連する業務用語。,Concept,共通
2414,ハロー効果,,ハロー効果に関連する業務用語。,Concept,共通
2415,ハンズオフ,,ハンズオフに関連する業務用語。,Concept,共通
2416,ハンズオン,,ハンズオンに関連する業務用語。,Concept,共通
2417,ハンセン中国レッドチップス指数,,ハンセン中国レッドチップス指数に関連する業務用語。,Concept,共通
2418,ハンセン指数,,ハンセン指数に関連する業務用語。,Concept,共通
2419,ハンセン株価指数,,ハンセン株価指数に関連する業務用語。,Concept,財務分析
2420,ハーズバーグの動機づけ・衛生理論,,ハーズバーグの動機づけ・衛生理論に関連する業務用語。,Concept,共通
2421,ハーディング現象,,ハーディング現象に関連する業務用語。,Concept,共通
2422,ハードランディング,,ハードランディングに関連する業務用語。,Concept,共通
2423,ハードリミット,,ハードリミットに関連する業務用語。,Concept,共通
2424,ハードル・レート,,ハードル・レートに関連する業務用語。,Concept,共通
2425,ハーミーズ,,ハーミーズに関連する業務用語。,Concept,共通
2426,バイアウトファンド,,バイアウトファンドに関連する業務用語。,Metric,投資
2427,バイオインフォマティクス,,バイオインフォマティクスに関連する業務用語。,Concept,共通
2428,バイオメトリクス,,バイオメトリクスに関連する業務用語。,Concept,共通
2429,バイカイ,,バイカイに関連する業務用語。,Concept,共通
2430,バイサイド,,バイサイドに関連する業務用語。,Concept,共通
2431,バイサイドアナリスト,Buy-side Analyst,バイサイドアナリストに関連する業務用語。,Concept,財務分析
2432,バイナリーオプション取引,,バイナリーオプション取引に関連する業務用語。,Concept,投資
2433,バイモーダル戦略,Bimodal Strategy,バイモーダル戦略に関連する業務用語。,Concept,共通
2434,バイ・アンド・ホールド,,バイ・アンド・ホールドに関連する業務用語。,Concept,共通
2435,バスケット取引,,バスケット取引に関連する業務用語。,Concept,共通
2436,バスケット通貨,,バスケット通貨に関連する業務用語。,Concept,投資
2437,バズワード,,バズワードに関連する業務用語。,Concept,共通
2438,バタフライスプレッド,,バタフライスプレッドに関連する業務用語。,Concept,共通
2439,バタフライ効果,,バタフライ効果に関連する業務用語。,Concept,共通
2440,バックエンドエンジニア,,バックエンドエンジニアに関連する業務用語。,Concept,共通
2441,バック・テスト,,バック・テストに関連する業務用語。,Concept,共通
2442,バフェット指標,,バフェット指標に関連する業務用語。,Concept,共通
2443,バブル景気,,バブル景気に関連する業務用語。,Concept,共通
2444,バブル経済,,バブル経済に関連する業務用語。,Concept,共通
2445,バランスシート,,バランスシートに関連する業務用語。,Concept,共通
2446,バランスト・スコアカード(BSC),,バランスト・スコアカード(BSC)に関連する業務用語。,Document,会計
2447,バランスファンド,,バランスファンドに関連する業務用語。,Metric,投資
2448,バランス・ファンド,,バランス・ファンドに関連する業務用語。,Metric,投資
2449,バランス型,,バランス型に関連する業務用語。,Concept,共通
2450,バランス型（投資信託）,,バランス型（投資信託）に関連する業務用語。,Metric,投資
2451,バリア・オプション,,バリア・オプションに関連する業務用語。,Concept,投資
2452,バリエーション,,バリエーションに関連する業務用語。,Concept,共通
2453,バリューアットリスク,,バリューアットリスクに関連する業務用語。,Concept,共通
2454,バリューアプローチ,,バリューアプローチに関連する業務用語。,Concept,共通
2455,バリューストリームマッピング,Value Stream Mapping,バリューストリームマッピングに関連する業務用語。,Process,製造
2456,バリューチェーンの再構築,,バリューチェーンの再構築に関連する業務用語。,Concept,経営戦略
2457,バリュートラップ,,バリュートラップに関連する業務用語。,Concept,共通
2458,バリュードライバー,Value Driver,バリュードライバーに関連する業務用語。,Concept,共通
2459,バリュープロポジション,Value Proposition,バリュープロポジションに関連する業務用語。,Concept,投資
2460,バリュー・ファンド,,バリュー・ファンドに関連する業務用語。,Metric,投資
2461,バリュー・プロポジション,,バリュー・プロポジションに関連する業務用語。,Concept,投資
2462,バリュー型,,バリュー型に関連する業務用語。,Concept,共通
2463,バリュー平均法,,バリュー平均法に関連する業務用語。,Concept,共通
2464,バリュー投資,,バリュー投資に関連する業務用語。,Concept,共通
2465,バリュー株投資,,バリュー株投資に関連する業務用語。,Concept,共通
2466,バリュー／クオンツ型,,バリュー／クオンツ型に関連する業務用語。,Concept,共通
2467,バルチック海運指数,,バルチック海運指数に関連する業務用語。,Concept,共通
2468,バレル,,バレルに関連する業務用語。,Concept,共通
2469,バンクローン,,バンクローンに関連する業務用語。,Process,金融
2470,バンドワゴン効果,,バンドワゴン効果に関連する業務用語。,Concept,共通
2471,バーゼルIII（バーゼル3）,,バーゼルIII（バーゼル3）に関連する業務用語。,Concept,ガバナンス
2472,バーゼルII（バーゼル2）,,バーゼルII（バーゼル2）に関連する業務用語。,Concept,ガバナンス
2473,バーゼルI（バーゼル1）,,バーゼルI（バーゼル1）に関連する業務用語。,Concept,ガバナンス
2474,バーゼル合意,,バーゼル合意に関連する業務用語。,Concept,ガバナンス
2475,バーゼル銀行監督委員会,,バーゼル銀行監督委員会に関連する業務用語。,Entity,ガバナンス
2476,バーチャート,,バーチャートに関連する業務用語。,Concept,共通
2477,バーベル型ポートフォリオ,,バーベル型ポートフォリオに関連する業務用語。,Concept,投資
2478,バーベル戦略,,バーベル戦略に関連する業務用語。,Concept,共通
2479,パイプス,,パイプスに関連する業務用語。,Concept,共通
2480,パススルー証券,,パススルー証券に関連する業務用語。,Concept,投資
2481,パス・ゴール理論,,パス・ゴール理論に関連する業務用語。,Concept,共通
2482,パターン認識,,パターン認識に関連する業務用語。,Concept,共通
2483,パックマン・ディフェンス,,パックマン・ディフェンスに関連する業務用語。,Concept,共通
2484,パッケージング,,パッケージングに関連する業務用語。,Concept,共通
2485,パッケージ取引,,パッケージ取引に関連する業務用語。,Concept,共通
2486,パッシブ・ファンド,,パッシブ・ファンドに関連する業務用語。,Metric,投資
2487,パッシブ型,,パッシブ型に関連する業務用語。,Metric,投資
2488,パッシブ運用,,パッシブ運用に関連する業務用語。,Metric,投資
2489,パテント,,パテントに関連する業務用語。,Concept,共通
2490,パテント・トロール,,パテント・トロールに関連する業務用語。,Concept,共通
2491,パフォーマンス,,パフォーマンスに関連する業務用語。,Concept,共通
2492,パフォーマンスデータ,,パフォーマンスデータに関連する業務用語。,Concept,共通
2493,パフォーマンス評価,,パフォーマンス評価に関連する業務用語。,Process,人事
2494,パブリシティ,,パブリシティに関連する業務用語。,Concept,共通
2495,パラダイム,,パラダイムに関連する業務用語。,Concept,共通
2496,パラダイムシフト,,パラダイムシフトに関連する業務用語。,Concept,共通
2497,パラボリック,,パラボリックに関連する業務用語。,Concept,共通
2498,パリクラブ,,パリクラブに関連する業務用語。,Concept,共通
2499,パリティ,,パリティに関連する業務用語。,Concept,共通
2500,パリティー,,パリティーに関連する業務用語。,Concept,共通
2501,パレートの法則,,パレートの法則に関連する業務用語。,Concept,共通
2502,パレート分析,,パレート分析に関連する業務用語。,Concept,共通
2503,パレート最適,,パレート最適に関連する業務用語。,Concept,共通
2504,パワー,,パワーに関連する業務用語。,Concept,共通
2505,パワーの源泉,,パワーの源泉に関連する業務用語。,Concept,共通
2506,パンデミックリスク,Pandemic Risk,パンデミックリスクに関連する業務用語。,Concept,共通
2507,パー,,パーに関連する業務用語。,Concept,共通
2508,パーキンソンの法則,,パーキンソンの法則に関連する業務用語。,Concept,共通
2509,パーセプション・ギャップ,,パーセプション・ギャップに関連する業務用語。,Concept,共通
2510,パーセプション・マップ,,パーセプション・マップに関連する業務用語。,Concept,共通
2511,パーチェス法,,パーチェス法に関連する業務用語。,Concept,共通
2512,パートナー（コンサルティングファーム）,Partner (Consulting Firm),パートナー（コンサルティングファーム）に関連する業務用語。,Entity,人事
2513,パーミッション・マーケティング,,パーミッション・マーケティングに関連する業務用語。,Concept,マーケティング
2514,パー・イールド,,パー・イールドに関連する業務用語。,Concept,共通
2515,ヒエラルキー型組織,,ヒエラルキー型組織に関連する業務用語。,Concept,共通
2516,ヒゲ,,ヒゲに関連する業務用語。,Concept,共通
2517,ヒストリカルボラティリティ,,ヒストリカルボラティリティに関連する業務用語。,Metric,投資
2518,ヒストリカルボラティリティー,,ヒストリカルボラティリティーに関連する業務用語。,Metric,投資
2519,ヒューマンエラー,,ヒューマンエラーに関連する業務用語。,Concept,共通
2520,ヒューマン・スキル,,ヒューマン・スキルに関連する業務用語。,Concept,共通
2521,ヒューリスティック,,ヒューリスティックに関連する業務用語。,Concept,共通
2522,ヒンデンブルグ・オーメン,,ヒンデンブルグ・オーメンに関連する業務用語。,Concept,共通
2523,ビジネスサイクル,,ビジネスサイクルに関連する業務用語。,Concept,共通
2524,ビジネスプロセス管理,Business Process Management,ビジネスプロセス管理に関連する業務用語。,Concept,共通
2525,ビジネスモデルキャンバス,,ビジネスモデルキャンバスに関連する業務用語。,Concept,経営戦略
2526,ビジネス・マーケティング,,ビジネス・マーケティングに関連する業務用語。,Concept,マーケティング
2527,ビジネス診断,Business Diagnosis,ビジネス診断に関連する業務用語。,Concept,共通
2528,ビジョナリー・リーダーシップ,,ビジョナリー・リーダーシップに関連する業務用語。,Process,人事
2529,ビッグデータ,Big Data,ビッグデータに関連する業務用語。,Concept,共通
2530,ビッグマック指数,,ビッグマック指数に関連する業務用語。,Concept,共通
2531,ビットコイン,,ビットコインに関連する業務用語。,Concept,共通
2532,ビッド,,ビッドに関連する業務用語。,Concept,共通
2533,ビナイン・ネグレクト,,ビナイン・ネグレクトに関連する業務用語。,Concept,共通
2534,ビルトインスタビライザー,,ビルトインスタビライザーに関連する業務用語。,Concept,共通
2535,ピグマリオン効果,,ピグマリオン効果に関連する業務用語。,Concept,共通
2536,ピボット,,ピボットに関連する業務用語。,Concept,共通
2537,ピラミッド構造,Pyramid Structure,ピラミッド構造に関連する業務用語。,Concept,共通
2538,ピラミッド構造（ピラミッド・ストラクチャー）,,ピラミッド構造（ピラミッド・ストラクチャー）に関連する業務用語。,Concept,共通
2539,ピーク,,ピークに関連する業務用語。,Concept,共通
2540,ピークアウト,,ピークアウトに関連する業務用語。,Concept,共通
2541,ピーターの法則,,ピーターの法則に関連する業務用語。,Concept,共通
2542,ファイアーウォール,,ファイアーウォールに関連する業務用語。,Concept,共通
2543,ファイアーウォール規制,,ファイアーウォール規制に関連する業務用語。,Concept,ガバナンス
2544,ファイナンシャルモデリング,Financial Modeling,ファイナンシャルモデリングに関連する業務用語。,Concept,共通
2545,ファイナンシャル・プランナー,,ファイナンシャル・プランナーに関連する業務用語。,Concept,共通
2546,ファイナンス,,ファイナンスに関連する業務用語。,Process,金融
2547,ファイナンスリーグテーブル,,ファイナンスリーグテーブルに関連する業務用語。,Process,金融
2548,ファイナンス・リース取引,,ファイナンス・リース取引に関連する業務用語。,Process,金融
2549,ファイリング制度,,ファイリング制度に関連する業務用語。,Concept,共通
2550,ファクタリング,,ファクタリングに関連する業務用語。,Concept,共通
2551,ファクトベース,Fact-Based,ファクトベースに関連する業務用語。,Concept,共通
2552,ファクト・ブック,,ファクト・ブックに関連する業務用語。,Concept,共通
2553,ファシリテーション,Facilitation,ファシリテーションに関連する業務用語。,Concept,共通
2554,ファッションEC,Fashion E-commerce,ファッションECに関連する業務用語。,Concept,共通
2555,ファニーメイ,,ファニーメイに関連する業務用語。,Concept,共通
2556,ファブレス経営,,ファブレス経営に関連する業務用語。,Concept,共通
2557,ファミリーファンド,,ファミリーファンドに関連する業務用語。,Metric,投資
2558,ファミリーファンド方式,,ファミリーファンド方式に関連する業務用語。,Metric,投資
2559,ファミリー・ブランド,,ファミリー・ブランドに関連する業務用語。,Concept,マーケティング
2560,ファンダメンタルズ,,ファンダメンタルズに関連する業務用語。,Concept,共通
2561,ファンダメンタルズ分析,,ファンダメンタルズ分析に関連する業務用語。,Concept,共通
2562,ファンダメンタル・バリュー,,ファンダメンタル・バリューに関連する業務用語。,Concept,共通
2563,ファンディングコスト,,ファンディングコストに関連する業務用語。,Concept,共通
2564,ファントラ,,ファントラに関連する業務用語。,Concept,共通
2565,ファンド,,ファンドに関連する業務用語。,Metric,投資
2566,ファンドアナリスト,,ファンドアナリストに関連する業務用語。,Concept,財務分析
2567,ファンドオブファンズ型（投資信託）,,ファンドオブファンズ型（投資信託）に関連する業務用語。,Metric,投資
2568,ファンドトラスト,,ファンドトラストに関連する業務用語。,Metric,投資
2569,ファンドマネジャー,,ファンドマネジャーに関連する業務用語。,Metric,投資
2570,ファンドマネージャー,,ファンドマネージャーに関連する業務用語。,Metric,投資
2571,ファンドラップ,,ファンドラップに関連する業務用語。,Metric,投資
2572,ファンド・オブ・ファンズ,,ファンド・オブ・ファンズに関連する業務用語。,Metric,投資
2573,ファンド・マネジャー,,ファンド・マネジャーに関連する業務用語。,Metric,投資
2574,ファーストコール,,ファーストコールに関連する業務用語。,Concept,共通
2575,ファーストムーバーアドバンテージ,,ファーストムーバーアドバンテージに関連する業務用語。,Concept,共通
2576,ファースト・ムーバーズ・アドバンテージ?,,ファースト・ムーバーズ・アドバンテージ?に関連する業務用語。,Concept,共通
2577,ファースト・ムーバーズ・アドバンテージ①,,ファースト・ムーバーズ・アドバンテージ①に関連する業務用語。,Concept,共通
2578,ファームバンキング,,ファームバンキングに関連する業務用語。,Concept,共通
2579,ファームプライス,,ファームプライスに関連する業務用語。,Concept,共通
2580,フィジビリティ,,フィジビリティに関連する業務用語。,Concept,共通
2581,フィジビリティ・スタディ,,フィジビリティ・スタディに関連する業務用語。,Concept,共通
2582,フィッシャー方程式,,フィッシャー方程式に関連する業務用語。,Concept,共通
2583,フィッチ,Fitch Ratings,フィッチに関連する業務用語。,Concept,共通
2584,フィッチ・レーティングス,,フィッチ・レーティングスに関連する業務用語。,Concept,財務分析
2585,フィット・ギャップ分析,Fit-Gap Analysis,フィット・ギャップ分析に関連する業務用語。,Concept,共通
2586,フィデューシャリー・デューティー,,フィデューシャリー・デューティーに関連する業務用語。,Concept,共通
2587,フィナンシャル・タイムズ,,フィナンシャル・タイムズに関連する業務用語。,Concept,共通
2588,フィナンシャル・バイヤー,,フィナンシャル・バイヤーに関連する業務用語。,Concept,共通
2589,フィボナッチ・レシオ,,フィボナッチ・レシオに関連する業務用語。,Concept,共通
2590,フィラデルフィア半導体株指数,,フィラデルフィア半導体株指数に関連する業務用語。,Concept,共通
2591,フィラデルフィア連銀指数,,フィラデルフィア連銀指数に関連する業務用語。,Concept,共通
2592,フィラデルフィア連銀製造業景況指数,,フィラデルフィア連銀製造業景況指数に関連する業務用語。,Process,製造
2593,フィリップス曲線,,フィリップス曲線に関連する業務用語。,Concept,共通
2594,フィリピン総合指数,,フィリピン総合指数に関連する業務用語。,Concept,共通
2595,フィンテック,FinTech,フィンテックに関連する業務用語。,Concept,共通
2596,フィンテック協会,,フィンテック協会に関連する業務用語。,Concept,共通
2597,フィージビリティスタディ,,フィージビリティスタディに関連する業務用語。,Concept,共通
2598,フィードバック,,フィードバックに関連する業務用語。,Concept,共通
2599,フィードラー理論,,フィードラー理論に関連する業務用語。,Concept,共通
2600,フィー収入,Fee Revenue,フィー収入に関連する業務用語。,Concept,共通
2601,フェアバリュー,,フェアバリューに関連する業務用語。,Concept,共通
2602,フェア・ディスクロージャー・ルール,Fair Disclosure Rule,フェア・ディスクロージャー・ルールに関連する業務用語。,Concept,共通
2603,フェイル,,フェイルに関連する業務用語。,Concept,共通
2604,フェデラルファンドレート,,フェデラルファンドレートに関連する業務用語。,Metric,投資
2605,フェデラルファンド金利,,フェデラルファンド金利に関連する業務用語。,Metric,投資
2606,フェムテック,,フェムテックに関連する業務用語。,Concept,共通
2607,フェルミ推定,,フェルミ推定に関連する業務用語。,Concept,共通
2608,フォロワー,,フォロワーに関連する業務用語。,Concept,共通
2609,フォロワーシップ,,フォロワーシップに関連する業務用語。,Concept,共通
2610,フォワードガイダンス,,フォワードガイダンスに関連する業務用語。,Concept,財務分析
2611,フォワードレート,,フォワードレートに関連する業務用語。,Concept,共通
2612,フォワードレートのもつ意味,,フォワードレートのもつ意味に関連する業務用語。,Concept,共通
2613,フォワード・テスト,,フォワード・テストに関連する業務用語。,Concept,共通
2614,フォワード取引,,フォワード取引に関連する業務用語。,Concept,共通
2615,フォワード取引（外国為替）,,フォワード取引（外国為替）に関連する業務用語。,Concept,投資
2616,フォーカス・グループ,,フォーカス・グループに関連する業務用語。,Concept,共通
2617,フォーミュラ・プラン,,フォーミュラ・プランに関連する業務用語。,Concept,共通
2618,フォーリンアークエンジェル,,フォーリンアークエンジェルに関連する業務用語。,Event,投資
2619,フォーリンエンジェル,,フォーリンエンジェルに関連する業務用語。,Event,投資
2620,フット・イン・ザ・ドア・テクニック,,フット・イン・ザ・ドア・テクニックに関連する業務用語。,Concept,共通
2621,フライティングパターン,,フライティングパターンに関連する業務用語。,Concept,共通
2622,フラジャイル5,,フラジャイル5に関連する業務用語。,Concept,共通
2623,フラッグ型,,フラッグ型に関連する業務用語。,Concept,共通
2624,フラッシュクラッシュ,,フラッシュクラッシュに関連する業務用語。,Concept,共通
2625,フラッシュメモリー,,フラッシュメモリーに関連する業務用語。,Concept,共通
2626,フラッシュ取引,,フラッシュ取引に関連する業務用語。,Concept,共通
2627,フラット35,,フラット35に関連する業務用語。,Concept,共通
2628,フラット化,,フラット化に関連する業務用語。,Concept,共通
2629,フラット期間,,フラット期間に関連する業務用語。,Concept,共通
2630,フラット組織,,フラット組織に関連する業務用語。,Concept,共通
2631,フランクフルト証券取引所,,フランクフルト証券取引所に関連する業務用語。,Concept,投資
2632,フランス国際先物取引所,,フランス国際先物取引所に関連する業務用語。,Concept,投資
2633,フランチャイズ,Franchise,フランチャイズに関連する業務用語。,Concept,共通
2634,フランチャイズ方式,,フランチャイズ方式に関連する業務用語。,Concept,共通
2635,フリー,,フリーに関連する業務用語。,Concept,共通
2636,フリーETF,,フリーETFに関連する業務用語。,Metric,投資
2637,フリーキャッシュフロー,Free Cash Flow,フリーキャッシュフローに関連する業務用語。,Metric,会計
2638,フリー・キャッシュフロー,,フリー・キャッシュフローに関連する業務用語。,Metric,会計
2639,フルインベストメント,,フルインベストメントに関連する業務用語。,Concept,共通
2640,フルスクラッチ,,フルスクラッチに関連する業務用語。,Concept,共通
2641,フル・ライン戦略,,フル・ライン戦略に関連する業務用語。,Concept,共通
2642,フレディマック,,フレディマックに関連する業務用語。,Concept,共通
2643,フレーミング,,フレーミングに関連する業務用語。,Concept,共通
2644,フレームワーク,,フレームワークに関連する業務用語。,Concept,共通
2645,フレームワーク思考,Framework Thinking,フレームワーク思考に関連する業務用語。,Concept,共通
2646,フロア,,フロアに関連する業務用語。,Concept,共通
2647,フロントエンドエンジニア,,フロントエンドエンジニアに関連する業務用語。,Concept,共通
2648,フロントランニング,,フロントランニングに関連する業務用語。,Concept,共通
2649,フロー,,フローに関連する業務用語。,Concept,共通
2650,フローター,,フローターに関連する業務用語。,Concept,共通
2651,フロート制,,フロート制に関連する業務用語。,Concept,共通
2652,フードテック,,フードテックに関連する業務用語。,Concept,共通
2653,ブックビルディング,Book Building,ブックビルディングに関連する業務用語。,Concept,共通
2654,ブックビルディング方式,,ブックビルディング方式に関連する業務用語。,Concept,共通
2655,ブックランナー,,ブックランナーに関連する業務用語。,Concept,共通
2656,ブッシェル,,ブッシェルに関連する業務用語。,Concept,共通
2657,ブティックハウス,,ブティックハウスに関連する業務用語。,Concept,共通
2658,ブラックアウト・ルール,,ブラックアウト・ルールに関連する業務用語。,Concept,共通
2659,ブラックアウト期間,,ブラックアウト期間に関連する業務用語。,Concept,共通
2660,ブラックショールズモデル,,ブラックショールズモデルに関連する業務用語。,Concept,共通
2661,ブラックスワン理論,,ブラックスワン理論に関連する業務用語。,Concept,共通
2662,ブラックマンデー,,ブラックマンデーに関連する業務用語。,Concept,共通
2663,ブランディング,,ブランディングに関連する業務用語。,Concept,共通
2664,ブランドスイッチ,,ブランドスイッチに関連する業務用語。,Concept,マーケティング
2665,ブランド・アンブレラ戦略,,ブランド・アンブレラ戦略に関連する業務用語。,Concept,マーケティング
2666,ブランド・エクイティ,,ブランド・エクイティに関連する業務用語。,Concept,マーケティング
2667,ブランド・ステートメント,,ブランド・ステートメントに関連する業務用語。,Concept,マーケティング
2668,ブランド・ダイリューション,,ブランド・ダイリューションに関連する業務用語。,Concept,マーケティング
2669,ブランド・ロイヤルティ,,ブランド・ロイヤルティに関連する業務用語。,Concept,マーケティング
2670,ブランド価値,Brand Value,ブランド価値に関連する業務用語。,Concept,マーケティング
2671,ブランド戦略,Brand Strategy,ブランド戦略に関連する業務用語。,Concept,マーケティング
2672,ブランド拡張,,ブランド拡張に関連する業務用語。,Concept,マーケティング
2673,ブランド認知,,ブランド認知に関連する業務用語。,Concept,マーケティング
2674,ブランド連想,,ブランド連想に関連する業務用語。,Concept,マーケティング
2675,ブリックス（BRICs）,,ブリックス（BRICs）に関連する業務用語。,Concept,共通
2676,ブルベアファンド,,ブルベアファンドに関連する業務用語。,Metric,投資
2677,ブルベア型,,ブルベア型に関連する業務用語。,Concept,共通
2678,ブルマーケット,,ブルマーケットに関連する業務用語。,Concept,共通
2679,ブル・ベア型,,ブル・ベア型に関連する業務用語。,Concept,共通
2680,ブルーオーシャン戦略,Blue Ocean Strategy,ブルーオーシャン戦略に関連する業務用語。,Concept,経営戦略
2681,ブルーチップ,,ブルーチップに関連する業務用語。,Concept,共通
2682,ブレイクアウト,,ブレイクアウトに関連する業務用語。,Concept,共通
2683,ブレグジット,,ブレグジットに関連する業務用語。,Concept,共通
2684,ブレット,,ブレットに関連する業務用語。,Concept,共通
2685,ブレトンウッズ体制,,ブレトンウッズ体制に関連する業務用語。,Concept,共通
2686,ブレトン・ウッズ体制,,ブレトン・ウッズ体制に関連する業務用語。,Concept,共通
2687,ブレンド型,,ブレンド型に関連する業務用語。,Concept,共通
2688,ブレンド／クオンツ型,,ブレンド／クオンツ型に関連する業務用語。,Concept,共通
2689,ブレークイーブンインフレ率,,ブレークイーブンインフレ率に関連する業務用語。,Concept,共通
2690,ブレークスルー,,ブレークスルーに関連する業務用語。,Concept,共通
2691,ブレーク・イーブン・インフレ率,,ブレーク・イーブン・インフレ率に関連する業務用語。,Concept,共通
2692,ブレーン・ストーミング,,ブレーン・ストーミングに関連する業務用語。,Concept,共通
2693,ブロックオファー,,ブロックオファーに関連する業務用語。,Concept,共通
2694,ブロックチェーン,Blockchain,ブロックチェーンに関連する業務用語。,Concept,共通
2695,ブロックトレーディング,,ブロックトレーディングに関連する業務用語。,Concept,共通
2696,ブロックトレード,,ブロックトレードに関連する業務用語。,Concept,共通
2697,ブロック取引,,ブロック取引に関連する業務用語。,Concept,共通
2698,ブローカレッジ,,ブローカレッジに関連する業務用語。,Concept,共通
2699,ブローカー,,ブローカーに関連する業務用語。,Concept,共通
2700,ブローカー業務,,ブローカー業務に関連する業務用語。,Concept,共通
2701,ブローキング,,ブローキングに関連する業務用語。,Concept,共通
2702,ブロードバンディング,,ブロードバンディングに関連する業務用語。,Concept,共通
2703,プチ株,,プチ株に関連する業務用語。,Concept,共通
2704,プチ株?,,プチ株?に関連する業務用語。,Concept,共通
2705,プッシュ戦略,,プッシュ戦略に関連する業務用語。,Concept,共通
2706,プット,Put,プットに関連する業務用語。,Concept,共通
2707,プットオプション,,プットオプションに関連する業務用語。,Concept,投資
2708,プット・オプション,,プット・オプションに関連する業務用語。,Concept,投資
2709,プライオリタイゼーション,Prioritization,プライオリタイゼーションに関連する業務用語。,Concept,共通
2710,プライスチャネル,,プライスチャネルに関連する業務用語。,Concept,マーケティング
2711,プライスバンディング,,プライスバンディングに関連する業務用語。,Concept,共通
2712,プライスリーダー,,プライスリーダーに関連する業務用語。,Concept,共通
2713,プライベートエクイティファンド,,プライベートエクイティファンドに関連する業務用語。,Metric,投資
2714,プライベートオファリング,,プライベートオファリングに関連する業務用語。,Concept,共通
2715,プライベートブランド,Private Brand (PB),プライベートブランドに関連する業務用語。,Concept,マーケティング
2716,プライベート・ブランド,,プライベート・ブランドに関連する業務用語。,Concept,マーケティング
2717,プライマリーバランス,,プライマリーバランスに関連する業務用語。,Concept,共通
2718,プライマリー・マーケット,,プライマリー・マーケットに関連する業務用語。,Concept,共通
2719,プライマリー収支,,プライマリー収支に関連する業務用語。,Concept,共通
2720,プライミング効果,,プライミング効果に関連する業務用語。,Concept,共通
2721,プライムレート,,プライムレートに関連する業務用語。,Concept,共通
2722,プライム市場,Prime Market,プライム市場に関連する業務用語。,Concept,投資
2723,プラザ合意,,プラザ合意に関連する業務用語。,Concept,共通
2724,プラスサム・ゲーム,,プラスサム・ゲームに関連する業務用語。,Concept,共通
2725,プラス成長,,プラス成長に関連する業務用語。,Concept,共通
2726,プラットフォーム,,プラットフォームに関連する業務用語。,Concept,共通
2727,プラットフォームビジネス,Platform Business,プラットフォームビジネスに関連する業務用語。,Concept,共通
2728,プリンシパル,Principal,プリンシパルに関連する業務用語。,Concept,共通
2729,プリンシパルとエージェントのゲーム,,プリンシパルとエージェントのゲームに関連する業務用語。,Concept,共通
2730,プリンシパルインベストメント,,プリンシパルインベストメントに関連する業務用語。,Concept,共通
2731,プルーデントマンルール,,プルーデントマンルールに関連する業務用語。,Concept,共通
2732,プル戦略,,プル戦略に関連する業務用語。,Concept,共通
2733,プレミアム,,プレミアムに関連する業務用語。,Concept,M&A
2734,プレミアム価格,,プレミアム価格に関連する業務用語。,Concept,M&A
2735,プレ・オープニング,,プレ・オープニングに関連する業務用語。,Concept,共通
2736,プレ・クロージング,,プレ・クロージングに関連する業務用語。,Process,M&A
2737,プレーンバニラ,,プレーンバニラに関連する業務用語。,Concept,共通
2738,プロキシーファイト,,プロキシーファイトに関連する業務用語。,Concept,共通
2739,プロキシー・ファイト,,プロキシー・ファイトに関連する業務用語。,Concept,共通
2740,プログラミング,,プログラミングに関連する業務用語。,Concept,共通
2741,プログラム売買,,プログラム売買に関連する業務用語。,Concept,共通
2742,プロジェクトチーム型組織,,プロジェクトチーム型組織に関連する業務用語。,Process,共通
2743,プロジェクトマネジメント,Project Management,プロジェクトマネジメントに関連する業務用語。,Process,共通
2744,プロジェクトマネージャー（PM）,,プロジェクトマネージャー（PM）に関連する業務用語。,Process,共通
2745,プロスペクト,,プロスペクトに関連する業務用語。,Concept,共通
2746,プロスペクト理論,,プロスペクト理論に関連する業務用語。,Concept,共通
2747,プロセス・コンサルテーション,,プロセス・コンサルテーションに関連する業務用語。,Concept,共通
2748,プロセス改善,Process Improvement,プロセス改善に関連する業務用語。,Concept,共通
2749,プロダクトアウト,,プロダクトアウトに関連する業務用語。,Concept,共通
2750,プロダクトマネジメント,Product Management,プロダクトマネジメントに関連する業務用語。,Concept,共通
2751,プロダクトライフサイクル,,プロダクトライフサイクルに関連する業務用語。,Concept,共通
2752,プロダクト・イノベーション,,プロダクト・イノベーションに関連する業務用語。,Concept,共通
2753,プロダクト・エクステンション,,プロダクト・エクステンションに関連する業務用語。,Concept,共通
2754,プロダクト・ポートフォリオ・マネジメント,,プロダクト・ポートフォリオ・マネジメントに関連する業務用語。,Concept,投資
2755,プロテクティブ・プット,,プロテクティブ・プットに関連する業務用語。,Concept,共通
2756,プロトタイピング,,プロトタイピングに関連する業務用語。,Concept,共通
2757,プロトタイプ,,プロトタイプに関連する業務用語。,Concept,共通
2758,プロファイリング,,プロファイリングに関連する業務用語。,Concept,共通
2759,プロフィットファクター,,プロフィットファクターに関連する業務用語。,Concept,共通
2760,プロフィット・センター,,プロフィット・センターに関連する業務用語。,Concept,共通
2761,プロ向けファンド,,プロ向けファンドに関連する業務用語。,Metric,投資
2762,ヘッジ・ファンド,,ヘッジ・ファンドに関連する業務用語。,Concept,投資
2763,ヘッジ会計,,ヘッジ会計に関連する業務用語。,Document,会計
2764,ヘッジ取引,,ヘッジ取引に関連する業務用語。,Concept,投資
2765,ヘッジ売り,,ヘッジ売りに関連する業務用語。,Concept,投資
2766,ヘッドアンドショルダーズボトム,,ヘッドアンドショルダーズボトムに関連する業務用語。,Concept,共通
2767,ヘッドアンド・ショルダーズ・トップ,,ヘッドアンド・ショルダーズ・トップに関連する業務用語。,Concept,共通
2768,ヘリコプターマネー,,ヘリコプターマネーに関連する業務用語。,Concept,共通
2769,ヘンリーハブ,,ヘンリーハブに関連する業務用語。,Concept,共通
2770,ベアマーケット,,ベアマーケットに関連する業務用語。,Concept,共通
2771,ベイズ・ルール,,ベイズ・ルールに関連する業務用語。,Concept,共通
2772,ベイズ均衡、ベイズ・ルール,,ベイズ均衡、ベイズ・ルールに関連する業務用語。,Concept,共通
2773,ベガ,,ベガに関連する業務用語。,Concept,共通
2774,ベストプラクティス,Best Practice,ベストプラクティスに関連する業務用語。,Concept,共通
2775,ベストレート,,ベストレートに関連する業務用語。,Concept,共通
2776,ベスト・ケース、ワースト・ケース分析,,ベスト・ケース、ワースト・ケース分析に関連する業務用語。,Concept,共通
2777,ベスト・プラクティス,Best Practices,ベスト・プラクティスに関連する業務用語。,Concept,共通
2778,ベネフィッツ,,ベネフィッツに関連する業務用語。,Concept,共通
2779,ベビーファンド,,ベビーファンドに関連する業務用語。,Metric,投資
2780,ベルトラン競争,,ベルトラン競争に関連する業務用語。,Concept,共通
2781,ベンダー管理,Vendor Management,ベンダー管理に関連する業務用語。,Concept,調達
2782,ベンチマーキング,Benchmarking,ベンチマーキングに関連する業務用語。,Concept,共通
2783,ベンチャー・キャピタル,,ベンチャー・キャピタルに関連する業務用語。,Concept,共通
2784,ベンチャー企業,,ベンチャー企業に関連する業務用語。,Entity,共通
2785,ベーシス,,ベーシスに関連する業務用語。,Concept,共通
2786,ベーシススワップ,,ベーシススワップに関連する業務用語。,Concept,投資
2787,ベーシスポイント,,ベーシスポイントに関連する業務用語。,Concept,共通
2788,ベーシスリスク,,ベーシスリスクに関連する業務用語。,Concept,共通
2789,ベーシス取引,,ベーシス取引に関連する業務用語。,Concept,共通
2790,ベーシックインカム,,ベーシックインカムに関連する業務用語。,Concept,共通
2791,ベージュブック,,ベージュブックに関連する業務用語。,Concept,共通
2792,ベースアップ,,ベースアップに関連する業務用語。,Concept,共通
2793,ベータ,,ベータに関連する業務用語。,Concept,財務分析
2794,ベータ値,,ベータ値に関連する業務用語。,Concept,財務分析
2795,ベータ（β）,,ベータ（β）に関連する業務用語。,Concept,財務分析
2796,ペアトレード,,ペアトレードに関連する業務用語。,Concept,共通
2797,ペイオフ,,ペイオフに関連する業務用語。,Concept,共通
2798,ペイオフレシオ,,ペイオフレシオに関連する業務用語。,Concept,共通
2799,ペイオフ・ダイアグラム,,ペイオフ・ダイアグラムに関連する業務用語。,Concept,共通
2800,ペイバック(回収期間)法,,ペイバック(回収期間)法に関連する業務用語。,Concept,共通
2801,ペイバック法,,ペイバック法に関連する業務用語。,Concept,共通
2802,ペッグ制,,ペッグ制に関連する業務用語。,Concept,共通
2803,ペナント型,,ペナント型に関連する業務用語。,Concept,共通
2804,ペネトレーション・プライシング,,ペネトレーション・プライシングに関連する業務用語。,Concept,共通
2805,ペルソナ,Persona,ペルソナに関連する業務用語。,Concept,営業
2806,ペンタゴンチャート,,ペンタゴンチャートに関連する業務用語。,Concept,共通
2807,ページビュー,Page Views,ページビューに関連する業務用語。,Concept,共通
2808,ペーパープロトタイプ,,ペーパープロトタイプに関連する業務用語。,Concept,共通
2809,ホスティング,Hosting,ホスティングに関連する業務用語。,Concept,共通
2810,ホットイシュー,,ホットイシューに関連する業務用語。,Concept,共通
2811,ホライゾン1（中核事業）,Horizon 1 (Core Business),ホライゾン1（中核事業）に関連する業務用語。,Concept,共通
2812,ホライゾン2（新興事業）,Horizon 2 (Emerging Business),ホライゾン2（新興事業）に関連する業務用語。,Concept,共通
2813,ホライゾン3（未来事業）,Horizon 3 (Future Business),ホライゾン3（未来事業）に関連する業務用語。,Concept,共通
2814,ホワイトカラーエグゼンプション,,ホワイトカラーエグゼンプションに関連する業務用語。,Concept,共通
2815,ホワイトカラー・エグゼンプション,,ホワイトカラー・エグゼンプションに関連する業務用語。,Concept,共通
2816,ホワイトナイト,,ホワイトナイトに関連する業務用語。,Concept,共通
2817,ホワイトナイト（白馬の騎士）,,ホワイトナイト（白馬の騎士）に関連する業務用語。,Concept,共通
2818,ホワイトペーパー,White Paper,ホワイトペーパーに関連する業務用語。,Concept,共通
2819,ホワイト・ナイト,,ホワイト・ナイトに関連する業務用語。,Concept,共通
2820,ホンキー,,ホンキーに関連する業務用語。,Concept,共通
2821,ホーソン研究,,ホーソン研究に関連する業務用語。,Concept,共通
2822,ホームカントリーバイアス,,ホームカントリーバイアスに関連する業務用語。,Concept,共通
2823,ホールセール,Wholesale,ホールセールに関連する業務用語。,Concept,共通
2824,ホールセール業務,,ホールセール業務に関連する業務用語。,Concept,共通
2825,ボケる,,ボケるに関連する業務用語。,Concept,共通
2826,ボストロ・アカウント,,ボストロ・アカウントに関連する業務用語。,Concept,共通
2827,ボックス圏相場,,ボックス圏相場に関連する業務用語。,Concept,共通
2828,ボックス型,,ボックス型に関連する業務用語。,Concept,共通
2829,ボックス相場,,ボックス相場に関連する業務用語。,Concept,共通
2830,ボトム,,ボトムに関連する業務用語。,Concept,共通
2831,ボトムアップ・アプローチ,,ボトムアップ・アプローチに関連する業務用語。,Concept,共通
2832,ボトムアップ方式,,ボトムアップ方式に関連する業務用語。,Concept,共通
2833,ボトムオブピラミッド,,ボトムオブピラミッドに関連する業務用語。,Concept,共通
2834,ボトムライン,,ボトムラインに関連する業務用語。,Concept,共通
2835,ボトルネック,,ボトルネックに関連する業務用語。,Concept,共通
2836,ボベスパ指数,,ボベスパ指数に関連する業務用語。,Concept,共通
2837,ボラタイル,,ボラタイルに関連する業務用語。,Concept,共通
2838,ボラティリティー,,ボラティリティーに関連する業務用語。,Metric,投資
2839,ボリュームレシオ,,ボリュームレシオに関連する業務用語。,Concept,共通
2840,ボリンジャーバンド,,ボリンジャーバンドに関連する業務用語。,Concept,共通
2841,ボルカールール,,ボルカールールに関連する業務用語。,Concept,共通
2842,ボルサ指数,,ボルサ指数に関連する業務用語。,Concept,共通
2843,ボンド,,ボンドに関連する業務用語。,Concept,共通
2844,ボンヤリ,,ボンヤリに関連する業務用語。,Concept,共通
2845,ポイズンピル,,ポイズンピルに関連する業務用語。,Concept,共通
2846,ポイズン・ピル,,ポイズン・ピルに関連する業務用語。,Concept,共通
2847,ポイント&フィギュア,,ポイント&フィギュアに関連する業務用語。,Concept,共通
2848,ポイントアンドフィギュア,,ポイントアンドフィギュアに関連する業務用語。,Concept,共通
2849,ポカヨケ,Poka-Yoke,ポカヨケに関連する業務用語。,Process,製造
2850,ポジショニング,Positioning,ポジショニングに関連する業務用語。,Concept,営業
2851,ポジショニング学派,,ポジショニング学派に関連する業務用語。,Concept,営業
2852,ポジション,,ポジションに関連する業務用語。,Concept,投資
2853,ポジショントーク,,ポジショントークに関連する業務用語。,Concept,投資
2854,ポジション調整,,ポジション調整に関連する業務用語。,Concept,投資
2855,ポジティブ・フィードバック,,ポジティブ・フィードバックに関連する業務用語。,Concept,共通
2856,ポスト・トゥルース,,ポスト・トゥルースに関連する業務用語。,Concept,共通
2857,ポテンシャルGDP,,ポテンシャルGDPに関連する業務用語。,Concept,共通
2858,ポテンシャルリターン,Potential Return,ポテンシャルリターンに関連する業務用語。,Concept,共通
2859,ポテンシャルＧＤＰ,,ポテンシャルＧＤＰに関連する業務用語。,Concept,共通
2860,ポリセントリック企業,,ポリセントリック企業に関連する業務用語。,Entity,共通
2861,ポルトガルPSI-20指数,,ポルトガルPSI-20指数に関連する業務用語。,Concept,共通
2862,ポンカス債,,ポンカス債に関連する業務用語。,Concept,共通
2863,ポンド危機,,ポンド危機に関連する業務用語。,Concept,共通
2864,ポータビリティー,,ポータビリティーに関連する業務用語。,Concept,共通
2865,ポータブル・スキル,,ポータブル・スキルに関連する業務用語。,Concept,共通
2866,ポーターの3つの基本戦略,,ポーターの3つの基本戦略に関連する業務用語。,Concept,経営戦略
2867,ポーター・マイケル,,ポーター・マイケルに関連する業務用語。,Concept,経営戦略
2868,ポーター競争優位理論,Porter's Competitive Advantage,ポーター競争優位理論に関連する業務用語。,Concept,経営戦略
2869,ポートフォリオマネージャー,,ポートフォリオマネージャーに関連する業務用語。,Concept,投資
2870,ポートフォリオ・マネジャー,,ポートフォリオ・マネジャーに関連する業務用語。,Concept,投資
2871,ポートフォリオ理論,,ポートフォリオ理論に関連する業務用語。,Concept,投資
2872,ポートフォリオ運用,,ポートフォリオ運用に関連する業務用語。,Concept,投資
2873,マイクロクレジット,,マイクロクレジットに関連する業務用語。,Concept,共通
2874,マイナスサム・ゲーム,,マイナスサム・ゲームに関連する業務用語。,Concept,共通
2875,マイナス成長,,マイナス成長に関連する業務用語。,Concept,共通
2876,マイナス金利（政策）,,マイナス金利（政策）に関連する業務用語。,Concept,共通
2877,マイナンバー,,マイナンバーに関連する業務用語。,Concept,共通
2878,マイナーカレンシー,,マイナーカレンシーに関連する業務用語。,Concept,共通
2879,マイニング,,マイニングに関連する業務用語。,Concept,共通
2880,マイルストーン,Milestone,マイルストーンに関連する業務用語。,Concept,経営戦略
2881,マインドセット,,マインドセットに関連する業務用語。,Concept,共通
2882,マインドマップ,,マインドマップに関連する業務用語。,Concept,共通
2883,マインド・シェア,,マインド・シェアに関連する業務用語。,Concept,共通
2884,マインユアーズ,,マインユアーズに関連する業務用語。,Concept,共通
2885,マクレガー・ダグラス,,マクレガー・ダグラスに関連する業務用語。,Concept,共通
2886,マクロプルーデンス,,マクロプルーデンスに関連する業務用語。,Concept,共通
2887,マクロ分析,,マクロ分析に関連する業務用語。,Concept,共通
2888,マクロ環境分析,,マクロ環境分析に関連する業務用語。,Concept,共通
2889,マクロ経済,,マクロ経済に関連する業務用語。,Concept,共通
2890,マクロ経済スライド,,マクロ経済スライドに関連する業務用語。,Concept,共通
2891,マザーファンド,,マザーファンドに関連する業務用語。,Metric,投資
2892,マスタートラスト,,マスタートラストに関連する業務用語。,Concept,共通
2893,マズロー,,マズローに関連する業務用語。,Concept,共通
2894,マズローの欲求5段階説,,マズローの欲求5段階説に関連する業務用語。,Concept,共通
2895,マッキンゼー,,マッキンゼーに関連する業務用語。,Concept,共通
2896,マッキンゼー7Sフレームワーク,McKinsey 7S Framework,マッキンゼー7Sフレームワークに関連する業務用語。,Concept,経営戦略
2897,マッキンゼー・グローバル・インスティテュート（MGI）,McKinsey Global Institute (MGI),マッキンゼー・グローバル・インスティテュート（MGI）に関連する業務用語。,Entity,共通
2898,マッキンゼー問題解決アプローチ,McKinsey Problem-Solving Approach,マッキンゼー問題解決アプローチに関連する業務用語。,Concept,共通
2899,マッキンゼー式ピラミッドライティング,McKinsey Pyramid Principle,マッキンゼー式ピラミッドライティングに関連する業務用語。,Concept,共通
2900,マッキンゼー戦略的計画,McKinsey Strategic Planning,マッキンゼー戦略的計画に関連する業務用語。,Concept,共通
2901,マッチング拠出,,マッチング拠出に関連する業務用語。,Concept,共通
2902,マッチング理論,,マッチング理論に関連する業務用語。,Concept,共通
2903,マトリクス,,マトリクスに関連する業務用語。,Concept,共通
2904,マトリクス型組織,,マトリクス型組織に関連する業務用語。,Concept,共通
2905,マトリックス組織,,マトリックス組織に関連する業務用語。,Concept,共通
2906,マネジメントコンサルティング,Management Consulting,マネジメントコンサルティングに関連する業務用語。,Concept,共通
2907,マネジメントチーム,,マネジメントチームに関連する業務用語。,Concept,共通
2908,マネジメントバイアウト,,マネジメントバイアウトに関連する業務用語。,Concept,共通
2909,マネジメント・アプローチ,,マネジメント・アプローチに関連する業務用語。,Concept,共通
2910,マネジメント・サイクル,,マネジメント・サイクルに関連する業務用語。,Concept,共通
2911,マネジメント・パイプライン,,マネジメント・パイプラインに関連する業務用語。,Concept,営業
2912,マネジメント方針,,マネジメント方針に関連する業務用語。,Concept,共通
2913,マネジリアル・グリッド,,マネジリアル・グリッドに関連する業務用語。,Concept,共通
2914,マネタイゼーション,,マネタイゼーションに関連する業務用語。,Concept,共通
2915,マネタリーベース,,マネタリーベースに関連する業務用語。,Concept,共通
2916,マネーサプライ,,マネーサプライに関連する業務用語。,Concept,共通
2917,マネージドフューチャーズ,,マネージドフューチャーズに関連する業務用語。,Concept,共通
2918,マネージャー（コンサルティングファーム）,Manager (Consulting Firm),マネージャー（コンサルティングファーム）に関連する業務用語。,Concept,共通
2919,マネーストック,,マネーストックに関連する業務用語。,Concept,共通
2920,マネーフロー,,マネーフローに関連する業務用語。,Concept,共通
2921,マネープールファンド,,マネープールファンドに関連する業務用語。,Metric,投資
2922,マネーマーケット,,マネーマーケットに関連する業務用語。,Concept,共通
2923,マネーミュール,,マネーミュールに関連する業務用語。,Concept,共通
2924,マネーロンダリング,,マネーロンダリングに関連する業務用語。,Concept,共通
2925,マネーロンダリング対策,Anti-money Laundering (AML),マネーロンダリング対策に関連する業務用語。,Concept,共通
2926,マネーローンダリング,,マネーローンダリングに関連する業務用語。,Process,金融
2927,マネー・リザーブ・ファンド,,マネー・リザーブ・ファンドに関連する業務用語。,Metric,投資
2928,マルチシグ,,マルチシグに関連する業務用語。,Concept,共通
2929,マルチファクター方式（投資信託）,,マルチファクター方式（投資信託）に関連する業務用語。,Metric,投資
2930,マルチプル,,マルチプルに関連する業務用語。,Concept,財務分析
2931,マルチプル法,,マルチプル法に関連する業務用語。,Concept,財務分析
2932,マルチレベル方式,,マルチレベル方式に関連する業務用語。,Concept,共通
2933,マルチ・ブランド戦略,,マルチ・ブランド戦略に関連する業務用語。,Concept,マーケティング
2934,マル優,,マル優に関連する業務用語。,Concept,共通
2935,マンスリー限月,,マンスリー限月に関連する業務用語。,Concept,共通
2936,マンデート,,マンデートに関連する業務用語。,Concept,共通
2937,マークアッププライシング,,マークアッププライシングに関連する業務用語。,Concept,共通
2938,マークアップ・プライシング,,マークアップ・プライシングに関連する業務用語。,Concept,共通
2939,マーケット,,マーケットに関連する業務用語。,Concept,共通
2940,マーケットアプローチ,,マーケットアプローチに関連する業務用語。,Concept,共通
2941,マーケットイン,,マーケットインに関連する業務用語。,Concept,共通
2942,マーケットエントリー,Market Entry,マーケットエントリーに関連する業務用語。,Concept,共通
2943,マーケットニュートラル,,マーケットニュートラルに関連する業務用語。,Concept,共通
2944,マーケットプロファイル,,マーケットプロファイルに関連する業務用語。,Concept,共通
2945,マーケットポートフォリオ,,マーケットポートフォリオに関連する業務用語。,Concept,投資
2946,マーケットメイク銘柄,,マーケットメイク銘柄に関連する業務用語。,Concept,共通
2947,マーケットメーカー,,マーケットメーカーに関連する業務用語。,Concept,共通
2948,マーケットメーク方式,,マーケットメーク方式に関連する業務用語。,Concept,共通
2949,マーケット・タイミング,,マーケット・タイミングに関連する業務用語。,Concept,共通
2950,マーケット・ニュートラル型,,マーケット・ニュートラル型に関連する業務用語。,Concept,共通
2951,マーケット・ニュートラル運用,,マーケット・ニュートラル運用に関連する業務用語。,Concept,共通
2952,マーケット・リサーチ,,マーケット・リサーチに関連する業務用語。,Concept,共通
2953,マーケット・リスクプレミアム,,マーケット・リスクプレミアムに関連する業務用語。,Concept,財務分析
2954,マーケット部門,Markets Division,マーケット部門に関連する業務用語。,Entity,共通
2955,マーケティングコンサルティング,Marketing Consulting,マーケティングコンサルティングに関連する業務用語。,Concept,マーケティング
2956,マーケティング・プロセス,,マーケティング・プロセスに関連する業務用語。,Concept,マーケティング
2957,マーケティング・マネジメント,,マーケティング・マネジメントに関連する業務用語。,Concept,マーケティング
2958,マーケティング・ミックス,,マーケティング・ミックスに関連する業務用語。,Concept,マーケティング
2959,マーケティング・リサーチ,,マーケティング・リサーチに関連する業務用語。,Concept,マーケティング
2960,マージンコール,,マージンコールに関連する業務用語。,Concept,共通
2961,マーチャンダイジング,Merchandising,マーチャンダイジングに関連する業務用語。,Concept,共通
2962,ミクロ分析,,ミクロ分析に関連する業務用語。,Concept,共通
2963,ミクロ経済,,ミクロ経済に関連する業務用語。,Concept,共通
2964,ミシガン大学消費者信頼感指数（米国）,,ミシガン大学消費者信頼感指数（米国）に関連する業務用語。,Concept,共通
2965,ミシガン大学研究モデル,,ミシガン大学研究モデルに関連する業務用語。,Concept,共通
2966,ミステリーショッパー調査,,ミステリーショッパー調査に関連する業務用語。,Concept,共通
2967,ミセスワタナベ,,ミセスワタナベに関連する業務用語。,Concept,共通
2968,ミセス・ワタナベ,,ミセス・ワタナベに関連する業務用語。,Concept,共通
2969,ミディアムタームノート,,ミディアムタームノートに関連する業務用語。,Concept,共通
2970,ミドルウェア,,ミドルウェアに関連する業務用語。,Concept,共通
2971,ミニJGB先物取引,,ミニJGB先物取引に関連する業務用語。,Concept,投資
2972,ミニゴールデンクロス,,ミニゴールデンクロスに関連する業務用語。,Concept,共通
2973,ミニデッドクロス,,ミニデッドクロスに関連する業務用語。,Concept,共通
2974,ミニ株,,ミニ株に関連する業務用語。,Concept,共通
2975,ミューチュアルファンド,,ミューチュアルファンドに関連する業務用語。,Metric,投資
2976,ミューチュアル・ファンド,,ミューチュアル・ファンドに関連する業務用語。,Metric,投資
2977,ミレニアル世代,,ミレニアル世代に関連する業務用語。,Concept,共通
2978,ムリ・ムダ・ムラ,,ムリ・ムダ・ムラに関連する業務用語。,Concept,共通
2979,ムーアの法則,,ムーアの法則に関連する業務用語。,Concept,共通
2980,ムーディーズ,Moody's,ムーディーズに関連する業務用語。,Concept,共通
2981,メキシコボルサ指数,,メキシコボルサ指数に関連する業務用語。,Concept,共通
2982,メザニンファイナンス,,メザニンファイナンスに関連する業務用語。,Process,金融
2983,メザニンローン,,メザニンローンに関連する業務用語。,Process,金融
2984,メザニン債,,メザニン債に関連する業務用語。,Concept,共通
2985,メジャーカレンシー,,メジャーカレンシーに関連する業務用語。,Concept,共通
2986,メッセージ,,メッセージに関連する業務用語。,Concept,共通
2987,メディア・ミックス,,メディア・ミックスに関連する業務用語。,Concept,共通
2988,メディア戦略,,メディア戦略に関連する業務用語。,Concept,共通
2989,メラビアンの法則,,メラビアンの法則に関連する業務用語。,Concept,共通
2990,メンタルアカウンティング,,メンタルアカウンティングに関連する業務用語。,Concept,共通
2991,メンタルブロック,,メンタルブロックに関連する業務用語。,Concept,共通
2992,メンタルヘルス,,メンタルヘルスに関連する業務用語。,Concept,共通
2993,メンタル・ヘルス,,メンタル・ヘルスに関連する業務用語。,Concept,共通
2994,メンタル・モデル,,メンタル・モデルに関連する業務用語。,Concept,共通
2995,メンバーシップ型雇用,,メンバーシップ型雇用に関連する業務用語。,Concept,共通
2996,モザイク情報,,モザイク情報に関連する業務用語。,Concept,共通
2997,モジュール化,,モジュール化に関連する業務用語。,Concept,共通
2998,モジリアニ・ミラーの命題(MM命題),,モジリアニ・ミラーの命題(MM命題)に関連する業務用語。,Concept,共通
2999,モチベーション,,モチベーションに関連する業務用語。,Concept,共通
3000,モデリング,,モデリングに関連する業務用語。,Concept,共通
3001,モノのインターネット,,モノのインターネットに関連する業務用語。,Concept,共通
3002,モノライン,,モノラインに関連する業務用語。,Concept,共通
3003,モノライン保険会社,,モノライン保険会社に関連する業務用語。,Entity,共通
3004,モメンタム,,モメンタムに関連する業務用語。,Concept,共通
3005,モメンタム型,,モメンタム型に関連する業務用語。,Concept,共通
3006,モメンタム投資,Momentum Investing,モメンタム投資に関連する業務用語。,Concept,共通
3007,モメンタム株,,モメンタム株に関連する業務用語。,Concept,共通
3008,モラトリアム,,モラトリアムに関連する業務用語。,Concept,共通
3009,モラルハザード,,モラルハザードに関連する業務用語。,Concept,共通
3010,モラル・ハザード,,モラル・ハザードに関連する業務用語。,Concept,共通
3011,モラール,,モラールに関連する業務用語。,Concept,共通
3012,モンスターオペ,,モンスターオペに関連する業務用語。,Concept,共通
3013,モーゲージ,,モーゲージに関連する業務用語。,Concept,共通
3014,モーゲージバック証券,,モーゲージバック証券に関連する業務用語。,Concept,投資
3015,モーゲージ統計,,モーゲージ統計に関連する業務用語。,Concept,共通
3016,モーゲージ証券,,モーゲージ証券に関連する業務用語。,Concept,投資
3017,ヤミ金,,ヤミ金に関連する業務用語。,Concept,共通
3018,ヤリ気配,,ヤリ気配に関連する業務用語。,Concept,共通
3019,ユニットプライス,,ユニットプライスに関連する業務用語。,Concept,共通
3020,ユニット・エコノミクス,,ユニット・エコノミクスに関連する業務用語。,Concept,共通
3021,ユニット型投資信託,,ユニット型投資信託に関連する業務用語。,Metric,投資
3022,ユニット数,,ユニット数に関連する業務用語。,Concept,共通
3023,ユニバーサルバンク,,ユニバーサルバンクに関連する業務用語。,Concept,共通
3024,ユニバース,,ユニバースに関連する業務用語。,Concept,共通
3025,ユーザンス金利,,ユーザンス金利に関連する業務用語。,Concept,共通
3026,ユーザーテスト,,ユーザーテストに関連する業務用語。,Concept,共通
3027,ユーザードリブン,,ユーザードリブンに関連する業務用語。,Concept,共通
3028,ユーザーモデリング,,ユーザーモデリングに関連する業務用語。,Concept,共通
3029,ユーザーリサーチ,,ユーザーリサーチに関連する業務用語。,Concept,共通
3030,ユーロ,,ユーロに関連する業務用語。,Concept,共通
3031,ユーロ50種株価指数,,ユーロ50種株価指数に関連する業務用語。,Concept,財務分析
3032,ユーロクリア,,ユーロクリアに関連する業務用語。,Concept,共通
3033,ユーロネクスト,,ユーロネクストに関連する業務用語。,Concept,共通
3034,ユーロ・ストックス50,,ユーロ・ストックス50に関連する業務用語。,Concept,共通
3035,ユーロ・ストックス50指数,,ユーロ・ストックス50指数に関連する業務用語。,Concept,共通
3036,ユーロ・ストックス５０,,ユーロ・ストックス５０に関連する業務用語。,Concept,共通
3037,ユーロ債,,ユーロ債に関連する業務用語。,Concept,共通
3038,ユーロ円3カ月先物,,ユーロ円3カ月先物に関連する業務用語。,Concept,投資
3039,ユーロ円債,,ユーロ円債に関連する業務用語。,Concept,共通
3040,ユーロ圏,,ユーロ圏に関連する業務用語。,Concept,共通
3041,ユーロ圏景況感指数,,ユーロ圏景況感指数に関連する業務用語。,Concept,共通
3042,ユーロ市場,,ユーロ市場に関連する業務用語。,Concept,共通
3043,ユーロ建て債,,ユーロ建て債に関連する業務用語。,Concept,共通
3044,ヨーロピアンタイプ,,ヨーロピアンタイプに関連する業務用語。,Concept,共通
3045,ヨーロピアンタイプオプション,,ヨーロピアンタイプオプションに関連する業務用語。,Concept,投資
3046,ライジングスター,,ライジングスターに関連する業務用語。,Concept,共通
3047,ライセンス,License,ライセンスに関連する業務用語。,Concept,共通
3048,ライセンス方式,,ライセンス方式に関連する業務用語。,Concept,共通
3049,ライツイシュー,,ライツイシューに関連する業務用語。,Concept,共通
3050,ライツオファリング,,ライツオファリングに関連する業務用語。,Concept,共通
3051,ライツプラン,,ライツプランに関連する業務用語。,Concept,共通
3052,ライツ・イシュー,,ライツ・イシューに関連する業務用語。,Concept,共通
3053,ライツ・オファリング,,ライツ・オファリングに関連する業務用語。,Concept,共通
3054,ライトコイン,,ライトコインに関連する業務用語。,Concept,共通
3055,ライフサイクルファンド,,ライフサイクルファンドに関連する業務用語。,Metric,投資
3056,ライフスタイルファンド,,ライフスタイルファンドに関連する業務用語。,Metric,投資
3057,ライフプラン,,ライフプランに関連する業務用語。,Concept,共通
3058,ライフプランニング,,ライフプランニングに関連する業務用語。,Concept,共通
3059,ライブコマース,,ライブコマースに関連する業務用語。,Concept,共通
3060,ライン,,ラインに関連する業務用語。,Concept,共通
3061,ラインチャート,,ラインチャートに関連する業務用語。,Concept,共通
3062,ラストワンマイル,,ラストワンマイルに関連する業務用語。,Concept,共通
3063,ラスパイレス指数,,ラスパイレス指数に関連する業務用語。,Concept,共通
3064,ラダーポートフォリオ,,ラダーポートフォリオに関連する業務用語。,Concept,投資
3065,ラチェット死亡保障,,ラチェット死亡保障に関連する業務用語。,Concept,共通
3066,ラッセル2000,,ラッセル2000に関連する業務用語。,Concept,共通
3067,ラップアカウント,,ラップアカウントに関連する業務用語。,Concept,共通
3068,ラップ口座,,ラップ口座に関連する業務用語。,Concept,共通
3069,ラップ型投信,,ラップ型投信に関連する業務用語。,Concept,共通
3070,ラリーマックス方式,,ラリーマックス方式に関連する業務用語。,Concept,共通
3071,ランダム・ウォーク,,ランダム・ウォークに関連する業務用語。,Concept,共通
3072,ランチェスター戦略,,ランチェスター戦略に関連する業務用語。,Concept,共通
3073,ラーニング学派,,ラーニング学派に関連する業務用語。,Concept,共通
3074,リアルオプション分析,Real Options Analysis,リアルオプション分析に関連する業務用語。,Concept,投資
3075,リアルマネー,,リアルマネーに関連する業務用語。,Concept,共通
3076,リアル・オプション,,リアル・オプションに関連する業務用語。,Concept,投資
3077,リエンジニアリング,,リエンジニアリングに関連する業務用語。,Concept,共通
3078,リオープン,,リオープンに関連する業務用語。,Concept,共通
3079,リオープン方式,,リオープン方式に関連する業務用語。,Concept,共通
3080,リカバリー・ファクター,,リカバリー・ファクターに関連する業務用語。,Concept,共通
3081,リキャップCB,,リキャップCBに関連する業務用語。,Concept,投資
3082,リキャップＣＢ,,リキャップＣＢに関連する業務用語。,Concept,共通
3083,リクイディティ,,リクイディティに関連する業務用語。,Concept,共通
3084,リコノミクス,,リコノミクスに関連する業務用語。,Concept,共通
3085,リスキリング,Reskilling,リスキリングに関連する業務用語。,Concept,共通
3086,リスクの種類,,リスクの種類に関連する業務用語。,Concept,共通
3087,リスクアジャステッドディスカウントレート,,リスクアジャステッドディスカウントレートに関連する業務用語。,Concept,共通
3088,リスクアペタイト,Risk Appetite,リスクアペタイトに関連する業務用語。,Concept,共通
3089,リスクオフ,,リスクオフに関連する業務用語。,Concept,共通
3090,リスクオン,,リスクオンに関連する業務用語。,Concept,共通
3091,リスクキャピタル,,リスクキャピタルに関連する業務用語。,Concept,共通
3092,リスクパリティ戦略,,リスクパリティ戦略に関連する業務用語。,Concept,共通
3093,リスクフリー,,リスクフリーに関連する業務用語。,Concept,共通
3094,リスクフリーレート,,リスクフリーレートに関連する業務用語。,Concept,共通
3095,リスクフリー・レート,,リスクフリー・レートに関連する業務用語。,Concept,共通
3096,リスクプレミアム,,リスクプレミアムに関連する業務用語。,Concept,財務分析
3097,リスクヘッジ,,リスクヘッジに関連する業務用語。,Concept,投資
3098,リスクマネジメント,Risk Management,リスクマネジメントに関連する業務用語。,Concept,共通
3099,リスクマネー,,リスクマネーに関連する業務用語。,Concept,共通
3100,リスクリバーサル,,リスクリバーサルに関連する業務用語。,Concept,共通
3101,リスク・コミュニケーション,,リスク・コミュニケーションに関連する業務用語。,Concept,共通
3102,リスク・マネジメント,,リスク・マネジメントに関連する業務用語。,Concept,共通
3103,リスク修正後割引率,,リスク修正後割引率に関連する業務用語。,Concept,財務分析
3104,リスク分析,,リスク分析に関連する業務用語。,Concept,共通
3105,リスク回避,,リスク回避に関連する業務用語。,Concept,共通
3106,リスク志向,,リスク志向に関連する業務用語。,Concept,共通
3107,リスク要因,Risk Factors,リスク要因に関連する業務用語。,Concept,共通
3108,リスク許容度,Risk Tolerance,リスク許容度に関連する業務用語。,Concept,共通
3109,リスク選好,,リスク選好に関連する業務用語。,Concept,共通
3110,リスク限定型ファンド,,リスク限定型ファンドに関連する業務用語。,Metric,投資
3111,リストラクチャリング,Restructuring,リストラクチャリングに関連する業務用語。,Concept,共通
3112,リセッション,,リセッションに関連する業務用語。,Concept,共通
3113,リソース・ドライバー,,リソース・ドライバーに関連する業務用語。,Concept,共通
3114,リソース・ベースド・ビュー,,リソース・ベースド・ビューに関連する業務用語。,Concept,共通
3115,リソース配置,Resource Allocation,リソース配置に関連する業務用語。,Concept,共通
3116,リターン,,リターンに関連する業務用語。,Concept,共通
3117,リターン・リバーサル,,リターン・リバーサルに関連する業務用語。,Concept,共通
3118,リッチネス,,リッチネスに関連する業務用語。,Concept,共通
3119,リテイナーフィー,,リテイナーフィーに関連する業務用語。,Concept,共通
3120,リテール,Retail,リテールに関連する業務用語。,Concept,共通
3121,リテール業務,,リテール業務に関連する業務用語。,Concept,共通
3122,リデノミネーション,,リデノミネーションに関連する業務用語。,Concept,共通
3123,リバランス,,リバランスに関連する業務用語。,Concept,共通
3124,リバランス投資,,リバランス投資に関連する業務用語。,Concept,共通
3125,リバーサル・レート,,リバーサル・レートに関連する業務用語。,Concept,共通
3126,リバースデュアルカレンシー債,,リバースデュアルカレンシー債に関連する業務用語。,Concept,共通
3127,リバースモーゲージ,,リバースモーゲージに関連する業務用語。,Concept,共通
3128,リバースレポ,,リバースレポに関連する業務用語。,Concept,共通
3129,リバース・デュアル・カレンシー債,,リバース・デュアル・カレンシー債に関連する業務用語。,Concept,共通
3130,リバース・レシオ・スプレッド,,リバース・レシオ・スプレッドに関連する業務用語。,Concept,共通
3131,リバース取引,,リバース取引に関連する業務用語。,Concept,共通
3132,リパッケージ債,,リパッケージ債に関連する業務用語。,Concept,共通
3133,リパトリエーション,,リパトリエーションに関連する業務用語。,Concept,共通
3134,リビジョンインデックス,,リビジョンインデックスに関連する業務用語。,Metric,投資
3135,リビジョン・インデックス,,リビジョン・インデックスに関連する業務用語。,Metric,投資
3136,リピート客,,リピート客に関連する業務用語。,Concept,共通
3137,リファイナンス金利,,リファイナンス金利に関連する業務用語。,Process,金融
3138,リファレンス・バンク,,リファレンス・バンクに関連する業務用語。,Concept,共通
3139,リフティング・チャージ,,リフティング・チャージに関連する業務用語。,Concept,共通
3140,リフレーション,,リフレーションに関連する業務用語。,Concept,共通
3141,リフレーミング,,リフレーミングに関連する業務用語。,Concept,共通
3142,リフレ政策,,リフレ政策に関連する業務用語。,Concept,共通
3143,リフレ派,,リフレ派に関連する業務用語。,Concept,共通
3144,リボルビング,,リボルビングに関連する業務用語。,Concept,共通
3145,リミテッドマーケット,,リミテッドマーケットに関連する業務用語。,Concept,共通
3146,リラ,,リラに関連する業務用語。,Concept,共通
3147,リレーションシップバンキング,,リレーションシップバンキングに関連する業務用語。,Concept,共通
3148,リレーションシップ・マーケティング,,リレーションシップ・マーケティングに関連する業務用語。,Concept,マーケティング
3149,リレープラン,,リレープランに関連する業務用語。,Concept,共通
3150,リレー注文,,リレー注文に関連する業務用語。,Concept,共通
3151,リーグテーブル,,リーグテーブルに関連する業務用語。,Concept,共通
3152,リース会計,,リース会計に関連する業務用語。,Document,会計
3153,リース債務,,リース債務に関連する業務用語。,Concept,共通
3154,リース取引,,リース取引に関連する業務用語。,Concept,共通
3155,リース投資資産,,リース投資資産に関連する業務用語。,Concept,会計
3156,リース資産,,リース資産に関連する業務用語。,Concept,会計
3157,リーダー,,リーダーに関連する業務用語。,Concept,共通
3158,リーダーシップ,,リーダーシップに関連する業務用語。,Process,人事
3159,リーダーシップ開発,Leadership Development,リーダーシップ開発に関連する業務用語。,Process,人事
3160,リーチ,,リーチに関連する業務用語。,Concept,共通
3161,リート,,リートに関連する業務用語。,Concept,共通
3162,リーブオーダー,,リーブオーダーに関連する業務用語。,Concept,共通
3163,リーマンショック,,リーマンショックに関連する業務用語。,Concept,共通
3164,リーマン・ショック,,リーマン・ショックに関連する業務用語。,Concept,共通
3165,リーンキャンバス,,リーンキャンバスに関連する業務用語。,Concept,共通
3166,リーン・スタートアップ,,リーン・スタートアップに関連する業務用語。,Concept,共通
3167,リーン生産,Lean Production,リーン生産に関連する業務用語。,Process,製造
3168,リーン生産方式,,リーン生産方式に関連する業務用語。,Process,製造
3169,リーン経営,Lean Management,リーン経営に関連する業務用語。,Concept,共通
3170,ルーズベルト不況,,ルーズベルト不況に関連する業務用語。,Concept,共通
3171,ルーニー,,ルーニーに関連する業務用語。,Concept,共通
3172,ルーブル合意,,ルーブル合意に関連する業務用語。,Concept,共通
3173,レアル,,レアルに関連する業務用語。,Concept,共通
3174,レイテンシ,,レイテンシに関連する業務用語。,Concept,共通
3175,レイヤー（層・階層）,,レイヤー（層・階層）に関連する業務用語。,Concept,共通
3176,レギュラーセッション,,レギュラーセッションに関連する業務用語。,Concept,共通
3177,レクタングル,,レクタングルに関連する業務用語。,Concept,共通
3178,レコメンデーション,,レコメンデーションに関連する業務用語。,Concept,共通
3179,レコードキーパー,,レコードキーパーに関連する業務用語。,Concept,共通
3180,レシオ,,レシオに関連する業務用語。,Concept,共通
3181,レシオケータ,,レシオケータに関連する業務用語。,Concept,共通
3182,レシオ・スプレッド,,レシオ・スプレッドに関連する業務用語。,Concept,共通
3183,レジスタンスゾーン,,レジスタンスゾーンに関連する業務用語。,Concept,共通
3184,レジスタンスライン,,レジスタンスラインに関連する業務用語。,Concept,共通
3185,レジリエンス,,レジリエンスに関連する業務用語。,Concept,共通
3186,レセプト債,,レセプト債に関連する業務用語。,Concept,共通
3187,レターストック,,レターストックに関連する業務用語。,Concept,共通
3188,レッドオーシャン,,レッドオーシャンに関連する業務用語。,Concept,経営戦略
3189,レッドチップ指数,,レッドチップ指数に関連する業務用語。,Concept,共通
3190,レバレッジ,Leverage,レバレッジに関連する業務用語。,Concept,投資
3191,レバレッジドバイアウト,Leveraged Buyout,レバレッジドバイアウトに関連する業務用語。,Concept,投資
3192,レバレッジ効果,,レバレッジ効果に関連する業務用語。,Concept,投資
3193,レバレッジ比率,,レバレッジ比率に関連する業務用語。,Concept,投資
3194,レバードβ(βL),,レバードβ(βL)に関連する業務用語。,Concept,共通
3195,レビン,,レビンに関連する業務用語。,Concept,共通
3196,レピュテーション,Reputation,レピュテーションに関連する業務用語。,Concept,共通
3197,レピュテーション・マネジメント,,レピュテーション・マネジメントに関連する業務用語。,Concept,共通
3198,レベニューシェア,,レベニューシェアに関連する業務用語。,Concept,共通
3199,レベニュー・センター,,レベニュー・センターに関連する業務用語。,Concept,共通
3200,レベニュー債,,レベニュー債に関連する業務用語。,Concept,共通
3201,レポート発行,Report Issuance,レポート発行に関連する業務用語。,Concept,財務分析
3202,レポ取引,,レポ取引に関連する業務用語。,Concept,共通
3203,レポ市場,,レポ市場に関連する業務用語。,Concept,共通
3204,レポ金利,,レポ金利に関連する業務用語。,Concept,共通
3205,レモン市場,,レモン市場に関連する業務用語。,Concept,共通
3206,レモン市場(レモン市場の法則）,,レモン市場(レモン市場の法則）に関連する業務用語。,Concept,共通
3207,レラティブ・バリュー戦略,,レラティブ・バリュー戦略に関連する業務用語。,Concept,共通
3208,レンジ・バイナリー,,レンジ・バイナリーに関連する業務用語。,Concept,共通
3209,レンジ上限,,レンジ上限に関連する業務用語。,Concept,共通
3210,レンジ下限,,レンジ下限に関連する業務用語。,Concept,共通
3211,レンジ相場,,レンジ相場に関連する業務用語。,Concept,共通
3212,レーティング,,レーティングに関連する業務用語。,Concept,財務分析
3213,レーティング・モニター,,レーティング・モニターに関連する業務用語。,Concept,財務分析
3214,レーティング（投資信託）,,レーティング（投資信託）に関連する業務用語。,Concept,財務分析
3215,レートチェック,,レートチェックに関連する業務用語。,Concept,共通
3216,ロイターズ／ジェフリーズCRB指数,,ロイターズ／ジェフリーズCRB指数に関連する業務用語。,Concept,共通
3217,ロイターズ／ジェフリーズＣＲＢ指数,,ロイターズ／ジェフリーズＣＲＢ指数に関連する業務用語。,Concept,共通
3218,ロイヤリティ,,ロイヤリティに関連する業務用語。,Concept,共通
3219,ロイヤリティプログラム,Loyalty Program,ロイヤリティプログラムに関連する業務用語。,Concept,共通
3220,ロイヤル・カスタマー,,ロイヤル・カスタマーに関連する業務用語。,Concept,共通
3221,ロシア危機,,ロシア危機に関連する業務用語。,Concept,共通
3222,ロジスティクス,Logistics,ロジスティクスに関連する業務用語。,Concept,調達
3223,ロジスティクス最適化,Logistics Optimization,ロジスティクス最適化に関連する業務用語。,Concept,調達
3224,ロジックツリー,Logic Tree,ロジックツリーに関連する業務用語。,Concept,共通
3225,ロジックツリー・イシューツリー（論点ツリー）,,ロジックツリー・イシューツリー（論点ツリー）に関連する業務用語。,Concept,共通
3226,ロジック・ツリー,,ロジック・ツリーに関連する業務用語。,Concept,共通
3227,ロスカット,,ロスカットに関連する業務用語。,Concept,共通
3228,ロスリーダー,,ロスリーダーに関連する業務用語。,Concept,共通
3229,ロックアップ,,ロックアップに関連する業務用語。,Concept,共通
3230,ロット,,ロットに関連する業務用語。,Concept,共通
3231,ロボアドバイザー,Robo-Advisor,ロボアドバイザーに関連する業務用語。,Concept,共通
3232,ロボティクス,,ロボティクスに関連する業務用語。,Concept,共通
3233,ロング,,ロングに関連する業務用語。,Concept,投資
3234,ロングテール,,ロングテールに関連する業務用語。,Concept,投資
3235,ロングテール現象,,ロングテール現象に関連する業務用語。,Concept,投資
3236,ロングバタフライ,,ロングバタフライに関連する業務用語。,Concept,投資
3237,ロングメーク,,ロングメークに関連する業務用語。,Concept,投資
3238,ロング・コール,,ロング・コールに関連する業務用語。,Concept,投資
3239,ロング・ショート運用,,ロング・ショート運用に関連する業務用語。,Concept,投資
3240,ロング・ストラドル,,ロング・ストラドルに関連する業務用語。,Concept,投資
3241,ロング・ストラングル,,ロング・ストラングルに関連する業務用語。,Concept,投資
3242,ロング・プット,,ロング・プットに関連する業務用語。,Concept,投資
3243,ロング／ショート型,,ロング／ショート型に関連する業務用語。,Concept,投資
3244,ロンドンフィキシング,,ロンドンフィキシングに関連する業務用語。,Concept,共通
3245,ロンドン国際金融先物オプション取引所,,ロンドン国際金融先物オプション取引所に関連する業務用語。,Concept,投資
3246,ロンドン証券取引所,,ロンドン証券取引所に関連する業務用語。,Concept,投資
3247,ロンドン金属取引所,,ロンドン金属取引所に関連する業務用語。,Concept,共通
3248,ロンドン銀行間取引金利,,ロンドン銀行間取引金利に関連する業務用語。,Entity,金融
3249,ロンドン銀行間貸し手金利,,ロンドン銀行間貸し手金利に関連する業務用語。,Entity,金融
3250,ローソク足,,ローソク足に関連する業務用語。,Concept,共通
3251,ロードショー,Roadshow,ロードショーに関連する業務用語。,Concept,共通
3252,ロードマップ,Roadmap,ロードマップに関連する業務用語。,Concept,経営戦略
3253,ローマ条約,,ローマ条約に関連する業務用語。,Concept,共通
3254,ローリング・フォーキャスト,,ローリング・フォーキャストに関連する業務用語。,Concept,共通
3255,ローリング決済,,ローリング決済に関連する業務用語。,Concept,共通
3256,ロールアップ,,ロールアップに関連する業務用語。,Concept,共通
3257,ロールオーバー,,ロールオーバーに関連する業務用語。,Concept,共通
3258,ロールダウン,,ロールダウンに関連する業務用語。,Concept,共通
3259,ロールモデル,,ロールモデルに関連する業務用語。,Concept,共通
3260,ローンチ,,ローンチに関連する業務用語。,Process,金融
3261,ローン債権,,ローン債権に関連する業務用語。,Process,金融
3262,ローン担保証券,,ローン担保証券に関連する業務用語。,Concept,投資
3263,ワイヤーフレーム,,ワイヤーフレームに関連する業務用語。,Concept,共通
3264,ワック,,ワックに関連する業務用語。,Concept,共通
3265,ワラント,,ワラントに関連する業務用語。,Concept,投資
3266,ワラント債,,ワラント債に関連する業務用語。,Concept,投資
3267,ワルシャワWIG20種指数,,ワルシャワWIG20種指数に関連する業務用語。,Concept,共通
3268,ワーキング・キャピタル,,ワーキング・キャピタルに関連する業務用語。,Concept,共通
3269,ワークアウト,,ワークアウトに関連する業務用語。,Concept,共通
3270,ワークストリーム,Workstream,ワークストリームに関連する業務用語。,Concept,共通
3271,ワークフロー管理,,ワークフロー管理に関連する業務用語。,Concept,共通
3272,ワークライフバランス,Work-Life Balance,ワークライフバランスに関連する業務用語。,Concept,共通
3273,ワーク・エンゲージメント,,ワーク・エンゲージメントに関連する業務用語。,Concept,ガバナンス
3274,ワーク・ライフ・インテグレーション,,ワーク・ライフ・インテグレーションに関連する業務用語。,Concept,共通
3275,ワーク・ライフ・バランス,,ワーク・ライフ・バランスに関連する業務用語。,Concept,共通
3276,一任勘定,,一任勘定に関連する業務用語。,Document,会計
3277,一口元本,,一口元本に関連する業務用語。,Concept,共通
3278,一巡,,一巡に関連する業務用語。,Concept,共通
3279,一帯一路,,一帯一路に関連する業務用語。,Concept,共通
3280,一年内返済予定の長期借入金,Current Portion of Long-term Loans Payable,一年内返済予定の長期借入金に関連する業務用語。,Process,金融
3281,一年基準,,一年基準に関連する業務用語。,Concept,共通
3282,一手売り,,一手売りに関連する業務用語。,Concept,共通
3283,一手買い,,一手買いに関連する業務用語。,Concept,共通
3284,一括償却資産,,一括償却資産に関連する業務用語。,Concept,会計
3285,一括比例配分方式,,一括比例配分方式に関連する業務用語。,Concept,共通
3286,一括評価の貸倒引当金,,一括評価の貸倒引当金に関連する業務用語。,Document,会計
3287,一括評価金銭債権,,一括評価金銭債権に関連する業務用語。,Process,人事
3288,一時差異,Temporary Difference,一時差異に関連する業務用語。,Concept,共通
3289,一時差異項目,,一時差異項目に関連する業務用語。,Concept,共通
3290,一時所得,,一時所得に関連する業務用語。,Concept,共通
3291,一時払い,,一時払いに関連する業務用語。,Concept,共通
3292,一時払い終身保険,,一時払い終身保険に関連する業務用語。,Concept,共通
3293,一時金付終身年金,,一時金付終身年金に関連する業務用語。,Process,人事
3294,一服,,一服に関連する業務用語。,Concept,共通
3295,一本値,,一本値に関連する業務用語。,Concept,共通
3296,一本値方式,,一本値方式に関連する業務用語。,Concept,共通
3297,一本線,,一本線に関連する業務用語。,Concept,共通
3298,一株当たりキャッシュフロー,,一株当たりキャッシュフローに関連する業務用語。,Metric,会計
3299,一株当たり利益,,一株当たり利益に関連する業務用語。,Concept,共通
3300,一株当たり純資産,,一株当たり純資産に関連する業務用語。,Concept,会計
3301,一次相続,,一次相続に関連する業務用語。,Concept,共通
3302,一段安,,一段安に関連する業務用語。,Concept,共通
3303,一段高,,一段高に関連する業務用語。,Concept,共通
3304,一番天井,,一番天井に関連する業務用語。,Concept,共通
3305,一番底,,一番底に関連する業務用語。,Concept,共通
3306,一目均衡表,,一目均衡表に関連する業務用語。,Concept,共通
3307,一致指数,,一致指数に関連する業務用語。,Concept,共通
3308,一般会計,,一般会計に関連する業務用語。,Document,会計
3309,一般信用取引,,一般信用取引に関連する業務用語。,Concept,投資
3310,一般債券,,一般債券に関連する業務用語。,Concept,投資
3311,一般債権,,一般債権に関連する業務用語。,Concept,共通
3312,一般勘定,,一般勘定に関連する業務用語。,Document,会計
3313,一般危急時遺言,,一般危急時遺言に関連する業務用語。,Concept,共通
3314,一般原則,,一般原則に関連する業務用語。,Concept,共通
3315,一般口,,一般口に関連する業務用語。,Concept,共通
3316,一般口座,,一般口座に関連する業務用語。,Concept,共通
3317,一般型投資信託,,一般型投資信託に関連する業務用語。,Metric,投資
3318,一般担保付社債,,一般担保付社債に関連する業務用語。,Concept,投資
3319,一般歳出,,一般歳出に関連する業務用語。,Concept,共通
3320,一般気配,,一般気配に関連する業務用語。,Concept,共通
3321,一般社団法人,,一般社団法人に関連する業務用語。,Entity,共通
3322,一般管理費,,一般管理費に関連する業務用語。,Metric,会計
3323,一般隔絶地遺言,,一般隔絶地遺言に関連する業務用語。,Concept,共通
3324,一高一低,,一高一低に関連する業務用語。,Concept,共通
3325,三兵,,三兵に関連する業務用語。,Concept,共通
3326,三分法,,三分法に関連する業務用語。,Concept,共通
3327,三委員会設置会社,Company with Three Committees,三委員会設置会社に関連する業務用語。,Entity,ガバナンス
3328,三尊型,,三尊型に関連する業務用語。,Concept,共通
3329,三山,,三山に関連する業務用語。,Concept,共通
3330,三川,,三川に関連する業務用語。,Concept,共通
3331,三本足,,三本足に関連する業務用語。,Concept,共通
3332,三段階変革プロセス,,三段階変革プロセスに関連する業務用語。,Concept,共通
3333,三点童子,,三点童子に関連する業務用語。,Concept,共通
3334,三現主義,,三現主義に関連する業務用語。,Concept,共通
3335,三種の神器,,三種の神器に関連する業務用語。,Concept,共通
3336,三種の神器（日本的経営）,,三種の神器（日本的経営）に関連する業務用語。,Concept,共通
3337,三空,,三空に関連する業務用語。,Concept,共通
3338,三空叩き込み買いに向かえ,,三空叩き込み買いに向かえに関連する業務用語。,Concept,共通
3339,三空踏み上げ売りに向かえ,,三空踏み上げ売りに向かえに関連する業務用語。,Concept,共通
3340,三羽烏,,三羽烏に関連する業務用語。,Concept,共通
3341,三角もちあい,,三角もちあいに関連する業務用語。,Concept,共通
3342,三角保ち合い,,三角保ち合いに関連する業務用語。,Concept,共通
3343,三角合併,,三角合併に関連する業務用語。,Process,M&A
3344,三角持ち合い,,三角持ち合いに関連する業務用語。,Concept,共通
3345,三角移動平均線,,三角移動平均線に関連する業務用語。,Concept,共通
3346,三面等価の原則,,三面等価の原則に関連する業務用語。,Concept,共通
3347,上げ一服,,上げ一服に関連する業務用語。,Concept,共通
3348,上げ賛成,,上げ賛成に関連する業務用語。,Concept,共通
3349,上げ足,,上げ足に関連する業務用語。,Concept,共通
3350,上ザヤ,,上ザヤに関連する業務用語。,Concept,共通
3351,上ヒゲ,,上ヒゲに関連する業務用語。,Concept,共通
3352,上伸,,上伸に関連する業務用語。,Concept,共通
3353,上位下位関係分析,,上位下位関係分析に関連する業務用語。,Concept,共通
3354,上値,,上値に関連する業務用語。,Concept,共通
3355,上値が重い,,上値が重いに関連する業務用語。,Concept,共通
3356,上値抵抗線,,上値抵抗線に関連する業務用語。,Concept,共通
3357,上場,Listing,上場に関連する業務用語。,Concept,投資
3358,上場会社,,上場会社に関連する業務用語。,Concept,投資
3359,上場取引型金融商品,,上場取引型金融商品に関連する業務用語。,Concept,投資
3360,上場取引所,,上場取引所に関連する業務用語。,Concept,投資
3361,上場基準,,上場基準に関連する業務用語。,Concept,投資
3362,上場審査基準,,上場審査基準に関連する業務用語。,Concept,投資
3363,上場廃止,Delisting,上場廃止に関連する業務用語。,Event,投資
3364,上場廃止基準,,上場廃止基準に関連する業務用語。,Event,投資
3365,上場投資信託,,上場投資信託に関連する業務用語。,Metric,投資
3366,上場来安値,,上場来安値に関連する業務用語。,Concept,投資
3367,上場来高値,,上場来高値に関連する業務用語。,Concept,投資
3368,上場物,,上場物に関連する業務用語。,Concept,投資
3369,上場銘柄,,上場銘柄に関連する業務用語。,Concept,投資
3370,上影,,上影に関連する業務用語。,Concept,共通
3371,上放れ,,上放れに関連する業務用語。,Concept,共通
3372,上方修正,,上方修正に関連する業務用語。,Concept,財務分析
3373,上方修正条項付CB,,上方修正条項付CBに関連する業務用語。,Concept,財務分析
3374,上昇トレンド,,上昇トレンドに関連する業務用語。,Concept,共通
3375,上流,Upstream,上流に関連する業務用語。,Concept,共通
3376,上海A株,,上海A株に関連する業務用語。,Concept,共通
3377,上海A株指数,,上海A株指数に関連する業務用語。,Concept,共通
3378,上海B株,,上海B株に関連する業務用語。,Concept,共通
3379,上海B株指数,,上海B株指数に関連する業務用語。,Concept,共通
3380,上海総合指数,,上海総合指数に関連する業務用語。,Concept,共通
3381,上海証券取引所,,上海証券取引所に関連する業務用語。,Concept,投資
3382,上海Ａ株指数,,上海Ａ株指数に関連する業務用語。,Concept,共通
3383,上海Ｂ株指数,,上海Ｂ株指数に関連する業務用語。,Concept,共通
3384,下げ一服,,下げ一服に関連する業務用語。,Concept,共通
3385,下げ渋る,,下げ渋るに関連する業務用語。,Concept,共通
3386,下げ賛成,,下げ賛成に関連する業務用語。,Concept,共通
3387,下げ足,,下げ足に関連する業務用語。,Concept,共通
3388,下ザヤ,,下ザヤに関連する業務用語。,Concept,共通
3389,下ヒゲ,,下ヒゲに関連する業務用語。,Concept,共通
3390,下値,,下値に関連する業務用語。,Concept,共通
3391,下値抵抗線,,下値抵抗線に関連する業務用語。,Concept,共通
3392,下値支持線,,下値支持線に関連する業務用語。,Concept,共通
3393,下影,,下影に関連する業務用語。,Concept,共通
3394,下支え,,下支えに関連する業務用語。,Concept,共通
3395,下支え要因,,下支え要因に関連する業務用語。,Concept,共通
3396,下放れ,,下放れに関連する業務用語。,Concept,共通
3397,下方修正,,下方修正に関連する業務用語。,Concept,財務分析
3398,下方修正条項付CB,,下方修正条項付CBに関連する業務用語。,Concept,財務分析
3399,下方修正条項付きCB,,下方修正条項付きCBに関連する業務用語。,Concept,財務分析
3400,下方修正条項付きＣＢ,,下方修正条項付きＣＢに関連する業務用語。,Concept,財務分析
3401,下流,Downstream,下流に関連する業務用語。,Concept,共通
3402,下落トレンド,,下落トレンドに関連する業務用語。,Concept,共通
3403,下請代金支払遅延等防止法,,下請代金支払遅延等防止法に関連する業務用語。,Concept,共通
3404,下請法,,下請法に関連する業務用語。,Concept,共通
3405,下降トレンド,,下降トレンドに関連する業務用語。,Concept,共通
3406,不出来,,不出来に関連する業務用語。,Concept,共通
3407,不動産取得税,,不動産取得税に関連する業務用語。,Concept,共通
3408,不動産所得,,不動産所得に関連する業務用語。,Concept,共通
3409,不動産投資信託,,不動産投資信託に関連する業務用語。,Metric,投資
3410,不動産担保証券,,不動産担保証券に関連する業務用語。,Concept,投資
3411,不完全手形,,不完全手形に関連する業務用語。,Concept,調達
3412,不成注文,,不成注文に関連する業務用語。,Concept,共通
3413,不渡り,,不渡りに関連する業務用語。,Concept,共通
3414,不渡手形,,不渡手形に関連する業務用語。,Concept,調達
3415,不真正相続人,,不真正相続人に関連する業務用語。,Concept,共通
3416,不納付加算税,,不納付加算税に関連する業務用語。,Concept,共通
3417,不胎化介入,,不胎化介入に関連する業務用語。,Concept,共通
3418,不良債権,,不良債権に関連する業務用語。,Concept,共通
3419,不適切なサンプリング,,不適切なサンプリングに関連する業務用語。,Concept,共通
3420,不適正意見,Adverse Opinion,不適正意見に関連する業務用語。,Concept,共通
3421,与信,,与信に関連する業務用語。,Concept,共通
3422,与信管理,,与信管理に関連する業務用語。,Concept,共通
3423,与信限度額,,与信限度額に関連する業務用語。,Concept,共通
3424,世代会計,,世代会計に関連する業務用語。,Document,会計
3425,世界貿易機関,,世界貿易機関に関連する業務用語。,Concept,共通
3426,世界銀行,,世界銀行に関連する業務用語。,Entity,金融
3427,世界銀行（世銀）,,世界銀行（世銀）に関連する業務用語。,Entity,金融
3428,両建て,,両建てに関連する業務用語。,Concept,共通
3429,両端入れ,,両端入れに関連する業務用語。,Concept,共通
3430,中会社,,中会社に関連する業務用語。,Entity,共通
3431,中位株,,中位株に関連する業務用語。,Concept,共通
3432,中低位株,,中低位株に関連する業務用語。,Concept,共通
3433,中勢,,中勢に関連する業務用語。,Concept,共通
3434,中勢観,,中勢観に関連する業務用語。,Concept,共通
3435,中古住宅販売件数（米国）,,中古住宅販売件数（米国）に関連する業務用語。,Concept,共通
3436,中古住宅販売成約指数（米国）,,中古住宅販売成約指数（米国）に関連する業務用語。,Concept,営業
3437,中国ファンド,,中国ファンドに関連する業務用語。,Metric,投資
3438,中国株式,,中国株式に関連する業務用語。,Concept,財務分析
3439,中型株,,中型株に関連する業務用語。,Concept,共通
3440,中小事業主掛金納付制度,,中小事業主掛金納付制度に関連する業務用語。,Concept,共通
3441,中小企業,,中小企業に関連する業務用語。,Entity,共通
3442,中小企業退職金共済,,中小企業退職金共済に関連する業務用語。,Process,人事
3443,中小型株,,中小型株に関連する業務用語。,Concept,共通
3444,中小法人等,,中小法人等に関連する業務用語。,Entity,共通
3445,中心化傾向,,中心化傾向に関連する業務用語。,Concept,共通
3446,中心限月,,中心限月に関連する業務用語。,Concept,共通
3447,中抜き現象,,中抜き現象に関連する業務用語。,Concept,共通
3448,中断,,中断に関連する業務用語。,Concept,共通
3449,中期国債,,中期国債に関連する業務用語。,Concept,投資
3450,中期国債ファンド,,中期国債ファンドに関連する業務用語。,Concept,投資
3451,中期経営計画,Medium-term Management Plan,中期経営計画に関連する業務用語。,Concept,共通
3452,中核的自己資本,,中核的自己資本に関連する業務用語。,Concept,会計
3453,中流,Midstream,中流に関連する業務用語。,Concept,共通
3454,中立,Neutral,中立に関連する業務用語。,Concept,共通
3455,中退共,,中退共に関連する業務用語。,Concept,共通
3456,中進国,,中進国に関連する業務用語。,Concept,共通
3457,中長期計画,,中長期計画に関連する業務用語。,Concept,共通
3458,中間反騰,,中間反騰に関連する業務用語。,Concept,共通
3459,中間戻し,,中間戻しに関連する業務用語。,Concept,共通
3460,中間期,,中間期に関連する業務用語。,ValueObject,会計
3461,中間決算,,中間決算に関連する業務用語。,Document,会計
3462,中間決算報告書,,中間決算報告書に関連する業務用語。,Document,会計
3463,中間評価,,中間評価に関連する業務用語。,Process,人事
3464,中間財務諸表,,中間財務諸表に関連する業務用語。,Document,会計
3465,中間配当,Interim Dividend,中間配当に関連する業務用語。,Concept,財務分析
3466,主契約,,主契約に関連する業務用語。,Concept,共通
3467,主幹事,,主幹事に関連する業務用語。,Concept,共通
3468,主幹事会社,,主幹事会社に関連する業務用語。,Entity,共通
3469,主要な事業内容,Main Business Activities,主要な事業内容に関連する業務用語。,Concept,共通
3470,主要な営業所及び工場,Principal Offices and Factories,主要な営業所及び工場に関連する業務用語。,Process,製造
3471,主要材料費,,主要材料費に関連する業務用語。,Concept,共通
3472,主要株主,,主要株主に関連する業務用語。,Concept,財務分析
3473,主要簿,,主要簿に関連する業務用語。,Concept,共通
3474,主要財務指標,Key Financial Indicators,主要財務指標に関連する業務用語。,Concept,共通
3475,乖離率,,乖離率に関連する業務用語。,Concept,共通
3476,乗り換え,,乗り換えに関連する業務用語。,Concept,共通
3477,乱高下,,乱高下に関連する業務用語。,Concept,共通
3478,予備格付け,,予備格付けに関連する業務用語。,Concept,共通
3479,予備費,,予備費に関連する業務用語。,Concept,共通
3480,予定事業費率,,予定事業費率に関連する業務用語。,Concept,共通
3481,予定利率,,予定利率に関連する業務用語。,Concept,共通
3482,予定昇給率,,予定昇給率に関連する業務用語。,Concept,共通
3483,予定死亡率,,予定死亡率に関連する業務用語。,Concept,共通
3484,予定納税,,予定納税に関連する業務用語。,Concept,共通
3485,予想変動率,,予想変動率に関連する業務用語。,Concept,共通
3486,予想配当,,予想配当に関連する業務用語。,Concept,財務分析
3487,予想配当利回り,,予想配当利回りに関連する業務用語。,Metric,財務分析
3488,予想ＰＥＲ,,予想ＰＥＲに関連する業務用語。,Concept,共通
3489,予算,,予算に関連する業務用語。,Concept,共通
3490,予算と実績の差異分析,,予算と実績の差異分析に関連する業務用語。,Concept,共通
3491,予算の見直し,,予算の見直しに関連する業務用語。,Concept,共通
3492,予算実績管理,,予算実績管理に関連する業務用語。,Concept,共通
3493,予算差異分析,,予算差異分析に関連する業務用語。,Concept,共通
3494,予算管理,,予算管理に関連する業務用語。,Concept,共通
3495,予約販売,,予約販売に関連する業務用語。,Concept,共通
3496,事前確定届出給与,,事前確定届出給与に関連する業務用語。,Process,人事
3497,事前警告型防衛策,,事前警告型防衛策に関連する業務用語。,Concept,共通
3498,事前通知,,事前通知に関連する業務用語。,Concept,共通
3499,事実上の貸倒れ,,事実上の貸倒れに関連する業務用語。,Concept,共通
3500,事業の内容,Description of Business,事業の内容に関連する業務用語。,Concept,共通
3501,事業の概況,Overview of Business,事業の概況に関連する業務用語。,Concept,共通
3502,事業の経過及び成果,Progress and Results of Business,事業の経過及び成果に関連する業務用語。,Concept,共通
3503,事業セグメント,,事業セグメントに関連する業務用語。,Concept,共通
3504,事業ドメイン,,事業ドメインに関連する業務用語。,Concept,共通
3505,事業ブランド,,事業ブランドに関連する業務用語。,Concept,マーケティング
3506,事業ポートフォリオ,Business Portfolio,事業ポートフォリオに関連する業務用語。,Concept,投資
3507,事業ライフサイクル,,事業ライフサイクルに関連する業務用語。,Concept,共通
3508,事業リスク,,事業リスクに関連する業務用語。,Concept,共通
3509,事業債,,事業債に関連する業務用語。,Concept,共通
3510,事業再生,,事業再生に関連する業務用語。,Concept,共通
3511,事業再生ADR,,事業再生ADRに関連する業務用語。,Concept,共通
3512,事業再生ＡＤＲ,,事業再生ＡＤＲに関連する業務用語。,Concept,共通
3513,事業分離,,事業分離に関連する業務用語。,Concept,共通
3514,事業分離日,,事業分離日に関連する業務用語。,Concept,共通
3515,事業報告,,事業報告に関連する業務用語。,Concept,共通
3516,事業報告書,Business Report,事業報告書に関連する業務用語。,Concept,共通
3517,事業戦略,Business Strategy,事業戦略に関連する業務用語。,Concept,共通
3518,事業所得,,事業所得に関連する業務用語。,Concept,共通
3519,事業承継,,事業承継に関連する業務用語。,Concept,共通
3520,事業持ち株会社,,事業持ち株会社に関連する業務用語。,Entity,共通
3521,事業特性,,事業特性に関連する業務用語。,Concept,共通
3522,事業環境分析,,事業環境分析に関連する業務用語。,Concept,共通
3523,事業税,,事業税に関連する業務用語。,Concept,共通
3524,事業等のリスク,Business Risks,事業等のリスクに関連する業務用語。,Concept,共通
3525,事業統合,,事業統合に関連する業務用語。,Concept,共通
3526,事業継続計画,Business Continuity Plan (BCP),事業継続計画に関連する業務用語。,Concept,共通
3527,事業部別組織,,事業部別組織に関連する業務用語。,Entity,共通
3528,事業部制,,事業部制に関連する業務用語。,Entity,共通
3529,二度に売るべし,,二度に売るべしに関連する業務用語。,Concept,共通
3530,二度に買うべし,,二度に買うべしに関連する業務用語。,Concept,共通
3531,二次相続,,二次相続に関連する業務用語。,Concept,共通
3532,二点底,,二点底に関連する業務用語。,Concept,共通
3533,二重天井,,二重天井に関連する業務用語。,Concept,共通
3534,二重底,,二重底に関連する業務用語。,Concept,共通
3535,二重通貨建て債,,二重通貨建て債に関連する業務用語。,Concept,投資
3536,二重通貨建債,,二重通貨建債に関連する業務用語。,Concept,投資
3537,二重通貨預金,,二重通貨預金に関連する業務用語。,Concept,投資
3538,二階建て,,二階建てに関連する業務用語。,Concept,共通
3539,五段階集団発展モデル,,五段階集団発展モデルに関連する業務用語。,Concept,共通
3540,交互進行ゲーム,,交互進行ゲームに関連する業務用語。,Concept,共通
3541,交付目論見書,,交付目論見書に関連する業務用語。,Concept,共通
3542,交換社債券,,交換社債券に関連する業務用語。,Concept,投資
3543,交易条件指数,,交易条件指数に関連する業務用語。,Concept,共通
3544,交渉,,交渉に関連する業務用語。,Concept,共通
3545,交際費,,交際費に関連する業務用語。,Concept,共通
3546,京都議定書,,京都議定書に関連する業務用語。,Concept,共通
3547,人の行く裏に道あり,,人の行く裏に道ありに関連する業務用語。,Concept,共通
3548,人事コンサルティング,HR Consulting,人事コンサルティングに関連する業務用語。,Process,人事
3549,人事院勧告,,人事院勧告に関連する業務用語。,Process,人事
3550,人件費,,人件費に関連する業務用語。,Concept,共通
3551,人口オーナス,,人口オーナスに関連する業務用語。,Concept,共通
3552,人口ボーナス,,人口ボーナスに関連する業務用語。,Concept,共通
3553,人口動態変数,,人口動態変数に関連する業務用語。,Concept,共通
3554,人口統計,,人口統計に関連する業務用語。,Concept,共通
3555,人材マネジメント,,人材マネジメントに関連する業務用語。,Process,人事
3556,人材派遣,,人材派遣に関連する業務用語。,Process,人事
3557,人材育成,Human Resource Development,人材育成に関連する業務用語。,Process,人事
3558,人権デューデリジェンス,Human Rights Due Diligence,人権デューデリジェンスに関連する業務用語。,Process,M&A
3559,人民元,,人民元に関連する業務用語。,Concept,共通
3560,人民元切り上げ,,人民元切り上げに関連する業務用語。,Concept,共通
3561,人気株,,人気株に関連する業務用語。,Concept,共通
3562,人気相場,,人気相場に関連する業務用語。,Concept,共通
3563,人気買い,,人気買いに関連する業務用語。,Concept,共通
3564,人的販売,,人的販売に関連する業務用語。,Concept,共通
3565,人的資本経営,Human Capital Management,人的資本経営に関連する業務用語。,Concept,ESG
3566,人的資源管理,,人的資源管理に関連する業務用語。,Concept,共通
3567,今期,,今期に関連する業務用語。,Concept,共通
3568,介入,,介入に関連する業務用語。,Concept,共通
3569,仕入,,仕入に関連する業務用語。,Concept,調達
3570,仕入の計上基準,,仕入の計上基準に関連する業務用語。,Concept,調達
3571,仕入値引,,仕入値引に関連する業務用語。,Concept,調達
3572,仕入債務回転率,,仕入債務回転率に関連する業務用語。,Metric,財務分析
3573,仕入先別債務残高管理,,仕入先別債務残高管理に関連する業務用語。,Concept,調達
3574,仕入先別元帳,,仕入先別元帳に関連する業務用語。,Concept,調達
3575,仕入割引,,仕入割引に関連する業務用語。,Concept,調達
3576,仕入割戻し,,仕入割戻しに関連する業務用語。,Concept,調達
3577,仕入帳,,仕入帳に関連する業務用語。,Concept,調達
3578,仕入控除税額,,仕入控除税額に関連する業務用語。,Concept,調達
3579,仕入税額控除,,仕入税額控除に関連する業務用語。,Concept,調達
3580,仕切売買,,仕切売買に関連する業務用語。,Concept,共通
3581,仕手,,仕手に関連する業務用語。,Concept,共通
3582,仕手戦,,仕手戦に関連する業務用語。,Concept,共通
3583,仕手株,,仕手株に関連する業務用語。,Concept,共通
3584,仕手筋,,仕手筋に関連する業務用語。,Concept,共通
3585,仕掛け,,仕掛けに関連する業務用語。,Concept,共通
3586,仕掛け損,,仕掛け損に関連する業務用語。,Concept,共通
3587,仕掛け難,,仕掛け難に関連する業務用語。,Concept,共通
3588,仕掛品,Work in Process,仕掛品に関連する業務用語。,Document,会計
3589,仕損品,,仕損品に関連する業務用語。,Concept,共通
3590,仕組債,,仕組債に関連する業務用語。,Concept,共通
3591,仕組預金,,仕組預金に関連する業務用語。,Concept,共通
3592,仕訳,,仕訳に関連する業務用語。,Document,会計
3593,仕訳帳,,仕訳帳に関連する業務用語。,Document,会計
3594,仕訳日計表,,仕訳日計表に関連する業務用語。,Document,会計
3595,他人振出小切手,,他人振出小切手に関連する業務用語。,Concept,共通
3596,他人資本,,他人資本に関連する業務用語。,Concept,共通
3597,他勘定振替高,,他勘定振替高に関連する業務用語。,Document,会計
3598,他社株償還条項付社債,,他社株償還条項付社債に関連する業務用語。,Concept,投資
3599,他社株転換債,,他社株転換債に関連する業務用語。,Concept,共通
3600,他社株転換可能債,,他社株転換可能債に関連する業務用語。,Concept,共通
3601,付加価値,,付加価値に関連する業務用語。,Concept,共通
3602,付加価値分析,,付加価値分析に関連する業務用語。,Concept,共通
3603,付加価値割,,付加価値割に関連する業務用語。,Concept,共通
3604,付加価値増加率,,付加価値増加率に関連する業務用語。,Concept,共通
3605,付随費用,,付随費用に関連する業務用語。,Metric,会計
3606,代償分割,,代償分割に関連する業務用語。,Concept,共通
3607,代替エネルギー,,代替エネルギーに関連する業務用語。,Concept,共通
3608,代替品の脅威,,代替品の脅威に関連する業務用語。,Concept,共通
3609,代替財,,代替財に関連する業務用語。,Concept,共通
3610,代用有価証券,,代用有価証券に関連する業務用語。,Concept,投資
3611,代用証券,,代用証券に関連する業務用語。,Concept,投資
3612,代行協会員,,代行協会員に関連する業務用語。,Concept,共通
3613,代行手数料,,代行手数料に関連する業務用語。,Concept,共通
3614,代表取締役,Representative Director,代表取締役に関連する業務用語。,Entity,ガバナンス
3615,代表取締役社長,President and CEO,代表取締役社長に関連する業務用語。,Entity,ガバナンス
3616,代襲相続,,代襲相続に関連する業務用語。,Concept,共通
3617,代襲相続人,,代襲相続人に関連する業務用語。,Concept,共通
3618,代襲者,,代襲者に関連する業務用語。,Concept,共通
3619,仮勘定,,仮勘定に関連する業務用語。,Document,会計
3620,仮受消費税等,,仮受消費税等に関連する業務用語。,Process,税務
3621,仮受金,,仮受金に関連する業務用語。,Concept,共通
3622,仮想通貨,Virtual Currency / Cryptocurrency,仮想通貨に関連する業務用語。,Concept,投資
3623,仮想通貨法,,仮想通貨法に関連する業務用語。,Concept,投資
3624,仮払消費税等,,仮払消費税等に関連する業務用語。,Process,税務
3625,仮払金,,仮払金に関連する業務用語。,Concept,共通
3626,仮条件,,仮条件に関連する業務用語。,Concept,共通
3627,仮決算,,仮決算に関連する業務用語。,Document,会計
3628,仮装売買,,仮装売買に関連する業務用語。,Concept,共通
3629,仮計上,,仮計上に関連する業務用語。,Concept,共通
3630,仮説,,仮説に関連する業務用語。,Concept,共通
3631,仮説思考,Hypothesis-Driven Thinking,仮説思考に関連する業務用語。,Concept,共通
3632,仮説思考・仮説検証,,仮説思考・仮説検証に関連する業務用語。,Concept,共通
3633,仮説検証,,仮説検証に関連する業務用語。,Concept,共通
3634,仮需,,仮需に関連する業務用語。,Concept,共通
3635,仮需要,,仮需要に関連する業務用語。,Concept,共通
3636,仲値,,仲値に関連する業務用語。,Concept,共通
3637,仲値不足,,仲値不足に関連する業務用語。,Concept,共通
3638,仲立会員,,仲立会員に関連する業務用語。,Concept,共通
3639,任意の報酬委員会,Voluntary Compensation Committee,任意の報酬委員会に関連する業務用語。,Entity,ガバナンス
3640,任意の指名委員会,Voluntary Nomination Committee,任意の指名委員会に関連する業務用語。,Entity,ガバナンス
3641,任意償還,,任意償還に関連する業務用語。,Concept,共通
3642,任意準備金,,任意準備金に関連する業務用語。,Concept,共通
3643,任意監査,,任意監査に関連する業務用語。,Process,会計
3644,任意積立金,,任意積立金に関連する業務用語。,Concept,共通
3645,任意調査,,任意調査に関連する業務用語。,Concept,共通
3646,企業の社会的責任,,企業の社会的責任に関連する業務用語。,Entity,共通
3647,企業会計,,企業会計に関連する業務用語。,Document,会計
3648,企業会計原則,,企業会計原則に関連する業務用語。,Document,会計
3649,企業会計基準委員会,,企業会計基準委員会に関連する業務用語。,Document,会計
3650,企業価値,,企業価値に関連する業務用語。,Entity,共通
3651,企業倫理,,企業倫理に関連する業務用語。,Entity,共通
3652,企業再生,Corporate Restructuring,企業再生に関連する業務用語。,Entity,共通
3653,企業再生ファンド,,企業再生ファンドに関連する業務用語。,Metric,投資
3654,企業再生支援機構,,企業再生支援機構に関連する業務用語。,Entity,共通
3655,企業再編,,企業再編に関連する業務用語。,Entity,共通
3656,企業別労働組合,,企業別労働組合に関連する業務用語。,Entity,人事
3657,企業別組合,,企業別組合に関連する業務用語。,Entity,人事
3658,企業向けサービス価格指数,,企業向けサービス価格指数に関連する業務用語。,Entity,共通
3659,企業在庫（米国）,,企業在庫（米国）に関連する業務用語。,Concept,調達
3660,企業型401k,,企業型401kに関連する業務用語。,Entity,共通
3661,企業型401ｋ,,企業型401ｋに関連する業務用語。,Entity,共通
3662,企業型DC,,企業型DCに関連する業務用語。,Entity,共通
3663,企業型確定拠出年金,,企業型確定拠出年金に関連する業務用語。,Process,人事
3664,企業型ＤＣ,,企業型ＤＣに関連する業務用語。,Entity,共通
3665,企業年金,,企業年金に関連する業務用語。,Process,人事
3666,企業年金連合会,,企業年金連合会に関連する業務用語。,Process,人事
3667,企業情報,Company Information,企業情報に関連する業務用語。,Entity,共通
3668,企業業績,,企業業績に関連する業務用語。,Entity,共通
3669,企業物価指数,,企業物価指数に関連する業務用語。,Entity,共通
3670,企業結合,,企業結合に関連する業務用語。,Entity,共通
3671,企業結合会計,,企業結合会計に関連する業務用語。,Document,会計
3672,企業結合日,,企業結合日に関連する業務用語。,Entity,共通
3673,企業統治,,企業統治に関連する業務用語。,Entity,共通
3674,企業行動に関するアンケート調査,,企業行動に関するアンケート調査に関連する業務用語。,Entity,共通
3675,企業買収,,企業買収に関連する業務用語。,Process,M&A
3676,企業間信用,,企業間信用に関連する業務用語。,Entity,共通
3677,企業集団,,企業集団に関連する業務用語。,Entity,共通
3678,休む,,休むに関連する業務用語。,Concept,共通
3679,休むべし,,休むべしに関連する業務用語。,Concept,共通
3680,休むも相場,,休むも相場に関連する業務用語。,Concept,共通
3681,休眠預金,,休眠預金に関連する業務用語。,Concept,共通
3682,会社の不成立,,会社の不成立に関連する業務用語。,Entity,共通
3683,会社の機関,,会社の機関に関連する業務用語。,Entity,共通
3684,会社分割,Company Split / Demerger,会社分割に関連する業務用語。,Entity,共通
3685,会社四季報,,会社四季報に関連する業務用語。,Entity,共通
3686,会社型投資信託,,会社型投資信託に関連する業務用語。,Metric,投資
3687,会社役員の状況,Company Officer Status,会社役員の状況に関連する業務用語。,Entity,人事
3688,会社更生法,,会社更生法に関連する業務用語。,Entity,共通
3689,会社法,Companies Act,会社法に関連する業務用語。,Entity,共通
3690,会社法会計,,会社法会計に関連する業務用語。,Document,会計
3691,会社法決算,,会社法決算に関連する業務用語。,Document,会計
3692,会社法監査,,会社法監査に関連する業務用語。,Process,会計
3693,会計,,会計に関連する業務用語。,Document,会計
3694,会計ビッグバン,,会計ビッグバンに関連する業務用語。,Document,会計
3695,会計上の変更,,会計上の変更に関連する業務用語。,Document,会計
3696,会計上の見積り,,会計上の見積りに関連する業務用語。,Document,会計
3697,会計上の見積りの変更,,会計上の見積りの変更に関連する業務用語。,Document,会計
3698,会計公準,,会計公準に関連する業務用語。,Document,会計
3699,会計処理の統一,,会計処理の統一に関連する業務用語。,Document,会計
3700,会計原則,,会計原則に関連する業務用語。,Document,会計
3701,会計参与,,会計参与に関連する業務用語。,Document,会計
3702,会計参与設置会社,,会計参与設置会社に関連する業務用語。,Document,会計
3703,会計基準,Accounting Standards,会計基準に関連する業務用語。,Document,会計
3704,会計基準の公開草案,,会計基準の公開草案に関連する業務用語。,Document,会計
3705,会計基準変更時差異,,会計基準変更時差異に関連する業務用語。,Document,会計
3706,会計帳簿,,会計帳簿に関連する業務用語。,Document,会計
3707,会計年度,,会計年度に関連する業務用語。,Document,会計
3708,会計方針,Accounting Policy,会計方針に関連する業務用語。,Document,会計
3709,会計方針の変更,,会計方針の変更に関連する業務用語。,Document,会計
3710,会計期間,,会計期間に関連する業務用語。,Document,会計
3711,会計発生高,,会計発生高に関連する業務用語。,Document,会計
3712,会計監査,,会計監査に関連する業務用語。,Document,会計
3713,会計監査の状況,Audit Status,会計監査の状況に関連する業務用語。,Document,会計
3714,会計監査人,Independent Auditor,会計監査人に関連する業務用語。,Document,会計
3715,会計監査人設置会社,,会計監査人設置会社に関連する業務用語。,Document,会計
3716,会議費,,会議費に関連する業務用語。,Concept,共通
3717,会費,,会費に関連する業務用語。,Concept,共通
3718,伝染病隔絶地遺言,,伝染病隔絶地遺言に関連する業務用語。,Concept,共通
3719,伝染病隔離者遺言,,伝染病隔離者遺言に関連する業務用語。,Concept,共通
3720,伝票,,伝票に関連する業務用語。,Concept,共通
3721,伝票式会計,,伝票式会計に関連する業務用語。,Document,会計
3722,伸び悩む,,伸び悩むに関連する業務用語。,Concept,共通
3723,低位株,,低位株に関連する業務用語。,Concept,共通
3724,低価法,,低価法に関連する業務用語。,Concept,共通
3725,住宅ローン債権担保証券,,住宅ローン債権担保証券に関連する業務用語。,Concept,投資
3726,住宅ローン担保証券,,住宅ローン担保証券に関連する業務用語。,Concept,投資
3727,住宅ローン控除,,住宅ローン控除に関連する業務用語。,Process,金融
3728,住宅市場指数,,住宅市場指数に関連する業務用語。,Concept,共通
3729,住宅建築許可件数,,住宅建築許可件数に関連する業務用語。,Concept,共通
3730,住宅着工・着工許可件数（米国）,,住宅着工・着工許可件数（米国）に関連する業務用語。,Concept,共通
3731,住宅着工件数,,住宅着工件数に関連する業務用語。,Concept,共通
3732,住宅着工件数（米国）,,住宅着工件数（米国）に関連する業務用語。,Concept,共通
3733,住宅着工統計,,住宅着工統計に関連する業務用語。,Concept,共通
3734,住宅金融公庫債券,,住宅金融公庫債券に関連する業務用語。,Concept,投資
3735,住民参加型公募債,,住民参加型公募債に関連する業務用語。,Concept,共通
3736,住民税,,住民税に関連する業務用語。,Concept,共通
3737,体験価値,,体験価値に関連する業務用語。,Concept,共通
3738,使用価値,Value in Use,使用価値に関連する業務用語。,Concept,共通
3739,使用基準,,使用基準に関連する業務用語。,Concept,共通
3740,使途秘匿金,,使途秘匿金に関連する業務用語。,Concept,共通
3741,供給業者,,供給業者に関連する業務用語。,Concept,共通
3742,依頼格付け,,依頼格付けに関連する業務用語。,Concept,共通
3743,価値創造,Value Creation,価値創造に関連する業務用語。,Concept,共通
3744,価格優先の原則,,価格優先の原則に関連する業務用語。,Concept,共通
3745,価格優先原則,,価格優先原則に関連する業務用語。,Concept,共通
3746,価格変動リスク,,価格変動リスクに関連する業務用語。,Concept,共通
3747,価格変動性,,価格変動性に関連する業務用語。,Concept,共通
3748,価格差異,,価格差異に関連する業務用語。,Concept,共通
3749,価格帯別売買高,,価格帯別売買高に関連する業務用語。,Concept,共通
3750,価格弾力性,,価格弾力性に関連する業務用語。,Concept,共通
3751,価格戦略,Pricing Strategy,価格戦略に関連する業務用語。,Concept,共通
3752,価格競争,,価格競争に関連する業務用語。,Concept,共通
3753,価格競争入札コンベンショナル方式,,価格競争入札コンベンショナル方式に関連する業務用語。,Concept,共通
3754,保ち合い,,保ち合いに関連する業務用語。,Concept,共通
3755,保守主義,,保守主義に関連する業務用語。,Concept,共通
3756,保守主義の原則,Conservatism Principle,保守主義の原則に関連する業務用語。,Concept,共通
3757,保管振替制度,,保管振替制度に関連する業務用語。,Concept,共通
3758,保証期間付終身年金,,保証期間付終身年金に関連する業務用語。,Process,人事
3759,保証金率,,保証金率に関連する業務用語。,Concept,共通
3760,保証金額付特別勘定終身年金,,保証金額付特別勘定終身年金に関連する業務用語。,Document,会計
3761,保証金額付終身年金,,保証金額付終身年金に関連する業務用語。,Process,人事
3762,保護関税,,保護関税に関連する業務用語。,Concept,共通
3763,保護預かり,,保護預かりに関連する業務用語。,Concept,共通
3764,保護預り制度,,保護預り制度に関連する業務用語。,Concept,共通
3765,保険つなぎ,,保険つなぎに関連する業務用語。,Concept,共通
3766,保険事故,,保険事故に関連する業務用語。,Concept,共通
3767,保険会社,,保険会社に関連する業務用語。,Entity,共通
3768,保険差益,,保険差益に関連する業務用語。,Concept,共通
3769,保険年度,,保険年度に関連する業務用語。,Concept,共通
3770,保険料,,保険料に関連する業務用語。,Concept,共通
3771,保険料贈与プラン,,保険料贈与プランに関連する業務用語。,Concept,共通
3772,保険期間,,保険期間に関連する業務用語。,Concept,共通
3773,保険相互会社の株式会社化,,保険相互会社の株式会社化に関連する業務用語。,Concept,財務分析
3774,保険証券,,保険証券に関連する業務用語。,Concept,投資
3775,保険金,,保険金に関連する業務用語。,Concept,共通
3776,保険金の非課税枠（相続税法第12条）,,保険金の非課税枠（相続税法第12条）に関連する業務用語。,Concept,共通
3777,保険金受取人,,保険金受取人に関連する業務用語。,Concept,共通
3778,保険関係費用,,保険関係費用に関連する業務用語。,Metric,会計
3779,信用乗数,,信用乗数に関連する業務用語。,Concept,共通
3780,信用倍率,,信用倍率に関連する業務用語。,Concept,共通
3781,信用危機,,信用危機に関連する業務用語。,Concept,共通
3782,信用収縮,,信用収縮に関連する業務用語。,Concept,共通
3783,信用取引,,信用取引に関連する業務用語。,Concept,投資
3784,信用取引の税金,,信用取引の税金に関連する業務用語。,Concept,投資
3785,信用取引残高,,信用取引残高に関連する業務用語。,Concept,投資
3786,信用取引金利,,信用取引金利に関連する業務用語。,Concept,投資
3787,信用取引銘柄,,信用取引銘柄に関連する業務用語。,Concept,投資
3788,信用売り,,信用売りに関連する業務用語。,Concept,共通
3789,信用格付け会社,,信用格付け会社に関連する業務用語。,Entity,共通
3790,信用緩和,,信用緩和に関連する業務用語。,Concept,共通
3791,信用補完,,信用補完に関連する業務用語。,Concept,共通
3792,信用規制,,信用規制に関連する業務用語。,Concept,ガバナンス
3793,信用評価損益率,,信用評価損益率に関連する業務用語。,Document,会計
3794,信用調査,,信用調査に関連する業務用語。,Concept,共通
3795,信用買い,,信用買いに関連する業務用語。,Concept,共通
3796,信用銘柄,,信用銘柄に関連する業務用語。,Concept,共通
3797,信託勘定,,信託勘定に関連する業務用語。,Document,会計
3798,信託協会,,信託協会に関連する業務用語。,Concept,共通
3799,信託受益権,,信託受益権に関連する業務用語。,Concept,共通
3800,信託型ライツプラン,,信託型ライツプランに関連する業務用語。,Concept,共通
3801,信託報酬,,信託報酬に関連する業務用語。,Process,人事
3802,信託契約,,信託契約に関連する業務用語。,Concept,共通
3803,信託期間,,信託期間に関連する業務用語。,Concept,共通
3804,信託約款,,信託約款に関連する業務用語。,Concept,共通
3805,信託財産,,信託財産に関連する業務用語。,Concept,共通
3806,信託財産留保額,,信託財産留保額に関連する業務用語。,Concept,共通
3807,修正NAV,,修正NAVに関連する業務用語。,Concept,共通
3808,修正再表示,,修正再表示に関連する業務用語。,Concept,共通
3809,修正国際基準,,修正国際基準に関連する業務用語。,Concept,共通
3810,修正後発事象,,修正後発事象に関連する業務用語。,Concept,共通
3811,修正株価,,修正株価に関連する業務用語。,Concept,財務分析
3812,修正申告,,修正申告に関連する業務用語。,Concept,共通
3813,修正移動平均線,,修正移動平均線に関連する業務用語。,Concept,共通
3814,修正ＮＡＶ,,修正ＮＡＶに関連する業務用語。,Concept,共通
3815,修繕費,,修繕費に関連する業務用語。,Concept,共通
3816,個人事業主,,個人事業主に関連する業務用語。,Process,人事
3817,個人事業税,,個人事業税に関連する業務用語。,Process,人事
3818,個人向け利付国庫債券,,個人向け利付国庫債券に関連する業務用語。,Concept,投資
3819,個人向け国債,,個人向け国債に関連する業務用語。,Concept,投資
3820,個人向け復興国債,,個人向け復興国債に関連する業務用語。,Concept,投資
3821,個人向け復興応援国債,,個人向け復興応援国債に関連する業務用語。,Concept,投資
3822,個人型401k,,個人型401kに関連する業務用語。,Concept,共通
3823,個人型401ｋ,,個人型401ｋに関連する業務用語。,Concept,共通
3824,個人型DC,,個人型DCに関連する業務用語。,Concept,共通
3825,個人型確定拠出年金,,個人型確定拠出年金に関連する業務用語。,Process,人事
3826,個人型ＤＣ,,個人型ＤＣに関連する業務用語。,Concept,共通
3827,個人年金保険,,個人年金保険に関連する業務用語。,Process,人事
3828,個人情報保護法,Personal Information Protection Law,個人情報保護法に関連する業務用語。,Concept,ガバナンス
3829,個人所得（米国）,,個人所得（米国）に関連する業務用語。,Concept,共通
3830,個人投資家,Individual Investor,個人投資家に関連する業務用語。,Concept,共通
3831,個人持ち株比率,,個人持ち株比率に関連する業務用語。,Concept,共通
3832,個人持株比率,,個人持株比率に関連する業務用語。,Concept,財務分析
3833,個人支出（米国）,,個人支出（米国）に関連する業務用語。,Concept,共通
3834,個人株主,,個人株主に関連する業務用語。,Concept,財務分析
3835,個人消費支出,,個人消費支出に関連する業務用語。,Concept,共通
3836,個人消費（米国）,,個人消費（米国）に関連する業務用語。,Concept,共通
3837,個人番号カード,,個人番号カードに関連する業務用語。,Concept,共通
3838,個別信用残高,,個別信用残高に関連する業務用語。,Concept,共通
3839,個別償却,,個別償却に関連する業務用語。,Metric,会計
3840,個別元本,,個別元本に関連する業務用語。,Concept,共通
3841,個別元本方式,,個別元本方式に関連する業務用語。,Concept,共通
3842,個別原価計算,,個別原価計算に関連する業務用語。,Metric,会計
3843,個別対応,,個別対応に関連する業務用語。,Concept,共通
3844,個別対応方式,,個別対応方式に関連する業務用語。,Concept,共通
3845,個別帰属額の届出書,,個別帰属額の届出書に関連する業務用語。,Concept,共通
3846,個別株オプション,,個別株オプションに関連する業務用語。,Concept,投資
3847,個別株リンク債,,個別株リンク債に関連する業務用語。,Concept,共通
3848,個別株主通知,,個別株主通知に関連する業務用語。,Concept,財務分析
3849,個別格付け,,個別格付けに関連する業務用語。,Concept,共通
3850,個別法,,個別法に関連する業務用語。,Concept,共通
3851,個別注記表,,個別注記表に関連する業務用語。,Process,会計
3852,個別競争売買,,個別競争売買に関連する業務用語。,Concept,共通
3853,個別評価の貸倒引当金,,個別評価の貸倒引当金に関連する業務用語。,Document,会計
3854,個別評価金銭債権,,個別評価金銭債権に関連する業務用語。,Process,人事
3855,個尊重の経営,,個尊重の経営に関連する業務用語。,Concept,共通
3856,倒産,,倒産に関連する業務用語。,Concept,共通
3857,借入金,,借入金に関連する業務用語。,Process,金融
3858,借入金融,,借入金融に関連する業務用語。,Process,金融
3859,借地権,,借地権に関連する業務用語。,Concept,共通
3860,借換債,,借換債に関連する業務用語。,Concept,共通
3861,借方と貸方,,借方と貸方に関連する業務用語。,Concept,共通
3862,借方要素,,借方要素に関連する業務用語。,Concept,共通
3863,借株残,,借株残に関連する業務用語。,Concept,共通
3864,値がさ株,,値がさ株に関連する業務用語。,Concept,共通
3865,値が残る,,値が残るに関連する業務用語。,Concept,共通
3866,値ごろ感,,値ごろ感に関連する業務用語。,Concept,共通
3867,値つき,,値つきに関連する業務用語。,Concept,共通
3868,値つき率,,値つき率に関連する業務用語。,Concept,共通
3869,値つけ株,,値つけ株に関連する業務用語。,Concept,共通
3870,値ぼれ売り,,値ぼれ売りに関連する業務用語。,Concept,共通
3871,値ぼれ買い,,値ぼれ買いに関連する業務用語。,Concept,共通
3872,値を消す,,値を消すに関連する業務用語。,Concept,共通
3873,値ザヤ稼ぎ,,値ザヤ稼ぎに関連する業務用語。,Concept,共通
3874,値上がり株より商いの出来る株を買え,,値上がり株より商いの出来る株を買えに関連する業務用語。,Concept,共通
3875,値付率,,値付率に関連する業務用語。,Concept,共通
3876,値幅制限,,値幅制限に関連する業務用語。,Concept,共通
3877,値幅整理,,値幅整理に関連する業務用語。,Concept,共通
3878,値惚れ買い,,値惚れ買いに関連する業務用語。,Concept,共通
3879,値洗い,,値洗いに関連する業務用語。,Concept,共通
3880,健康経営,Health Management,健康経営に関連する業務用語。,Concept,共通
3881,健康食品,Health Food,健康食品に関連する業務用語。,Concept,共通
3882,偶発事象,,偶発事象に関連する業務用語。,Concept,共通
3883,偶発債務,,偶発債務に関連する業務用語。,Concept,共通
3884,偶発性,,偶発性に関連する業務用語。,Concept,共通
3885,偶発転換社債,,偶発転換社債に関連する業務用語。,Concept,投資
3886,傍系,,傍系に関連する業務用語。,Concept,共通
3887,備品消耗品費,,備品消耗品費に関連する業務用語。,Concept,共通
3888,催促相場,,催促相場に関連する業務用語。,Concept,共通
3889,債券レポ市場,,債券レポ市場に関連する業務用語。,Concept,投資
3890,債券価格,,債券価格に関連する業務用語。,Concept,投資
3891,債券先物取引,,債券先物取引に関連する業務用語。,Concept,投資
3892,債券単価,,債券単価に関連する業務用語。,Concept,投資
3893,債券店頭オプション取引,,債券店頭オプション取引に関連する業務用語。,Concept,投資
3894,債券投資のリスク,,債券投資のリスクに関連する業務用語。,Concept,投資
3895,債券投資の三原則,,債券投資の三原則に関連する業務用語。,Concept,投資
3896,債券担保証券,,債券担保証券に関連する業務用語。,Concept,投資
3897,債券格付,,債券格付に関連する業務用語。,Concept,投資
3898,債券貸借取引,,債券貸借取引に関連する業務用語。,Document,会計
3899,債務の株式化,,債務の株式化に関連する業務用語。,Concept,財務分析
3900,債務不履行,,債務不履行に関連する業務用語。,Concept,共通
3901,債務不履行リスク,,債務不履行リスクに関連する業務用語。,Concept,共通
3902,債務担保証券,,債務担保証券に関連する業務用語。,Concept,投資
3903,債務控除,,債務控除に関連する業務用語。,Concept,共通
3904,債務株式化,,債務株式化に関連する業務用語。,Concept,財務分析
3905,債務確定主義,,債務確定主義に関連する業務用語。,Concept,共通
3906,債務超過,,債務超過に関連する業務用語。,Concept,共通
3907,債権・債務の消去,,債権・債務の消去に関連する業務用語。,Concept,共通
3908,債権保全,,債権保全に関連する業務用語。,Concept,共通
3909,債権放棄,,債権放棄に関連する業務用語。,Concept,共通
3910,債権残高確認,,債権残高確認に関連する業務用語。,Concept,共通
3911,債権残高確認書,,債権残高確認書に関連する業務用語。,Concept,共通
3912,債権者,,債権者に関連する業務用語。,Concept,共通
3913,償却不足額,,償却不足額に関連する業務用語。,Metric,会計
3914,償却原価,,償却原価に関連する業務用語。,Metric,会計
3915,償却超過額,,償却超過額に関連する業務用語。,Metric,会計
3916,償却限度額,,償却限度額に関連する業務用語。,Metric,会計
3917,償還,,償還に関連する業務用語。,Concept,共通
3918,償還乗換優遇制度,,償還乗換優遇制度に関連する業務用語。,Concept,共通
3919,償還予定日,,償還予定日に関連する業務用語。,Concept,共通
3920,償還価額,,償還価額に関連する業務用語。,Concept,共通
3921,償還差損,,償還差損に関連する業務用語。,Concept,共通
3922,償還差益,,償還差益に関連する業務用語。,Concept,共通
3923,償還年限,,償還年限に関連する業務用語。,Concept,共通
3924,償還日,,償還日に関連する業務用語。,Concept,共通
3925,償還期日,,償還期日に関連する業務用語。,Concept,共通
3926,償還期間,,償還期間に関連する業務用語。,Concept,共通
3927,償還請求権,,償還請求権に関連する業務用語。,Concept,共通
3928,償還金,,償還金に関連する業務用語。,Concept,共通
3929,優先債,,優先債に関連する業務用語。,Concept,共通
3930,優先出資証券,,優先出資証券に関連する業務用語。,Concept,投資
3931,優先劣後構造,,優先劣後構造に関連する業務用語。,Concept,共通
3932,優先市場,,優先市場に関連する業務用語。,Concept,共通
3933,優先株,,優先株に関連する業務用語。,Concept,財務分析
3934,優先株式,,優先株式に関連する業務用語。,Concept,財務分析
3935,優待利回り,,優待利回りに関連する業務用語。,Concept,共通
3936,優遇ユーザー,,優遇ユーザーに関連する業務用語。,Concept,共通
3937,優雅なる無視,,優雅なる無視に関連する業務用語。,Concept,共通
3938,元帳,,元帳に関連する業務用語。,Concept,共通
3939,元引受契約,,元引受契約に関連する業務用語。,Concept,共通
3940,元本,,元本に関連する業務用語。,Concept,共通
3941,元本リスク,,元本リスクに関連する業務用語。,Concept,共通
3942,元本利子分離債,,元本利子分離債に関連する業務用語。,Concept,共通
3943,元本払戻金,,元本払戻金に関連する業務用語。,Concept,共通
3944,元本確保型商品,,元本確保型商品に関連する業務用語。,Concept,共通
3945,先安,,先安に関連する業務用語。,Concept,共通
3946,先導株比率,,先導株比率に関連する業務用語。,Concept,共通
3947,先日付小切手,,先日付小切手に関連する業務用語。,Concept,共通
3948,先渡し取引,,先渡し取引に関連する業務用語。,Concept,共通
3949,先渡取引,,先渡取引に関連する業務用語。,Concept,共通
3950,先物理論価格,,先物理論価格に関連する業務用語。,Concept,投資
3951,先物買い,,先物買いに関連する業務用語。,Concept,投資
3952,先行指数,,先行指数に関連する業務用語。,Concept,共通
3953,先行指標,,先行指標に関連する業務用語。,Concept,共通
3954,先見性,,先見性に関連する業務用語。,Concept,共通
3955,先駆株,,先駆株に関連する業務用語。,Concept,共通
3956,先高,,先高に関連する業務用語。,Concept,共通
3957,免税事業者,,免税事業者に関連する業務用語。,Concept,共通
3958,免税取引,,免税取引に関連する業務用語。,Concept,共通
3959,兜倶楽部,,兜倶楽部に関連する業務用語。,Concept,共通
3960,兜町,,兜町に関連する業務用語。,Concept,共通
3961,入庫,,入庫に関連する業務用語。,Concept,共通
3962,入荷基準,,入荷基準に関連する業務用語。,Concept,共通
3963,入金伝票,,入金伝票に関連する業務用語。,Concept,共通
3964,全値戻し,,全値戻しに関連する業務用語。,Concept,共通
3965,全値押し,,全値押しに関連する業務用語。,Concept,共通
3966,全固体電池,,全固体電池に関連する業務用語。,Concept,共通
3967,全国企業短期経済観測調査,,全国企業短期経済観測調査に関連する業務用語。,Entity,共通
3968,全国銀行データ通信システム,,全国銀行データ通信システムに関連する業務用語。,Entity,金融
3969,全産業活動指数,,全産業活動指数に関連する業務用語。,Concept,共通
3970,全社戦略,,全社戦略に関連する業務用語。,Concept,共通
3971,全米証券業協会,,全米証券業協会に関連する業務用語。,Concept,投資
3972,全部のれん,,全部のれんに関連する業務用語。,Document,会計
3973,全部原価計算,,全部原価計算に関連する業務用語。,Metric,会計
3974,全銀システム,,全銀システムに関連する業務用語。,Concept,共通
3975,全面安,,全面安に関連する業務用語。,Concept,共通
3976,全面時価評価法,,全面時価評価法に関連する業務用語。,Process,人事
3977,全面高,,全面高に関連する業務用語。,Concept,共通
3978,公会計,,公会計に関連する業務用語。,Document,会計
3979,公共債,,公共債に関連する業務用語。,Concept,共通
3980,公共法人,,公共法人に関連する業務用語。,Entity,共通
3981,公共部門ネット負債,,公共部門ネット負債に関連する業務用語。,Concept,会計
3982,公募,,公募に関連する業務用語。,Concept,共通
3983,公募・売り出し価格,,公募・売り出し価格に関連する業務用語。,Concept,共通
3984,公募価格,,公募価格に関連する業務用語。,Concept,共通
3985,公募割れ,,公募割れに関連する業務用語。,Concept,共通
3986,公募地方債,,公募地方債に関連する業務用語。,Concept,投資
3987,公募増資,Public Offering,公募増資に関連する業務用語。,Concept,共通
3988,公募投信,,公募投信に関連する業務用語。,Concept,共通
3989,公募投資信託,,公募投資信託に関連する業務用語。,Metric,投資
3990,公募株式投資信託,,公募株式投資信託に関連する業務用語。,Concept,財務分析
3991,公定歩合,,公定歩合に関連する業務用語。,Concept,共通
3992,公平理論,,公平理論に関連する業務用語。,Concept,共通
3993,公正な評価額,,公正な評価額に関連する業務用語。,Process,人事
3994,公正取引委員会,,公正取引委員会に関連する業務用語。,Entity,ガバナンス
3995,公正証書,,公正証書に関連する業務用語。,Concept,共通
3996,公正証書遺言,,公正証書遺言に関連する業務用語。,Concept,共通
3997,公的固定資本形成,,公的固定資本形成に関連する業務用語。,Concept,共通
3998,公的年金,,公的年金に関連する業務用語。,Process,人事
3999,公的年金控除,,公的年金控除に関連する業務用語。,Process,人事
4000,公的年金等控除,,公的年金等控除に関連する業務用語。,Process,人事
4001,公的資金,,公的資金に関連する業務用語。,Concept,共通
4002,公益法人,,公益法人に関連する業務用語。,Entity,共通
4003,公益社団法人,,公益社団法人に関連する業務用語。,Entity,共通
4004,公示レート,,公示レートに関連する業務用語。,Concept,共通
4005,公示催告,,公示催告に関連する業務用語。,Concept,共通
4006,公示地価,,公示地価に関連する業務用語。,Concept,共通
4007,公社債,,公社債に関連する業務用語。,Concept,投資
4008,公社債ファンド,,公社債ファンドに関連する業務用語。,Concept,投資
4009,公社債店頭売買参考統計値,,公社債店頭売買参考統計値に関連する業務用語。,Concept,投資
4010,公社債投資信託,,公社債投資信託に関連する業務用語。,Concept,投資
4011,公租公課,,公租公課に関連する業務用語。,Concept,共通
4012,公表銘柄,,公表銘柄に関連する業務用語。,Concept,共通
4013,公証人,,公証人に関連する業務用語。,Concept,共通
4014,公証人役場,,公証人役場に関連する業務用語。,Concept,共通
4015,公証役場,,公証役場に関連する業務用語。,Concept,共通
4016,公認会計士,,公認会計士に関連する業務用語。,Document,会計
4017,公認会計士監査,,公認会計士監査に関連する業務用語。,Document,会計
4018,公開会社,,公開会社に関連する業務用語。,Entity,共通
4019,公開価格,,公開価格に関連する業務用語。,Concept,共通
4020,公開前規制,,公開前規制に関連する業務用語。,Concept,ガバナンス
4021,公開基準,,公開基準に関連する業務用語。,Concept,共通
4022,公開市場操作,,公開市場操作に関連する業務用語。,Concept,共通
4023,公開買い付け代理人,,公開買い付け代理人に関連する業務用語。,Concept,共通
4024,公開買い付け制度,,公開買い付け制度に関連する業務用語。,Concept,共通
4025,公開買い付け説明書,,公開買い付け説明書に関連する業務用語。,Concept,共通
4026,公開買付け,,公開買付けに関連する業務用語。,Event,投資
4027,公開買付代理人,,公開買付代理人に関連する業務用語。,Event,投資
4028,共分散,,共分散に関連する業務用語。,Concept,投資
4029,共同事業,,共同事業に関連する業務用語。,Concept,共通
4030,共同支配企業,,共同支配企業に関連する業務用語。,Entity,共通
4031,共同発行債,,共同発行債に関連する業務用語。,Concept,共通
4032,共同発行地方債,,共同発行地方債に関連する業務用語。,Concept,投資
4033,共同発行市場公募地方債,,共同発行市場公募地方債に関連する業務用語。,Concept,投資
4034,共有分割,,共有分割に関連する業務用語。,Concept,共通
4035,共有型経済,,共有型経済に関連する業務用語。,Concept,共通
4036,共済年金,,共済年金に関連する業務用語。,Process,人事
4037,共益権,,共益権に関連する業務用語。,Concept,共通
4038,共通KPI,,共通KPIに関連する業務用語。,Concept,経営戦略
4039,共通支配下,,共通支配下に関連する業務用語。,Concept,共通
4040,共通支配下の取引,,共通支配下の取引に関連する業務用語。,Concept,共通
4041,共通費の配賦基準,,共通費の配賦基準に関連する業務用語。,Metric,会計
4042,共通ＫＰＩ,,共通ＫＰＩに関連する業務用語。,Concept,共通
4043,内出来,,内出来に関連する業務用語。,Concept,共通
4044,内国法人,,内国法人に関連する業務用語。,Entity,共通
4045,内国為替制度,,内国為替制度に関連する業務用語。,Concept,投資
4046,内在価値,,内在価値に関連する業務用語。,Concept,共通
4047,内枠方式,,内枠方式に関連する業務用語。,Concept,共通
4048,内縁,,内縁に関連する業務用語。,Concept,共通
4049,内部データ,,内部データに関連する業務用語。,Concept,共通
4050,内部ビジネスプロセスの視点,,内部ビジネスプロセスの視点に関連する業務用語。,Concept,共通
4051,内部利益,,内部利益に関連する業務用語。,Concept,共通
4052,内部収益率,,内部収益率に関連する業務用語。,Concept,共通
4053,内部取引消去,Elimination of Intercompany Transactions,内部取引消去に関連する業務用語。,Concept,共通
4054,内部成長,,内部成長に関連する業務用語。,Concept,共通
4055,内部成長率,,内部成長率に関連する業務用語。,Concept,共通
4056,内部投資収益率,,内部投資収益率に関連する業務用語。,Concept,共通
4057,内部環境,,内部環境に関連する業務用語。,Concept,共通
4058,内部環境分析,,内部環境分析に関連する業務用語。,Concept,共通
4059,内部留保,,内部留保に関連する業務用語。,Concept,共通
4060,内部統制システム,,内部統制システムに関連する業務用語。,Process,会計
4061,内部統制報告書,Internal Control Report,内部統制報告書に関連する業務用語。,Process,会計
4062,内部統制（Internal control）,,内部統制（Internal control）に関連する業務用語。,Process,会計
4063,内部者,,内部者に関連する業務用語。,Concept,共通
4064,内部者取引,Insider Trading,内部者取引に関連する業務用語。,Concept,共通
4065,内部者登録制度,,内部者登録制度に関連する業務用語。,Concept,共通
4066,内部調達,,内部調達に関連する業務用語。,Concept,調達
4067,内部通報制度,Internal Whistleblowing System,内部通報制度に関連する業務用語。,Concept,共通
4068,内部金融,,内部金融に関連する業務用語。,Concept,共通
4069,内部顧客,,内部顧客に関連する業務用語。,Concept,営業
4070,内需,,内需に関連する業務用語。,Concept,共通
4071,内需関連株,,内需関連株に関連する業務用語。,Concept,共通
4072,円キャリートレード,,円キャリートレードに関連する業務用語。,Concept,共通
4073,円キャリー取引,,円キャリー取引に関連する業務用語。,Concept,共通
4074,円借款,,円借款に関連する業務用語。,Concept,共通
4075,円円スワップ,,円円スワップに関連する業務用語。,Concept,投資
4076,円売り介入,,円売り介入に関連する業務用語。,Concept,共通
4077,円安,,円安に関連する業務用語。,Concept,共通
4078,円安圧力,,円安圧力に関連する業務用語。,Concept,共通
4079,円建て,,円建てに関連する業務用語。,Concept,共通
4080,円建て外債,,円建て外債に関連する業務用語。,Concept,共通
4081,円投,,円投に関連する業務用語。,Concept,共通
4082,円短期運用,,円短期運用に関連する業務用語。,Concept,共通
4083,円貨建て債券,,円貨建て債券に関連する業務用語。,Concept,投資
4084,円転,,円転に関連する業務用語。,Concept,共通
4085,円金利スワップ,,円金利スワップに関連する業務用語。,Concept,投資
4086,円高,,円高に関連する業務用語。,Concept,共通
4087,円高不況,,円高不況に関連する業務用語。,Concept,共通
4088,再投資,,再投資に関連する業務用語。,Concept,共通
4089,再生可能エネルギー,Renewable Energy,再生可能エネルギーに関連する業務用語。,Concept,共通
4090,再生可能エネルギー事業,Renewable Energy Business,再生可能エネルギー事業に関連する業務用語。,Concept,共通
4091,再生知名率,,再生知名率に関連する業務用語。,Concept,共通
4092,冷やし玉,,冷やし玉に関連する業務用語。,Concept,共通
4093,冷やす,,冷やすに関連する業務用語。,Concept,共通
4094,冷凍食品,Frozen Food,冷凍食品に関連する業務用語。,Concept,共通
4095,処分売り,,処分売りに関連する業務用語。,Concept,共通
4096,凪相場,,凪相場に関連する業務用語。,Concept,共通
4097,出口戦略,,出口戦略に関連する業務用語。,Concept,共通
4098,出合い,,出合いに関連する業務用語。,Concept,共通
4099,出合い注文,,出合い注文に関連する業務用語。,Concept,共通
4100,出合い難,,出合い難に関連する業務用語。,Concept,共通
4101,出向者の給与,,出向者の給与に関連する業務用語。,Process,人事
4102,出店ブランド数,Number of Brands Listed,出店ブランド数に関連する業務用語。,Concept,マーケティング
4103,出庫,,出庫に関連する業務用語。,Concept,共通
4104,出来ず,,出来ずに関連する業務用語。,Concept,共通
4105,出来ず引成,,出来ず引成に関連する業務用語。,Concept,共通
4106,出来値,,出来値に関連する業務用語。,Concept,共通
4107,出来高,,出来高に関連する業務用語。,Concept,共通
4108,出来高10位占有率,,出来高10位占有率に関連する業務用語。,Concept,共通
4109,出来高加重平均価格,,出来高加重平均価格に関連する業務用語。,Concept,共通
4110,出直る,,出直るに関連する業務用語。,Concept,共通
4111,出納,,出納に関連する業務用語。,Concept,共通
4112,出納帳,,出納帳に関連する業務用語。,Concept,共通
4113,出荷基準,,出荷基準に関連する業務用語。,Concept,共通
4114,出資者,,出資者に関連する業務用語。,Concept,共通
4115,出資金,,出資金に関連する業務用語。,Concept,共通
4116,出遅れ株,,出遅れ株に関連する業務用語。,Concept,共通
4117,出願人,,出願人に関連する業務用語。,Concept,共通
4118,分別管理,,分別管理に関連する業務用語。,Concept,共通
4119,分割原資,,分割原資に関連する業務用語。,Concept,共通
4120,分割型分割,,分割型分割に関連する業務用語。,Concept,共通
4121,分割基準,,分割基準に関連する業務用語。,Concept,共通
4122,分割法人,,分割法人に関連する業務用語。,Entity,共通
4123,分化,,分化に関連する業務用語。,Concept,共通
4124,分散処理,,分散処理に関連する業務用語。,Concept,共通
4125,分散型事業,,分散型事業に関連する業務用語。,Concept,共通
4126,分散投資,,分散投資に関連する業務用語。,Concept,投資
4127,分断勤務制度,,分断勤務制度に関連する業務用語。,Concept,共通
4128,分業の理論,,分業の理論に関連する業務用語。,Concept,共通
4129,分社型分割,,分社型分割に関連する業務用語。,Concept,共通
4130,分社型分割と分割型分割,,分社型分割と分割型分割に関連する業務用語。,Concept,共通
4131,分記法,,分記法に関連する業務用語。,Concept,共通
4132,分足,,分足に関連する業務用語。,Concept,共通
4133,分配可能額,,分配可能額に関連する業務用語。,Concept,共通
4134,分配方針,,分配方針に関連する業務用語。,Concept,共通
4135,分配準備積立金,,分配準備積立金に関連する業務用語。,Concept,共通
4136,分配落ち,,分配落ちに関連する業務用語。,Concept,共通
4137,分配金,,分配金に関連する業務用語。,Concept,共通
4138,分離課税,,分離課税に関連する業務用語。,Concept,共通
4139,切り込み線,,切り込み線に関連する業務用語。,Concept,共通
4140,切り返す,,切り返すに関連する業務用語。,Concept,共通
4141,刈込平均,,刈込平均に関連する業務用語。,Concept,共通
4142,初値,,初値に関連する業務用語。,Concept,共通
4143,初期利息,,初期利息に関連する業務用語。,Concept,共通
4144,初期費用,,初期費用に関連する業務用語。,Metric,会計
4145,別表五（一）,,別表五（一）に関連する業務用語。,Concept,共通
4146,別表四,,別表四に関連する業務用語。,Concept,共通
4147,別途積立金,,別途積立金に関連する業務用語。,Concept,共通
4148,利ざや,,利ざやに関連する業務用語。,Concept,共通
4149,利下げ,,利下げに関連する業務用語。,Concept,共通
4150,利付債,,利付債に関連する業務用語。,Concept,共通
4151,利付国債,,利付国債に関連する業務用語。,Concept,投資
4152,利付金融債,,利付金融債に関連する業務用語。,Concept,共通
4153,利含み,,利含みに関連する業務用語。,Concept,共通
4154,利回り,,利回りに関連する業務用語。,Concept,共通
4155,利回り格差,,利回り格差に関連する業務用語。,Concept,共通
4156,利子,,利子に関連する業務用語。,Concept,共通
4157,利子割,,利子割に関連する業務用語。,Concept,共通
4158,利子所得,,利子所得に関連する業務用語。,Concept,共通
4159,利子税,,利子税に関連する業務用語。,Concept,共通
4160,利払い前の税引前当期利益,,利払い前の税引前当期利益に関連する業務用語。,Metric,会計
4161,利払い前・税引き前・減価償却前・その他償却前利益,,利払い前・税引き前・減価償却前・その他償却前利益に関連する業務用語。,Document,会計
4162,利払い前・税引前・減価償却前・その他償却前利益,,利払い前・税引前・減価償却前・その他償却前利益に関連する業務用語。,Document,会計
4163,利払い日,,利払い日に関連する業務用語。,Concept,共通
4164,利札,,利札に関連する業務用語。,Concept,共通
4165,利潤証券,,利潤証券に関連する業務用語。,Concept,投資
4166,利率,,利率に関連する業務用語。,Concept,共通
4167,利率リンク債,,利率リンク債に関連する業務用語。,Concept,共通
4168,利益,,利益に関連する業務用語。,Concept,共通
4169,利益供与,,利益供与に関連する業務用語。,Concept,共通
4170,利益剰余金,Retained Earnings,利益剰余金に関連する業務用語。,Concept,会計
4171,利益増減分析,,利益増減分析に関連する業務用語。,Concept,共通
4172,利益成長率,Profit Growth Rate,利益成長率に関連する業務用語。,Concept,共通
4173,利益準備金,,利益準備金に関連する業務用語。,Concept,共通
4174,利益相反,Conflict of Interest,利益相反に関連する業務用語。,Concept,共通
4175,利益確定売り,,利益確定売りに関連する業務用語。,Concept,共通
4176,利益積立金,,利益積立金に関連する業務用語。,Concept,共通
4177,利益計画,,利益計画に関連する業務用語。,Concept,共通
4178,利益超過分配金,,利益超過分配金に関連する業務用語。,Concept,共通
4179,利益連動給与,,利益連動給与に関連する業務用語。,Process,人事
4180,利益配当,,利益配当に関連する業務用語。,Concept,財務分析
4181,利益配当請求権,,利益配当請求権に関連する業務用語。,Concept,財務分析
4182,利落ち,,利落ちに関連する業務用語。,Concept,共通
4183,利金,,利金に関連する業務用語。,Concept,共通
4184,利食い,,利食いに関連する業務用語。,Concept,共通
4185,利食い急ぐな,,利食い急ぐなに関連する業務用語。,Concept,共通
4186,到達金利,,到達金利に関連する業務用語。,Concept,共通
4187,制度会計,,制度会計に関連する業務用語。,Document,会計
4188,制度信用取引,,制度信用取引に関連する業務用語。,Concept,投資
4189,制度信用銘柄,,制度信用銘柄に関連する業務用語。,Concept,共通
4190,制約理論,Theory of Constraints,制約理論に関連する業務用語。,Process,製造
4191,制約理論(TOC),,制約理論(TOC)に関連する業務用語。,Process,製造
4192,制限値幅,,制限値幅に関連する業務用語。,Concept,共通
4193,制限税率,,制限税率に関連する業務用語。,Concept,共通
4194,券面額説,,券面額説に関連する業務用語。,Concept,共通
4195,前受収益,,前受収益に関連する業務用語。,Document,会計
4196,前受金,Advance Received,前受金に関連する業務用語。,Document,会計
4197,前四半期比,Quarter-on-quarter Change,前四半期比に関連する業務用語。,ValueObject,会計
4198,前場,,前場に関連する業務用語。,Concept,共通
4199,前場引け,,前場引けに関連する業務用語。,Concept,共通
4200,前引け,,前引けに関連する業務用語。,Concept,共通
4201,前払年金費用,,前払年金費用に関連する業務用語。,Document,会計
4202,前払費用,Prepaid Expenses,前払費用に関連する業務用語。,Document,会計
4203,前払金,,前払金に関連する業務用語。,Document,会計
4204,前提,,前提に関連する業務用語。,Concept,共通
4205,前日比,,前日比に関連する業務用語。,Concept,共通
4206,前日終値,,前日終値に関連する業務用語。,Concept,共通
4207,前期,,前期に関連する業務用語。,Concept,共通
4208,前期比,Year-on-year Change,前期比に関連する業務用語。,Concept,共通
4209,前渡金,,前渡金に関連する業務用語。,Concept,共通
4210,剰余金,,剰余金に関連する業務用語。,Concept,共通
4211,剰余金の処分,,剰余金の処分に関連する業務用語。,Concept,共通
4212,剰余金の分配可能額,,剰余金の分配可能額に関連する業務用語。,Concept,共通
4213,剰余金の配当,Dividend of Surplus,剰余金の配当に関連する業務用語。,Concept,財務分析
4214,剰余金の配当等,,剰余金の配当等に関連する業務用語。,Concept,財務分析
4215,剰余金配当,Dividend from Surplus,剰余金配当に関連する業務用語。,Concept,財務分析
4216,割増償却,,割増償却に関連する業務用語。,Metric,会計
4217,割安株,,割安株に関連する業務用語。,Concept,共通
4218,割安株ファンド,,割安株ファンドに関連する業務用語。,Metric,投資
4219,割安株投資,,割安株投資に関連する業務用語。,Concept,共通
4220,割引債,,割引債に関連する業務用語。,Concept,共通
4221,割引国債,,割引国債に関連する業務用語。,Concept,投資
4222,割引手形,,割引手形に関連する業務用語。,Concept,調達
4223,割引率,,割引率に関連する業務用語。,Concept,財務分析
4224,割引短期国債,,割引短期国債に関連する業務用語。,Concept,投資
4225,割引金融債,,割引金融債に関連する業務用語。,Concept,共通
4226,割賦基準,,割賦基準に関連する業務用語。,Concept,共通
4227,割賦販売,,割賦販売に関連する業務用語。,Concept,共通
4228,割高株,,割高株に関連する業務用語。,Concept,共通
4229,創造的破壊,,創造的破壊に関連する業務用語。,Concept,共通
4230,加入者拠出,,加入者拠出に関連する業務用語。,Concept,共通
4231,加工費,,加工費に関連する業務用語。,Concept,共通
4232,加権指数,,加権指数に関連する業務用語。,Concept,共通
4233,加算税,,加算税に関連する業務用語。,Concept,共通
4234,加重平均,,加重平均に関連する業務用語。,Concept,共通
4235,加重平均利回り,,加重平均利回りに関連する業務用語。,Concept,共通
4236,加重平均株価,,加重平均株価に関連する業務用語。,Concept,財務分析
4237,加重平均資本コスト,,加重平均資本コストに関連する業務用語。,Process,金融
4238,加重株価平均,,加重株価平均に関連する業務用語。,Concept,財務分析
4239,加重移動平均線,,加重移動平均線に関連する業務用語。,Concept,共通
4240,劣後ローン,,劣後ローンに関連する業務用語。,Process,金融
4241,劣後債,,劣後債に関連する業務用語。,Concept,共通
4242,劣後株,,劣後株に関連する業務用語。,Concept,共通
4243,劣後株式,,劣後株式に関連する業務用語。,Concept,財務分析
4244,助成想起,,助成想起に関連する業務用語。,Concept,共通
4245,労働分配率,,労働分配率に関連する業務用語。,Concept,共通
4246,労働基準法,Labor Standards Act,労働基準法に関連する業務用語。,Concept,共通
4247,労働生産性,,労働生産性に関連する業務用語。,Process,製造
4248,労働組合,,労働組合に関連する業務用語。,Entity,人事
4249,労働装備率,,労働装備率に関連する業務用語。,Concept,共通
4250,労務費,,労務費に関連する業務用語。,Concept,共通
4251,労務費差異分析,,労務費差異分析に関連する業務用語。,Concept,共通
4252,効力発生日,,効力発生日に関連する業務用語。,Concept,共通
4253,効力発生日（株式）,,効力発生日（株式）に関連する業務用語。,Concept,財務分析
4254,効率性分析,,効率性分析に関連する業務用語。,Metric,財務分析
4255,効率的フロンティア,,効率的フロンティアに関連する業務用語。,Concept,投資
4256,効率的市場仮説,,効率的市場仮説に関連する業務用語。,Concept,共通
4257,動意,,動意に関連する業務用語。,Concept,共通
4258,動機付け・衛生理論,,動機付け・衛生理論に関連する業務用語。,Concept,共通
4259,動産担保融資,,動産担保融資に関連する業務用語。,Process,金融
4260,動線,,動線に関連する業務用語。,Concept,共通
4261,勘定,,勘定に関連する業務用語。,Document,会計
4262,勘定口座,,勘定口座に関連する業務用語。,Document,会計
4263,勘定科目,,勘定科目に関連する業務用語。,Document,会計
4264,勘定科目内訳表,,勘定科目内訳表に関連する業務用語。,Document,会計
4265,勘定科目法,,勘定科目法に関連する業務用語。,Document,会計
4266,勘定記入法,,勘定記入法に関連する業務用語。,Document,会計
4267,勝手格付け,,勝手格付けに関連する業務用語。,Concept,共通
4268,勝者の呪い,,勝者の呪いに関連する業務用語。,Concept,共通
4269,募集,,募集に関連する業務用語。,Concept,共通
4270,募集中止,,募集中止に関連する業務用語。,Concept,共通
4271,募集停止,,募集停止に関連する業務用語。,Concept,共通
4272,募集手数料,,募集手数料に関連する業務用語。,Concept,共通
4273,募集期間,,募集期間に関連する業務用語。,Concept,共通
4274,募集終了,,募集終了に関連する業務用語。,Concept,共通
4275,勤労学生控除,,勤労学生控除に関連する業務用語。,Concept,共通
4276,勤務費用,,勤務費用に関連する業務用語。,Metric,会計
4277,包括ヘッジ,,包括ヘッジに関連する業務用語。,Concept,投資
4278,包括利益,Comprehensive Income,包括利益に関連する業務用語。,Concept,共通
4279,包括利益計算書,Statement of Comprehensive Income,包括利益計算書に関連する業務用語。,Concept,共通
4280,包括受遺者,,包括受遺者に関連する業務用語。,Concept,共通
4281,包括遺贈,,包括遺贈に関連する業務用語。,Concept,共通
4282,包括金融緩和,,包括金融緩和に関連する業務用語。,Concept,共通
4283,北浜,,北浜に関連する業務用語。,Concept,共通
4284,北海ブレント,,北海ブレントに関連する業務用語。,Concept,共通
4285,医療保険,,医療保険に関連する業務用語。,Concept,共通
4286,医療費控除,,医療費控除に関連する業務用語。,Concept,共通
4287,匿名組合,,匿名組合に関連する業務用語。,Entity,人事
4288,十字線,,十字線に関連する業務用語。,Concept,共通
4289,半値戻し,,半値戻しに関連する業務用語。,Concept,共通
4290,半値押し,,半値押しに関連する業務用語。,Concept,共通
4291,半期報告書,,半期報告書に関連する業務用語。,Concept,共通
4292,半製品,,半製品に関連する業務用語。,Concept,共通
4293,卑属,,卑属に関連する業務用語。,Concept,共通
4294,協会コード,,協会コードに関連する業務用語。,Concept,共通
4295,協会分類,,協会分類に関連する業務用語。,Concept,共通
4296,協同組合,,協同組合に関連する業務用語。,Entity,人事
4297,協同組織金融機関,,協同組織金融機関に関連する業務用語。,Entity,金融
4298,協調介入,,協調介入に関連する業務用語。,Concept,共通
4299,協調融資,,協調融資に関連する業務用語。,Process,金融
4300,南アフリカランド,,南アフリカランドに関連する業務用語。,Concept,共通
4301,単一市場,,単一市場に関連する業務用語。,Concept,共通
4302,単一性の原則,,単一性の原則に関連する業務用語。,Concept,共通
4303,単位労働コスト,,単位労働コストに関連する業務用語。,Concept,共通
4304,単位型,,単位型に関連する業務用語。,Concept,共通
4305,単位型投資信託,,単位型投資信託に関連する業務用語。,Metric,投資
4306,単位未満株,,単位未満株に関連する業務用語。,Concept,共通
4307,単位株制度,,単位株制度に関連する業務用語。,Concept,共通
4308,単体決算,Non-consolidated Settlement of Accounts,単体決算に関連する業務用語。,Document,会計
4309,単元未満株,,単元未満株に関連する業務用語。,Concept,共通
4310,単元株制度,,単元株制度に関連する業務用語。,Concept,共通
4311,単利,,単利に関連する業務用語。,Concept,共通
4312,単名手形,,単名手形に関連する業務用語。,Concept,調達
4313,単式簿記,,単式簿記に関連する業務用語。,Document,会計
4314,単独介入,,単独介入に関連する業務用語。,Concept,共通
4315,単独株主権,,単独株主権に関連する業務用語。,Concept,財務分析
4316,単純平均,,単純平均に関連する業務用語。,Concept,共通
4317,単純平均利回り,,単純平均利回りに関連する業務用語。,Concept,共通
4318,単純平均株価,,単純平均株価に関連する業務用語。,Concept,財務分析
4319,単純承認,,単純承認に関連する業務用語。,Concept,共通
4320,単純相続,,単純相続に関連する業務用語。,Concept,共通
4321,単純移動平均,Simple Moving Average,単純移動平均に関連する業務用語。,Concept,共通
4322,印刷製本費,,印刷製本費に関連する業務用語。,Concept,共通
4323,印紙税,,印紙税に関連する業務用語。,Concept,共通
4324,印紙税法,,印紙税法に関連する業務用語。,Concept,共通
4325,印鑑届出書,,印鑑届出書に関連する業務用語。,Concept,共通
4326,危急時遺言,,危急時遺言に関連する業務用語。,Concept,共通
4327,危機対応融資,,危機対応融資に関連する業務用語。,Process,金融
4328,危難失踪,,危難失踪に関連する業務用語。,Concept,共通
4329,即日現金預託規制,,即日現金預託規制に関連する業務用語。,Concept,ガバナンス
4330,即時グロス決済,,即時グロス決済に関連する業務用語。,Concept,共通
4331,即時約定可能値幅,,即時約定可能値幅に関連する業務用語。,Concept,共通
4332,卵は一つのカゴに盛るな,,卵は一つのカゴに盛るなに関連する業務用語。,Concept,共通
4333,卸売在庫（米国）,,卸売在庫（米国）に関連する業務用語。,Concept,調達
4334,卸売売上高,,卸売売上高に関連する業務用語。,Metric,会計
4335,卸売業者,,卸売業者に関連する業務用語。,Concept,共通
4336,卸売物価指数,,卸売物価指数に関連する業務用語。,Concept,共通
4337,卸売物価指数（WPI）,,卸売物価指数（WPI）に関連する業務用語。,Concept,共通
4338,厚生年金,,厚生年金に関連する業務用語。,Process,人事
4339,厚生年金基金,,厚生年金基金に関連する業務用語。,Process,人事
4340,原価,,原価に関連する業務用語。,Metric,会計
4341,原価主義会計,,原価主義会計に関連する業務用語。,Document,会計
4342,原価企画,,原価企画に関連する業務用語。,Metric,会計
4343,原価会計,,原価会計に関連する業務用語。,Document,会計
4344,原価基準,,原価基準に関連する業務用語。,Metric,会計
4345,原価差異分析,,原価差異分析に関連する業務用語。,Metric,会計
4346,原価差額,,原価差額に関連する業務用語。,Metric,会計
4347,原価法,,原価法に関連する業務用語。,Metric,会計
4348,原則法,,原則法に関連する業務用語。,Concept,共通
4349,原則的評価方式,,原則的評価方式に関連する業務用語。,Process,人事
4350,原則課税方式,,原則課税方式に関連する業務用語。,Concept,共通
4351,原因追求のロジックツリー,,原因追求のロジックツリーに関連する業務用語。,Concept,共通
4352,原材料,,原材料に関連する業務用語。,Concept,共通
4353,原材料価格指数（カナダ）,,原材料価格指数（カナダ）に関連する業務用語。,Concept,共通
4354,原材料及び貯蔵品,Raw Materials and Supplies,原材料及び貯蔵品に関連する業務用語。,Concept,共通
4355,原油,Crude Oil,原油に関連する業務用語。,Concept,共通
4356,原資産,,原資産に関連する業務用語。,Concept,会計
4357,参入障壁,,参入障壁に関連する業務用語。,Concept,共通
4358,友好的買収,Friendly Acquisition,友好的買収に関連する業務用語。,Process,M&A
4359,双子の赤字,,双子の赤字に関連する業務用語。,Concept,共通
4360,反動安,,反動安に関連する業務用語。,Concept,共通
4361,反動高,,反動高に関連する業務用語。,Concept,共通
4362,反対売買,,反対売買に関連する業務用語。,Concept,共通
4363,反発,,反発に関連する業務用語。,Concept,共通
4364,反省安,,反省安に関連する業務用語。,Concept,共通
4365,反省高,,反省高に関連する業務用語。,Concept,共通
4366,反社会的勢力,Anti-Social Forces,反社会的勢力に関連する業務用語。,Concept,共通
4367,反落,,反落に関連する業務用語。,Concept,共通
4368,反贈収賄,Anti-bribery,反贈収賄に関連する業務用語。,Concept,共通
4369,反面調査,,反面調査に関連する業務用語。,Concept,共通
4370,反騰,,反騰に関連する業務用語。,Concept,共通
4371,収支,,収支に関連する業務用語。,Concept,共通
4372,収支計算書,,収支計算書に関連する業務用語。,Concept,共通
4373,収益,,収益に関連する業務用語。,Concept,共通
4374,収益の繰延べ,,収益の繰延べに関連する業務用語。,Document,会計
4375,収益の見越し,,収益の見越しに関連する業務用語。,Concept,共通
4376,収益モデル,Revenue Model,収益モデルに関連する業務用語。,Concept,共通
4377,収益分配方針,,収益分配方針に関連する業務用語。,Concept,共通
4378,収益分配金,,収益分配金に関連する業務用語。,Concept,共通
4379,収益性,,収益性に関連する業務用語。,Metric,財務分析
4380,収益性分析,Profitability Analysis,収益性分析に関連する業務用語。,Metric,財務分析
4381,収益構造改革,Earnings Structure Reform,収益構造改革に関連する業務用語。,Concept,共通
4382,収益的支出,,収益的支出に関連する業務用語。,Concept,共通
4383,収益認識に関する会計基準,,収益認識に関する会計基準に関連する業務用語。,Document,会計
4384,収益調整金,,収益調整金に関連する業務用語。,Concept,共通
4385,収益還元法,,収益還元法に関連する業務用語。,Concept,共通
4386,取引,,取引に関連する業務用語。,Concept,共通
4387,取引先,Business Partner / Client,取引先に関連する業務用語。,Concept,共通
4388,取引参加者,,取引参加者に関連する業務用語。,Concept,共通
4389,取引報告書,,取引報告書に関連する業務用語。,Concept,共通
4390,取引所外取引,,取引所外取引に関連する業務用語。,Concept,共通
4391,取引所集中義務,,取引所集中義務に関連する業務用語。,Concept,共通
4392,取引時間,Trading Hours,取引時間に関連する業務用語。,Concept,共通
4393,取引最終日,,取引最終日に関連する業務用語。,Concept,共通
4394,取引条件,,取引条件に関連する業務用語。,Concept,共通
4395,取引残高報告書,,取引残高報告書に関連する業務用語。,Concept,共通
4396,取引証拠金,,取引証拠金に関連する業務用語。,Concept,共通
4397,取引高,,取引高に関連する業務用語。,Concept,共通
4398,取引高の消去,,取引高の消去に関連する業務用語。,Concept,共通
4399,取得,,取得に関連する業務用語。,Concept,共通
4400,取得企業,,取得企業に関連する業務用語。,Entity,共通
4401,取得原価,Historical Cost / Acquisition Cost,取得原価に関連する業務用語。,Metric,会計
4402,取得原価主義,,取得原価主義に関連する業務用語。,Metric,会計
4403,取得原価主義会計,,取得原価主義会計に関連する業務用語。,Document,会計
4404,取得条項付株式,,取得条項付株式に関連する業務用語。,Concept,財務分析
4405,取得請求権付株式,,取得請求権付株式に関連する業務用語。,Concept,財務分析
4406,取得関連費用,,取得関連費用に関連する業務用語。,Metric,会計
4407,取扱高,Gross Merchandise Value (GMV),取扱高に関連する業務用語。,Concept,共通
4408,取替法,,取替法に関連する業務用語。,Concept,共通
4409,取立,,取立に関連する業務用語。,Concept,共通
4410,取組,,取組に関連する業務用語。,Concept,共通
4411,取組み,,取組みに関連する業務用語。,Concept,共通
4412,取締役,,取締役に関連する業務用語。,Entity,ガバナンス
4413,取締役の選任,Election of Directors,取締役の選任に関連する業務用語。,Entity,ガバナンス
4414,取締役会長,Chairman of the Board,取締役会長に関連する業務用語。,Entity,ガバナンス
4415,受入証拠金,,受入証拠金に関連する業務用語。,Concept,共通
4416,受取利息,,受取利息に関連する業務用語。,Concept,共通
4417,受取手形,Notes Receivable,受取手形に関連する業務用語。,Concept,調達
4418,受取手形の更改,,受取手形の更改に関連する業務用語。,Concept,調達
4419,受取手形台帳,,受取手形台帳に関連する業務用語。,Concept,調達
4420,受取手形期日別管理台帳,,受取手形期日別管理台帳に関連する業務用語。,Concept,調達
4421,受取手形記入帳,,受取手形記入帳に関連する業務用語。,Concept,調達
4422,受取配当金,,受取配当金に関連する業務用語。,Concept,財務分析
4423,受忍義務,,受忍義務に関連する業務用語。,Concept,共通
4424,受注制作のソフトウェア,,受注制作のソフトウェアに関連する業務用語。,Concept,営業
4425,受注高,Order Value,受注高に関連する業務用語。,Concept,営業
4426,受渡し,,受渡しに関連する業務用語。,Concept,共通
4427,受渡供用品,,受渡供用品に関連する業務用語。,Concept,共通
4428,受渡日,,受渡日に関連する業務用語。,Concept,共通
4429,受渡条件調整,,受渡条件調整に関連する業務用語。,Concept,共通
4430,受渡決済,,受渡決済に関連する業務用語。,Concept,共通
4431,受渡決済値段,,受渡決済値段に関連する業務用語。,Concept,共通
4432,受渡適格銘柄,,受渡適格銘柄に関連する業務用語。,Concept,共通
4433,受益権,,受益権に関連する業務用語。,Concept,共通
4434,受益者,,受益者に関連する業務用語。,Concept,共通
4435,受益証券,,受益証券に関連する業務用語。,Concept,投資
4436,受益証券発行信託,,受益証券発行信託に関連する業務用語。,Concept,投資
4437,受託会社,,受託会社に関連する業務用語。,Entity,共通
4438,受託手数料,Brokerage Commission,受託手数料に関連する業務用語。,Concept,共通
4439,受託者,,受託者に関連する業務用語。,Concept,共通
4440,受託者責任,,受託者責任に関連する業務用語。,Concept,共通
4441,受託銀行,,受託銀行に関連する業務用語。,Entity,金融
4442,受贈者,,受贈者に関連する業務用語。,Concept,共通
4443,受遺者,,受遺者に関連する業務用語。,Concept,共通
4444,口先介入,,口先介入に関連する業務用語。,Concept,共通
4445,口座設定約諾書,,口座設定約諾書に関連する業務用語。,Concept,共通
4446,口数,,口数に関連する業務用語。,Concept,共通
4447,口頭弁論,,口頭弁論に関連する業務用語。,Concept,共通
4448,可処分所得,,可処分所得に関連する業務用語。,Concept,共通
4449,可採年数,Reserve Life,可採年数に関連する業務用語。,Concept,共通
4450,台湾加権指数,,台湾加権指数に関連する業務用語。,Concept,共通
4451,台湾証券取引所,,台湾証券取引所に関連する業務用語。,Concept,投資
4452,合併,Merger,合併に関連する業務用語。,Process,M&A
4453,合併交付金,,合併交付金に関連する業務用語。,Process,M&A
4454,合併対価の柔軟化,,合併対価の柔軟化に関連する業務用語。,Process,M&A
4455,合併差益,,合併差益に関連する業務用語。,Process,M&A
4456,合併比率,,合併比率に関連する業務用語。,Process,M&A
4457,合同会社,,合同会社に関連する業務用語。,Entity,共通
4458,合同運用,,合同運用に関連する業務用語。,Concept,共通
4459,合弁,,合弁に関連する業務用語。,Entity,共通
4460,合弁事業,,合弁事業に関連する業務用語。,Entity,共通
4461,合弁企業,,合弁企業に関連する業務用語。,Entity,共通
4462,合弁企業(ジョイント・ベンチャー),,合弁企業(ジョイント・ベンチャー)に関連する業務用語。,Entity,共通
4463,合弁会社,Joint Venture,合弁会社に関連する業務用語。,Entity,共通
4464,合従連衡,,合従連衡に関連する業務用語。,Concept,共通
4465,合成の誤謬,,合成の誤謬に関連する業務用語。,Concept,共通
4466,合成先物,,合成先物に関連する業務用語。,Concept,投資
4467,合理化,,合理化に関連する業務用語。,Concept,共通
4468,合計残高試算表,,合計残高試算表に関連する業務用語。,Document,会計
4469,合計試算表,,合計試算表に関連する業務用語。,Document,会計
4470,同一労働同一賃金,,同一労働同一賃金に関連する業務用語。,Concept,共通
4471,同一視力,,同一視力に関連する業務用語。,Concept,共通
4472,同一運用,,同一運用に関連する業務用語。,Concept,共通
4473,同事線,,同事線に関連する業務用語。,Concept,共通
4474,同意している者,,同意している者に関連する業務用語。,Concept,共通
4475,同族会社,,同族会社に関連する業務用語。,Entity,共通
4476,同族会社の行為又は計算の否認,,同族会社の行為又は計算の否認に関連する業務用語。,Entity,共通
4477,同時呼値ルール,,同時呼値ルールに関連する業務用語。,Concept,共通
4478,同時進行ゲーム,,同時進行ゲームに関連する業務用語。,Concept,共通
4479,名人は相場の恐さを知る,,名人は相場の恐さを知るに関連する業務用語。,Concept,共通
4480,名刺,,名刺に関連する業務用語。,Concept,共通
4481,名古屋証券取引所,,名古屋証券取引所に関連する業務用語。,Concept,投資
4482,名宛人,,名宛人に関連する業務用語。,Concept,共通
4483,名指人,,名指人に関連する業務用語。,Concept,共通
4484,名目GDP,,名目GDPに関連する業務用語。,Concept,共通
4485,名目成長率,,名目成長率に関連する業務用語。,Concept,共通
4486,名目金利,,名目金利に関連する業務用語。,Concept,共通
4487,名義書き換え,,名義書き換えに関連する業務用語。,Concept,共通
4488,名義貸し,,名義貸しに関連する業務用語。,Concept,共通
4489,含み損,,含み損に関連する業務用語。,Concept,共通
4490,含み損益,,含み損益に関連する業務用語。,Document,会計
4491,含み益,,含み益に関連する業務用語。,Concept,共通
4492,含み益（損）,,含み益（損）に関連する業務用語。,Concept,共通
4493,含み資産,,含み資産に関連する業務用語。,Concept,会計
4494,含み資産株,,含み資産株に関連する業務用語。,Concept,会計
4495,吸収分割,Absorption-type Demerger,吸収分割に関連する業務用語。,Concept,共通
4496,吸収合併,Absorption Merger,吸収合併に関連する業務用語。,Process,M&A
4497,吹き上げ,,吹き上げに関連する業務用語。,Concept,共通
4498,吹き値売り,,吹き値売りに関連する業務用語。,Concept,共通
4499,告知書,,告知書に関連する業務用語。,Concept,共通
4500,告知義務,,告知義務に関連する業務用語。,Concept,共通
4501,味付け買い,,味付け買いに関連する業務用語。,Concept,共通
4502,呼び値,,呼び値に関連する業務用語。,Concept,共通
4503,呼値,,呼値に関連する業務用語。,Concept,共通
4504,品借り料,,品借り料に関連する業務用語。,Concept,共通
4505,品借料,,品借料に関連する業務用語。,Concept,共通
4506,品受け,,品受けに関連する業務用語。,Concept,共通
4507,品揃え,Assortment,品揃えに関連する業務用語。,Concept,共通
4508,品渡し,,品渡しに関連する業務用語。,Concept,共通
4509,品薄株,,品薄株に関連する業務用語。,Concept,共通
4510,品貸し料,,品貸し料に関連する業務用語。,Concept,共通
4511,品貸料,,品貸料に関連する業務用語。,Concept,共通
4512,商取引,,商取引に関連する業務用語。,Concept,共通
4513,商号,,商号に関連する業務用語。,Concept,共通
4514,商号変更,,商号変更に関連する業務用語。,Concept,共通
4515,商品,,商品に関連する業務用語。,Concept,共通
4516,商品ファンド,,商品ファンドに関連する業務用語。,Metric,投資
4517,商品価格リスク,Commodity Price Risk,商品価格リスクに関連する業務用語。,Concept,共通
4518,商品及び製品,Merchandise and Products,商品及び製品に関連する業務用語。,Concept,共通
4519,商品売買益,,商品売買益に関連する業務用語。,Concept,共通
4520,商品有高帳,,商品有高帳に関連する業務用語。,Concept,共通
4521,商品開発,Product Development,商品開発に関連する業務用語。,Concept,共通
4522,商工中金,,商工中金に関連する業務用語。,Concept,共通
4523,商慣習法,,商慣習法に関連する業務用語。,Concept,共通
4524,商業不動産担保証券,,商業不動産担保証券に関連する業務用語。,Concept,投資
4525,商業手形,,商業手形に関連する業務用語。,Concept,調達
4526,商業銀行,,商業銀行に関連する業務用語。,Entity,金融
4527,商標,Trademark,商標に関連する業務用語。,Concept,共通
4528,商標権,Trademark Rights,商標権に関連する業務用語。,Concept,共通
4529,商法,,商法に関連する業務用語。,Concept,共通
4530,商盛,,商盛に関連する業務用語。,Concept,共通
4531,問題児,,問題児に関連する業務用語。,Concept,共通
4532,問題児（BCGマトリクス）,Question Mark (BCG Matrix),問題児（BCGマトリクス）に関連する業務用語。,Concept,経営戦略
4533,問題解決のロジックツリー,,問題解決のロジックツリーに関連する業務用語。,Concept,共通
4534,営業キャッシュフロー,,営業キャッシュフローに関連する業務用語。,Metric,会計
4535,営業サイクル,,営業サイクルに関連する業務用語。,Concept,共通
4536,営業余剰,,営業余剰に関連する業務用語。,Concept,共通
4537,営業利益,Operating Income / Operating Profit,売上総利益から販売費及び一般管理費を差し引いた利益。本業の収益力を示す。,Metric,会計
4538,営業力分析,,営業力分析に関連する業務用語。,Concept,共通
4539,営業報告書,,営業報告書に関連する業務用語。,Concept,共通
4540,営業外利益,,営業外利益に関連する業務用語。,Concept,共通
4541,営業外収益,Non-operating Income,営業外収益に関連する業務用語。,Concept,共通
4542,営業外活動,,営業外活動に関連する業務用語。,Concept,共通
4543,営業外費用,Non-operating Expenses,営業外費用に関連する業務用語。,Metric,会計
4544,営業循環基準,,営業循環基準に関連する業務用語。,Concept,共通
4545,営業損失,,営業損失に関連する業務用語。,Metric,会計
4546,営業権,,営業権に関連する業務用語。,Concept,共通
4547,営業活動によるキャッシュフロー,Cash Flow from Operating Activities,営業活動によるキャッシュフローに関連する業務用語。,Metric,会計
4548,営業活動によるキャッシュ・フロー,,営業活動によるキャッシュ・フローに関連する業務用語。,Concept,共通
4549,営業譲渡,,営業譲渡に関連する業務用語。,Concept,共通
4550,営業費,,営業費に関連する業務用語。,Concept,共通
4551,囚人のジレンマ,,囚人のジレンマに関連する業務用語。,Concept,共通
4552,四半期,,四半期に関連する業務用語。,ValueObject,会計
4553,四半期別GDP速報,,四半期別GDP速報に関連する業務用語。,ValueObject,会計
4554,四半期決算,,四半期決算に関連する業務用語。,Document,会計
4555,四半期配当,,四半期配当に関連する業務用語。,Concept,財務分析
4556,四本値,,四本値に関連する業務用語。,Concept,共通
4557,回収可能価額,,回収可能価額に関連する業務用語。,Concept,共通
4558,回収可能性,,回収可能性に関連する業務用語。,Concept,共通
4559,回収基準,,回収基準に関連する業務用語。,Concept,共通
4560,回収期間法,,回収期間法に関連する業務用語。,Concept,共通
4561,回収期限到来基準,,回収期限到来基準に関連する業務用語。,Concept,共通
4562,回号,,回号に関連する業務用語。,Concept,共通
4563,回帰トレンド,,回帰トレンドに関連する業務用語。,Concept,共通
4564,回帰分析,,回帰分析に関連する業務用語。,Concept,共通
4565,回帰曲線,,回帰曲線に関連する業務用語。,Concept,共通
4566,回転,,回転に関連する業務用語。,Concept,共通
4567,回転ローン,,回転ローンに関連する業務用語。,Process,金融
4568,回転日数,,回転日数に関連する業務用語。,Concept,共通
4569,因子分析,,因子分析に関連する業務用語。,Concept,共通
4570,因果玉,,因果玉に関連する業務用語。,Concept,共通
4571,因果関係,,因果関係に関連する業務用語。,Concept,共通
4572,固定利付債,,固定利付債に関連する業務用語。,Concept,共通
4573,固定比率,,固定比率に関連する業務用語。,Metric,財務分析
4574,固定相場制,,固定相場制に関連する業務用語。,Concept,共通
4575,固定負債,Non-current Liabilities / Long-term Liabilities,固定負債に関連する業務用語。,Concept,会計
4576,固定資産,Non-current Assets / Fixed Assets,固定資産に関連する業務用語。,Concept,会計
4577,固定資産の減損,Fixed Asset Impairment,固定資産の減損に関連する業務用語。,Concept,会計
4578,固定資産台帳,,固定資産台帳に関連する業務用語。,Concept,会計
4579,固定資産売却益,,固定資産売却益に関連する業務用語。,Concept,会計
4580,固定資産売却益／固定資産売却損,,固定資産売却益／固定資産売却損に関連する業務用語。,Concept,会計
4581,固定資産未実現,,固定資産未実現に関連する業務用語。,Concept,会計
4582,固定資産減耗,,固定資産減耗に関連する業務用語。,Concept,会計
4583,固定資産税,Property Tax,固定資産税に関連する業務用語。,Concept,会計
4584,固定資産除却損,,固定資産除却損に関連する業務用語。,Concept,会計
4585,固定金利,,固定金利に関連する業務用語。,Concept,共通
4586,固定長期適合比率,,固定長期適合比率に関連する業務用語。,Concept,共通
4587,固定長期適合率,,固定長期適合率に関連する業務用語。,Metric,財務分析
4588,国債の60年償還ルール,,国債の60年償還ルールに関連する業務用語。,Concept,投資
4589,国債のリオープン方式,,国債のリオープン方式に関連する業務用語。,Concept,投資
4590,国債の入札前取引,,国債の入札前取引に関連する業務用語。,Concept,投資
4591,国債の発行日前取引,,国債の発行日前取引に関連する業務用語。,Concept,投資
4592,国債先物,,国債先物に関連する業務用語。,Concept,投資
4593,国債先物オプション,,国債先物オプションに関連する業務用語。,Concept,投資
4594,国債市場特別参加者,,国債市場特別参加者に関連する業務用語。,Concept,投資
4595,国債発行,,国債発行に関連する業務用語。,Concept,投資
4596,国債買い切りオペ,,国債買い切りオペに関連する業務用語。,Concept,投資
4597,国債費,,国債費に関連する業務用語。,Concept,投資
4598,国内ETF,,国内ETFに関連する業務用語。,Metric,投資
4599,国内のシステム上重要な銀行,,国内のシステム上重要な銀行に関連する業務用語。,Entity,金融
4600,国内公社債,,国内公社債に関連する業務用語。,Concept,投資
4601,国内投資信託,,国内投資信託に関連する業務用語。,Metric,投資
4602,国内株式型（投資信託）,,国内株式型（投資信託）に関連する業務用語。,Concept,財務分析
4603,国内総固定資本形成,,国内総固定資本形成に関連する業務用語。,Concept,共通
4604,国内総所得,,国内総所得に関連する業務用語。,Concept,共通
4605,国内総支出,,国内総支出に関連する業務用語。,Concept,共通
4606,国内総生産,,国内総生産に関連する業務用語。,Process,製造
4607,国内総生産（GDP）,,国内総生産（GDP）に関連する業務用語。,Process,製造
4608,国外公社債,,国外公社債に関連する業務用語。,Concept,投資
4609,国外財産調書,,国外財産調書に関連する業務用語。,Concept,共通
4610,国外送金等調書,,国外送金等調書に関連する業務用語。,Concept,共通
4611,国家戦略特別区域,,国家戦略特別区域に関連する業務用語。,Concept,共通
4612,国家戦略特区,,国家戦略特区に関連する業務用語。,Concept,共通
4613,国庫債券,,国庫債券に関連する業務用語。,Concept,投資
4614,国庫短期証券,,国庫短期証券に関連する業務用語。,Concept,投資
4615,国庫金納付,,国庫金納付に関連する業務用語。,Concept,共通
4616,国民健康保険,,国民健康保険に関連する業務用語。,Concept,共通
4617,国民年金,,国民年金に関連する業務用語。,Process,人事
4618,国民年金基金,,国民年金基金に関連する業務用語。,Process,人事
4619,国民年金基金連合会,,国民年金基金連合会に関連する業務用語。,Process,人事
4620,国民所得の三面等価,,国民所得の三面等価に関連する業務用語。,Concept,共通
4621,国民生活金融公庫,,国民生活金融公庫に関連する業務用語。,Concept,共通
4622,国民総所得,,国民総所得に関連する業務用語。,Concept,共通
4623,国民総生産（GNP）,,国民総生産（GNP）に関連する業務用語。,Process,製造
4624,国民負担率,,国民負担率に関連する業務用語。,Concept,共通
4625,国税,,国税に関連する業務用語。,Concept,共通
4626,国税告知,,国税告知に関連する業務用語。,Concept,共通
4627,国際エネルギー機関,,国際エネルギー機関に関連する業務用語。,Concept,共通
4628,国際スワップ・デリバティブ協会,,国際スワップ・デリバティブ協会に関連する業務用語。,Concept,投資
4629,国際仲裁裁判所,,国際仲裁裁判所に関連する業務用語。,Concept,共通
4630,国際会計基準,,国際会計基準に関連する業務用語。,Document,会計
4631,国際会計基準審議会,,国際会計基準審議会に関連する業務用語。,Document,会計
4632,国際会計基準（IFRS）,,国際会計基準（IFRS）に関連する業務用語。,Document,会計
4633,国際分散投資,,国際分散投資に関連する業務用語。,Concept,投資
4634,国際収支,,国際収支に関連する業務用語。,Concept,共通
4635,国際収支マニュアル,,国際収支マニュアルに関連する業務用語。,Concept,共通
4636,国際収支統計,,国際収支統計に関連する業務用語。,Concept,共通
4637,国際商業会議所,,国際商業会議所に関連する業務用語。,Concept,共通
4638,国際復興開発銀行,,国際復興開発銀行に関連する業務用語。,Entity,金融
4639,国際投資紛争解決センター,,国際投資紛争解決センターに関連する業務用語。,Concept,共通
4640,国際株式型（投資信託）,,国際株式型（投資信託）に関連する業務用語。,Concept,財務分析
4641,国際決済通貨,,国際決済通貨に関連する業務用語。,Concept,投資
4642,国際決済銀行,,国際決済銀行に関連する業務用語。,Entity,金融
4643,国際石油資本,,国際石油資本に関連する業務用語。,Concept,共通
4644,国際財務報告基準,,国際財務報告基準に関連する業務用語。,Concept,共通
4645,国際通貨基金,,国際通貨基金に関連する業務用語。,Concept,投資
4646,国際通貨基金（IMF）,,国際通貨基金（IMF）に関連する業務用語。,Concept,投資
4647,国際金融公社,,国際金融公社に関連する業務用語。,Concept,共通
4648,国際金融協会,,国際金融協会に関連する業務用語。,Concept,共通
4649,国際開発協会,,国際開発協会に関連する業務用語。,Concept,共通
4650,国際預託証書,,国際預託証書に関連する業務用語。,Concept,共通
4651,土地,Land,土地に関連する業務用語。,Concept,共通
4652,圧縮記帳,,圧縮記帳に関連する業務用語。,Concept,共通
4653,在外子会社,,在外子会社に関連する業務用語。,Entity,共通
4654,在外子会社の財務諸表の円換算,,在外子会社の財務諸表の円換算に関連する業務用語。,Document,会計
4655,在庫回転率,Inventory Turnover Rate,在庫回転率に関連する業務用語。,Metric,財務分析
4656,在庫指数,,在庫指数に関連する業務用語。,Concept,調達
4657,在庫最適化,Inventory Optimization,在庫最適化に関連する業務用語。,Concept,調達
4658,在庫管理,Inventory Management,在庫管理に関連する業務用語。,Concept,調達
4659,在庫調整,,在庫調整に関連する業務用語。,Concept,調達
4660,在庫（棚卸資産）回転率,,在庫（棚卸資産）回転率に関連する業務用語。,Document,会計
4661,在船者遺言,,在船者遺言に関連する業務用語。,Concept,共通
4662,地合い,,地合いに関連する業務用語。,Concept,共通
4663,地域別売上,Sales by Region,地域別売上に関連する業務用語。,Metric,会計
4664,地域別支出総合指数,,地域別支出総合指数に関連する業務用語。,Concept,共通
4665,地域包括ケアシステム,,地域包括ケアシステムに関連する業務用語。,Concept,共通
4666,地域的な包括的経済連携,,地域的な包括的経済連携に関連する業務用語。,Concept,共通
4667,地域社会,Community,地域社会に関連する業務用語。,Concept,共通
4668,地場受け,,地場受けに関連する業務用語。,Concept,共通
4669,地場筋,,地場筋に関連する業務用語。,Concept,共通
4670,地場証券,,地場証券に関連する業務用語。,Concept,投資
4671,地政学リスク,,地政学リスクに関連する業務用語。,Concept,共通
4672,地政学的リスク,Geopolitical Risk,地政学的リスクに関連する業務用語。,Concept,共通
4673,地方債,,地方債に関連する業務用語。,Concept,投資
4674,地方創生,,地方創生に関連する業務用語。,Concept,共通
4675,地方取引所,,地方取引所に関連する業務用語。,Concept,共通
4676,地方法人特別税,,地方法人特別税に関連する業務用語。,Entity,共通
4677,地方法人税,,地方法人税に関連する業務用語。,Entity,共通
4678,地方消費税,,地方消費税に関連する業務用語。,Process,税務
4679,地方税,,地方税に関連する業務用語。,Concept,共通
4680,地方銀行,,地方銀行に関連する業務用語。,Entity,金融
4681,地球温暖化ガス,,地球温暖化ガスに関連する業務用語。,Concept,共通
4682,地理的変数,,地理的変数に関連する業務用語。,Concept,共通
4683,地相場,,地相場に関連する業務用語。,Concept,共通
4684,地震保険料控除,,地震保険料控除に関連する業務用語。,Concept,共通
4685,均等割,,均等割に関連する業務用語。,Concept,共通
4686,坪効率,Sales per Tsubo (Store Efficiency),坪効率に関連する業務用語。,Concept,共通
4687,垂直統合,,垂直統合に関連する業務用語。,Concept,共通
4688,埋める,,埋めるに関連する業務用語。,Concept,共通
4689,埋没費用,,埋没費用に関連する業務用語。,Metric,会計
4690,埋蔵量,Reserves,埋蔵量に関連する業務用語。,Concept,共通
4691,執行タイミング,,執行タイミングに関連する業務用語。,Concept,共通
4692,執行役,,執行役に関連する業務用語。,Concept,共通
4693,執行役員,,執行役員に関連する業務用語。,Entity,ガバナンス
4694,執行役員、執行役員制,,執行役員、執行役員制に関連する業務用語。,Entity,ガバナンス
4695,基本保険金額,,基本保険金額に関連する業務用語。,Concept,共通
4696,基本年金,,基本年金に関連する業務用語。,Process,人事
4697,基準価額,,基準価額に関連する業務用語。,Concept,共通
4698,基準値段,,基準値段に関連する業務用語。,Concept,共通
4699,基準割引率および基準貸付利率,,基準割引率および基準貸付利率に関連する業務用語。,Concept,財務分析
4700,基準地価,,基準地価に関連する業務用語。,Concept,共通
4701,基準操業度,,基準操業度に関連する業務用語。,Concept,共通
4702,基準期間,,基準期間に関連する業務用語。,Concept,共通
4703,基礎年金,,基礎年金に関連する業務用語。,Process,人事
4704,基礎控除,,基礎控除に関連する業務用語。,Concept,共通
4705,基礎的財政収支,,基礎的財政収支に関連する業務用語。,Concept,共通
4706,基調,,基調に関連する業務用語。,Concept,共通
4707,基調転換,,基調転換に関連する業務用語。,Concept,共通
4708,基軸通貨,,基軸通貨に関連する業務用語。,Concept,投資
4709,堂島取引所,,堂島取引所に関連する業務用語。,Concept,共通
4710,堅い,,堅いに関連する業務用語。,Concept,共通
4711,堅調,,堅調に関連する業務用語。,Concept,共通
4712,報告セグメント,,報告セグメントに関連する業務用語。,Concept,共通
4713,報奨,,報奨に関連する業務用語。,Concept,共通
4714,報酬力,,報酬力に関連する業務用語。,Process,人事
4715,場味,,場味に関連する業務用語。,Concept,共通
4716,場況,,場況に関連する業務用語。,Concept,共通
4717,場立ち,,場立ちに関連する業務用語。,Concept,共通
4718,塩漬け,,塩漬けに関連する業務用語。,Concept,共通
4719,墓石広告,,墓石広告に関連する業務用語。,Concept,マーケティング
4720,増加運転資本(⊿WC),,増加運転資本(⊿WC)に関連する業務用語。,Concept,共通
4721,増収,,増収に関連する業務用語。,Concept,共通
4722,増収増益,Revenue and Profit Growth,増収増益に関連する業務用語。,Concept,財務分析
4723,増収減益,"Revenue Growth, Profit Decline",増収減益に関連する業務用語。,Concept,財務分析
4724,増益,,増益に関連する業務用語。,Concept,共通
4725,増益率,,増益率に関連する業務用語。,Concept,共通
4726,増資,Capital Increase / Share Issuance,増資に関連する業務用語。,Concept,共通
4727,増配,,増配に関連する業務用語。,Concept,財務分析
4728,増額修正,,増額修正に関連する業務用語。,Concept,共通
4729,売りたい強気,,売りたい強気に関連する業務用語。,Concept,共通
4730,売りつなぎ,,売りつなぎに関連する業務用語。,Concept,共通
4731,売りにくい相場は安い,,売りにくい相場は安いに関連する業務用語。,Concept,共通
4732,売りやすい相場は高い,,売りやすい相場は高いに関連する業務用語。,Concept,共通
4733,売りオペレーション,,売りオペレーションに関連する業務用語。,Concept,共通
4734,売り一巡,,売り一巡に関連する業務用語。,Concept,共通
4735,売り一服,,売り一服に関連する業務用語。,Concept,共通
4736,売り上がり,,売り上がりに関連する業務用語。,Concept,共通
4737,売り乗せ,,売り乗せに関連する業務用語。,Concept,共通
4738,売り出し,,売り出しに関連する業務用語。,Concept,共通
4739,売り向かう,,売り向かうに関連する業務用語。,Concept,共通
4740,売り場,,売り場に関連する業務用語。,Concept,共通
4741,売り安心,,売り安心に関連する業務用語。,Concept,共通
4742,売り崩し,,売り崩しに関連する業務用語。,Concept,共通
4743,売り建て玉,,売り建て玉に関連する業務用語。,Concept,共通
4744,売り建玉,,売り建玉に関連する業務用語。,Concept,共通
4745,売り手の交渉力,,売り手の交渉力に関連する業務用語。,Concept,共通
4746,売り手市場,,売り手市場に関連する業務用語。,Concept,共通
4747,売り手控え,,売り手控えに関連する業務用語。,Concept,共通
4748,売り抜け,,売り抜けに関連する業務用語。,Concept,共通
4749,売り推奨,Sell Recommendation,売り推奨に関連する業務用語。,Concept,共通
4750,売り材料,,売り材料に関連する業務用語。,Concept,共通
4751,売り残,,売り残に関連する業務用語。,Concept,共通
4752,売り気配,,売り気配に関連する業務用語。,Concept,共通
4753,売り浴びせ,,売り浴びせに関連する業務用語。,Concept,共通
4754,売り特別気配,,売り特別気配に関連する業務用語。,Concept,共通
4755,売り玉,,売り玉に関連する業務用語。,Concept,共通
4756,売り直し,,売り直しに関連する業務用語。,Concept,共通
4757,売り買いは三日待て,,売り買いは三日待てに関連する業務用語。,Concept,共通
4758,売り越し,,売り越しに関連する業務用語。,Concept,共通
4759,売り飽き,,売り飽きに関連する業務用語。,Concept,共通
4760,売るべからず,,売るべからずに関連する業務用語。,Concept,共通
4761,売るべし,,売るべしに関連する業務用語。,Concept,共通
4762,売上げに係る対価の返還等に係る消費税額,,売上げに係る対価の返還等に係る消費税額に関連する業務用語。,Metric,会計
4763,売上値引,,売上値引に関連する業務用語。,Metric,会計
4764,売上債権回転率,Accounts Receivable Turnover,売上債権回転率に関連する業務用語。,Metric,会計
4765,売上割引,,売上割引に関連する業務用語。,Metric,会計
4766,売上割戻,,売上割戻に関連する業務用語。,Metric,会計
4767,売上原価,Cost of Sales,売上原価に関連する業務用語。,Metric,会計
4768,売上原価率,,売上原価率に関連する業務用語。,Metric,会計
4769,売上帳,,売上帳に関連する業務用語。,Metric,会計
4770,売上成長率,Revenue Growth Rate,売上成長率に関連する業務用語。,Metric,会計
4771,売上総利益,Gross Profit,売上高から売上原価を差し引いた利益。粗利益とも呼ばれる。,Metric,会計
4772,売上総利益率,,売上総利益率に関連する業務用語。,Metric,会計
4773,売上計上基準,,売上計上基準に関連する業務用語。,Metric,会計
4774,売上返品,,売上返品に関連する業務用語。,Metric,会計
4775,売上高,Net Sales / Revenue,企業が本業から得た総収益額。トップラインとも呼ばれる。,Metric,会計
4776,売上高伸び率,,売上高伸び率に関連する業務用語。,Metric,会計
4777,売上高営業利益率,Operating Profit Margin,売上高営業利益率に関連する業務用語。,Metric,会計
4778,売上高広告費比率,,売上高広告費比率に関連する業務用語。,Metric,会計
4779,売上高当期純利益率,,売上高当期純利益率に関連する業務用語。,Metric,会計
4780,売上高成長率,,売上高成長率に関連する業務用語。,Metric,会計
4781,売上高純利益率,Net Profit Margin,売上高純利益率に関連する業務用語。,Metric,会計
4782,売上高経常利益率,Ordinary Income Margin,売上高経常利益率に関連する業務用語。,Metric,会計
4783,売上高総利益率,Gross Profit Margin,売上高総利益率に関連する業務用語。,Metric,会計
4784,売上高販管費率,,売上高販管費率に関連する業務用語。,Metric,会計
4785,売価還元法,,売価還元法に関連する業務用語。,Concept,共通
4786,売出し,,売出しに関連する業務用語。,Concept,共通
4787,売出し（株式の）,,売出し（株式の）に関連する業務用語。,Concept,財務分析
4788,売却時価,,売却時価に関連する業務用語。,Concept,共通
4789,売建玉,,売建玉に関連する業務用語。,Concept,共通
4790,売掛債権,,売掛債権に関連する業務用語。,Concept,共通
4791,売掛債権回転率,,売掛債権回転率に関連する業務用語。,Metric,財務分析
4792,売掛帳,,売掛帳に関連する業務用語。,Concept,共通
4793,売掛金,Accounts Receivable / Trade Receivables,商品・サービスを販売したが未回収の代金。,Concept,共通
4794,売掛金元帳,,売掛金元帳に関連する業務用語。,Concept,共通
4795,売掛金勘定,,売掛金勘定に関連する業務用語。,Document,会計
4796,売方,,売方に関連する業務用語。,Concept,共通
4797,売残高,,売残高に関連する業務用語。,Concept,共通
4798,売渡請求制度,,売渡請求制度に関連する業務用語。,Concept,共通
4799,売買代金,,売買代金に関連する業務用語。,Concept,共通
4800,売買代金回転率,,売買代金回転率に関連する業務用語。,Metric,財務分析
4801,売買停止,,売買停止に関連する業務用語。,Concept,共通
4802,売買処理法,,売買処理法に関連する業務用語。,Concept,共通
4803,売買単位,,売買単位に関連する業務用語。,Concept,共通
4804,売買取引停止制度,,売買取引停止制度に関連する業務用語。,Concept,共通
4805,売買回転率,,売買回転率に関連する業務用語。,Metric,財務分析
4806,売買手数料,,売買手数料に関連する業務用語。,Concept,共通
4807,売買監理銘柄,,売買監理銘柄に関連する業務用語。,Concept,共通
4808,売買目的有価証券,,売買目的有価証券に関連する業務用語。,Concept,投資
4809,売買規制措置,,売買規制措置に関連する業務用語。,Concept,ガバナンス
4810,売買高,,売買高に関連する業務用語。,Concept,共通
4811,変則決算,,変則決算に関連する業務用語。,Document,会計
4812,変動利付債,,変動利付債に関連する業務用語。,Concept,共通
4813,変動比率,,変動比率に関連する業務用語。,Concept,共通
4814,変動相場制,,変動相場制に関連する業務用語。,Concept,共通
4815,変動金利,,変動金利に関連する業務用語。,Concept,共通
4816,変革への抵抗,,変革への抵抗に関連する業務用語。,Concept,共通
4817,変革リーダーシップ,,変革リーダーシップに関連する業務用語。,Process,人事
4818,変革管理,Transformation Management,変革管理に関連する業務用語。,Concept,共通
4819,変額保険,,変額保険に関連する業務用語。,Concept,共通
4820,夏枯れ相場,,夏枯れ相場に関連する業務用語。,Concept,共通
4821,外債,,外債に関連する業務用語。,Concept,共通
4822,外務員,,外務員に関連する業務用語。,Concept,共通
4823,外国人投資家,Foreign Investor,外国人投資家に関連する業務用語。,Concept,共通
4824,外国人株主,,外国人株主に関連する業務用語。,Concept,財務分析
4825,外国債,,外国債に関連する業務用語。,Concept,投資
4826,外国債券,,外国債券に関連する業務用語。,Concept,投資
4827,外国子会社合算税制,,外国子会社合算税制に関連する業務用語。,Entity,共通
4828,外国投信,,外国投信に関連する業務用語。,Concept,共通
4829,外国投資信託,,外国投資信託に関連する業務用語。,Metric,投資
4830,外国株式,,外国株式に関連する業務用語。,Concept,財務分析
4831,外国法人,,外国法人に関連する業務用語。,Entity,共通
4832,外国為替,,外国為替に関連する業務用語。,Concept,投資
4833,外国為替および外国貿易法,,外国為替および外国貿易法に関連する業務用語。,Concept,投資
4834,外国為替先物予約,,外国為替先物予約に関連する業務用語。,Concept,投資
4835,外国為替円決済制度,,外国為替円決済制度に関連する業務用語。,Concept,投資
4836,外国為替市場,,外国為替市場に関連する業務用語。,Concept,投資
4837,外国為替平衡操作,,外国為替平衡操作に関連する業務用語。,Concept,投資
4838,外国為替平衡操作の実施状況,,外国為替平衡操作の実施状況に関連する業務用語。,Concept,投資
4839,外国為替証拠金取引,,外国為替証拠金取引に関連する業務用語。,Concept,投資
4840,外国税額控除,,外国税額控除に関連する業務用語。,Concept,共通
4841,外国籍投信,,外国籍投信に関連する業務用語。,Concept,共通
4842,外国証券会社,,外国証券会社に関連する業務用語。,Concept,投資
4843,外国証券取引口座,,外国証券取引口座に関連する業務用語。,Concept,投資
4844,外国貨物,,外国貨物に関連する業務用語。,Concept,共通
4845,外形標準課税,,外形標準課税に関連する業務用語。,Concept,共通
4846,外枠方式,,外枠方式に関連する業務用語。,Concept,共通
4847,外注加工費,,外注加工費に関連する業務用語。,Concept,共通
4848,外注費,,外注費に関連する業務用語。,Concept,共通
4849,外為法,,外為法に関連する業務用語。,Concept,共通
4850,外貨建てMMF,,外貨建てMMFに関連する業務用語。,Concept,会計
4851,外貨建て債券,,外貨建て債券に関連する業務用語。,Concept,投資
4852,外貨建て国内債,,外貨建て国内債に関連する業務用語。,Concept,会計
4853,外貨建て投資信託,,外貨建て投資信託に関連する業務用語。,Metric,投資
4854,外貨建てＭＭＦ,,外貨建てＭＭＦに関連する業務用語。,Concept,会計
4855,外貨建取引,,外貨建取引に関連する業務用語。,Concept,会計
4856,外貨換算,,外貨換算に関連する業務用語。,Concept,共通
4857,外貨準備,,外貨準備に関連する業務用語。,Concept,共通
4858,外貨準備高,,外貨準備高に関連する業務用語。,Concept,共通
4859,外貨預金,,外貨預金に関連する業務用語。,Concept,共通
4860,外部データ,,外部データに関連する業務用語。,Concept,共通
4861,外部成長,,外部成長に関連する業務用語。,Concept,共通
4862,外部環境,,外部環境に関連する業務用語。,Concept,共通
4863,外部環境分析,,外部環境分析に関連する業務用語。,Concept,共通
4864,外部調達,,外部調達に関連する業務用語。,Concept,調達
4865,外部資本,,外部資本に関連する業務用語。,Concept,共通
4866,外部金融,,外部金融に関連する業務用語。,Concept,共通
4867,外需,,外需に関連する業務用語。,Concept,共通
4868,外需関連株,,外需関連株に関連する業務用語。,Concept,共通
4869,多数国間投資保証機関,,多数国間投資保証機関に関連する業務用語。,Concept,共通
4870,多重代表訴訟,,多重代表訴訟に関連する業務用語。,Concept,共通
4871,大企業,,大企業に関連する業務用語。,Entity,共通
4872,大会社,,大会社に関連する業務用語。,Entity,共通
4873,大勢,,大勢に関連する業務用語。,Concept,共通
4874,大勢観,,大勢観に関連する業務用語。,Concept,共通
4875,大口,,大口に関連する業務用語。,Concept,共通
4876,大口取引,,大口取引に関連する業務用語。,Concept,共通
4877,大口融資規制,,大口融資規制に関連する業務用語。,Concept,ガバナンス
4878,大台,,大台に関連する業務用語。,Concept,共通
4879,大名債,,大名債に関連する業務用語。,Concept,共通
4880,大商い,,大商いに関連する業務用語。,Concept,共通
4881,大商い株,,大商い株に関連する業務用語。,Concept,共通
4882,大型株,,大型株に関連する業務用語。,Concept,共通
4883,大天井,,大天井に関連する業務用語。,Concept,共通
4884,大底,,大底に関連する業務用語。,Concept,共通
4885,大引け,,大引けに関連する業務用語。,Concept,共通
4886,大引足,,大引足に関連する業務用語。,Concept,共通
4887,大手証券,,大手証券に関連する業務用語。,Concept,投資
4888,大数の法則,,大数の法則に関連する業務用語。,Concept,共通
4889,大暴落,,大暴落に関連する業務用語。,Concept,共通
4890,大株主,Major Shareholders,大株主に関連する業務用語。,Concept,財務分析
4891,大発会,,大発会に関連する業務用語。,Concept,共通
4892,大納会,,大納会に関連する業務用語。,Concept,共通
4893,大統領令,,大統領令に関連する業務用語。,Concept,共通
4894,大証,,大証に関連する業務用語。,Concept,共通
4895,大証FX,,大証FXに関連する業務用語。,Concept,投資
4896,大証NYダウ先物取引,,大証NYダウ先物取引に関連する業務用語。,Concept,投資
4897,大量保有報告書,,大量保有報告書に関連する業務用語。,Document,会計
4898,大量保有開示制度,,大量保有開示制度に関連する業務用語。,Process,会計
4899,大量推奨販売,,大量推奨販売に関連する業務用語。,Concept,共通
4900,大阪取引所,,大阪取引所に関連する業務用語。,Concept,共通
4901,大阪証券取引所,,大阪証券取引所に関連する業務用語。,Concept,投資
4902,大陸式決算法,,大陸式決算法に関連する業務用語。,Document,会計
4903,天井,,天井に関連する業務用語。,Concept,共通
4904,天井つかみ,,天井つかみに関連する業務用語。,Concept,共通
4905,天井三日,,天井三日に関連する業務用語。,Concept,共通
4906,天候デリバティブ,,天候デリバティブに関連する業務用語。,Concept,投資
4907,天然ガス,Natural Gas,天然ガスに関連する業務用語。,Concept,共通
4908,失念株式,,失念株式に関連する業務用語。,Concept,財務分析
4909,失業率,,失業率に関連する業務用語。,Concept,共通
4910,失業率（オーストラリア）,,失業率（オーストラリア）に関連する業務用語。,Concept,共通
4911,失業率（カナダ）,,失業率（カナダ）に関連する業務用語。,Concept,共通
4912,失業率（ドイツ）,,失業率（ドイツ）に関連する業務用語。,Concept,共通
4913,失業者数（ドイツ）,,失業者数（ドイツ）に関連する業務用語。,Concept,共通
4914,失権,,失権に関連する業務用語。,Concept,共通
4915,失権株,,失権株に関連する業務用語。,Concept,共通
4916,失踪宣告,,失踪宣告に関連する業務用語。,Concept,共通
4917,契約型投資信託,,契約型投資信託に関連する業務用語。,Metric,投資
4918,契約年齢,,契約年齢に関連する業務用語。,Concept,共通
4919,契約応当日,,契約応当日に関連する業務用語。,Concept,共通
4920,契約日,,契約日に関連する業務用語。,Concept,共通
4921,契約者,,契約者に関連する業務用語。,Concept,共通
4922,女性管理職比率,Ratio of Female Managers,女性管理職比率に関連する業務用語。,Concept,共通
4923,好感度,,好感度に関連する業務用語。,Concept,共通
4924,好材料,,好材料に関連する業務用語。,Concept,共通
4925,好配当ロードファンド,,好配当ロードファンドに関連する業務用語。,Concept,財務分析
4926,始値,,始値に関連する業務用語。,Concept,共通
4927,委任状闘争,,委任状闘争に関連する業務用語。,Concept,共通
4928,委員会設置会社,,委員会設置会社に関連する業務用語。,Entity,ガバナンス
4929,委託介入,,委託介入に関連する業務用語。,Concept,共通
4930,委託会社,,委託会社に関連する業務用語。,Entity,共通
4931,委託保証金,,委託保証金に関連する業務用語。,Concept,共通
4932,委託保証金率,,委託保証金率に関連する業務用語。,Concept,共通
4933,委託保証金維持率,,委託保証金維持率に関連する業務用語。,Concept,共通
4934,委託売買,,委託売買に関連する業務用語。,Concept,共通
4935,委託手数料,,委託手数料に関連する業務用語。,Concept,共通
4936,委託者,,委託者に関連する業務用語。,Concept,共通
4937,委託証拠金,,委託証拠金に関連する業務用語。,Concept,共通
4938,委託販売,,委託販売に関連する業務用語。,Concept,共通
4939,姻族,,姻族に関連する業務用語。,Concept,共通
4940,媒介,,媒介に関連する業務用語。,Concept,共通
4941,嫌気,,嫌気に関連する業務用語。,Concept,共通
4942,嫡出子,,嫡出子に関連する業務用語。,Concept,共通
4943,子会社,,子会社に関連する業務用語。,Entity,共通
4944,子会社化,Subsidiarization,子会社化に関連する業務用語。,Entity,共通
4945,子会社株式の一部売却（支配継続）,,子会社株式の一部売却（支配継続）に関連する業務用語。,Concept,財務分析
4946,子会社株式の売却に伴う支配の喪失,,子会社株式の売却に伴う支配の喪失に関連する業務用語。,Concept,財務分析
4947,子会社株式の買い増し,,子会社株式の買い増しに関連する業務用語。,Concept,財務分析
4948,子会社株式及び関連会社株式,,子会社株式及び関連会社株式に関連する業務用語。,Concept,財務分析
4949,子会社連動株式,,子会社連動株式に関連する業務用語。,Concept,財務分析
4950,子株,,子株に関連する業務用語。,Concept,共通
4951,存続会社,,存続会社に関連する業務用語。,Entity,共通
4952,季節調整値,,季節調整値に関連する業務用語。,Concept,共通
4953,季節資金,,季節資金に関連する業務用語。,Concept,共通
4954,季節関税,,季節関税に関連する業務用語。,Concept,共通
4955,学習する組織,,学習する組織に関連する業務用語。,Concept,共通
4956,学習と成長の視点,,学習と成長の視点に関連する業務用語。,Concept,共通
4957,学資保険,,学資保険に関連する業務用語。,Concept,共通
4958,安値,,安値に関連する業務用語。,Concept,共通
4959,安値もみ合い,,安値もみ合いに関連する業務用語。,Concept,共通
4960,安値引け,,安値引けに関連する業務用語。,Concept,共通
4961,安値待ち,,安値待ちに関連する業務用語。,Concept,共通
4962,安値拾い,,安値拾いに関連する業務用語。,Concept,共通
4963,安値覚え,,安値覚えに関連する業務用語。,Concept,共通
4964,安全余裕度,,安全余裕度に関連する業務用語。,Concept,共通
4965,安全余裕率,,安全余裕率に関連する業務用語。,Concept,共通
4966,安全利子率,,安全利子率に関連する業務用語。,Concept,共通
4967,安全性,,安全性に関連する業務用語。,Metric,財務分析
4968,安全性分析,,安全性分析に関連する業務用語。,Metric,財務分析
4969,安全資産,,安全資産に関連する業務用語。,Concept,会計
4970,安定成長協定,,安定成長協定に関連する業務用語。,Concept,共通
4971,安定操作,,安定操作に関連する業務用語。,Concept,共通
4972,安定操作取引,,安定操作取引に関連する業務用語。,Concept,共通
4973,安定株,,安定株に関連する業務用語。,Concept,共通
4974,安定株主,,安定株主に関連する業務用語。,Concept,財務分析
4975,安定運用,,安定運用に関連する業務用語。,Concept,共通
4976,安定配当,,安定配当に関連する業務用語。,Concept,財務分析
4977,安寄り,,安寄りに関連する業務用語。,Concept,共通
4978,完全失業率,,完全失業率に関連する業務用語。,Concept,共通
4979,完全子会社,Wholly-owned Subsidiary,完全子会社に関連する業務用語。,Entity,共通
4980,完全支配関係,,完全支配関係に関連する業務用語。,Concept,共通
4981,完全親会社,,完全親会社に関連する業務用語。,Entity,共通
4982,完成工事高,,完成工事高に関連する業務用語。,Concept,共通
4983,官僚制,,官僚制に関連する業務用語。,Concept,共通
4984,官民ファンド,,官民ファンドに関連する業務用語。,Metric,投資
4985,官製相場,,官製相場に関連する業務用語。,Concept,共通
4986,定性データ,,定性データに関連する業務用語。,Concept,共通
4987,定性評価,,定性評価に関連する業務用語。,Process,人事
4988,定性評価（投資信託）,,定性評価（投資信託）に関連する業務用語。,Metric,投資
4989,定時償還,,定時償還に関連する業務用語。,Concept,共通
4990,定時償還（債券）,,定時償還（債券）に関連する業務用語。,Concept,投資
4991,定時株主総会,Annual General Meeting (AGM),定時株主総会に関連する業務用語。,Concept,財務分析
4992,定期同額給与,,定期同額給与に関連する業務用語。,Process,人事
4993,定期積金,,定期積金に関連する業務用語。,Concept,共通
4994,定期贈与,,定期贈与に関連する業務用語。,Concept,共通
4995,定期預金,,定期預金に関連する業務用語。,Concept,共通
4996,定款,,定款に関連する業務用語。,Entity,ガバナンス
4997,定率法,Declining Balance Method,定率法に関連する業務用語。,Concept,共通
4998,定率減税額,,定率減税額に関連する業務用語。,Concept,共通
4999,定量データ,,定量データに関連する業務用語。,Concept,共通
5000,定量評価,,定量評価に関連する業務用語。,Process,人事
5001,定量評価（投資信託）,,定量評価（投資信託）に関連する業務用語。,Metric,投資
5002,定額保険,,定額保険に関連する業務用語。,Concept,共通
5003,定額償還,,定額償還に関連する業務用語。,Concept,共通
5004,定額小為替証書,,定額小為替証書に関連する業務用語。,Concept,投資
5005,定額年金保険,,定額年金保険に関連する業務用語。,Process,人事
5006,定額法,Straight-line Method,定額法に関連する業務用語。,Concept,共通
5007,定額資金前渡制度,,定額資金前渡制度に関連する業務用語。,Concept,共通
5008,実体,,実体に関連する業務用語。,Concept,共通
5009,実効為替レート,,実効為替レートに関連する業務用語。,Concept,投資
5010,実効税率,Effective Tax Rate,実効税率に関連する業務用語。,Concept,共通
5011,実勢レート,,実勢レートに関連する業務用語。,Concept,共通
5012,実勢相場,,実勢相場に関連する業務用語。,Concept,共通
5013,実地棚卸,,実地棚卸に関連する業務用語。,Document,会計
5014,実地調査,,実地調査に関連する業務用語。,Concept,共通
5015,実柱,,実柱に関連する業務用語。,Concept,共通
5016,実物取引,,実物取引に関連する業務用語。,Concept,共通
5017,実物経済,,実物経済に関連する業務用語。,Concept,共通
5018,実物資本,,実物資本に関連する業務用語。,Concept,共通
5019,実現主義,,実現主義に関連する業務用語。,Concept,共通
5020,実現損益,,実現損益に関連する業務用語。,Document,会計
5021,実績主義,,実績主義に関連する業務用語。,Concept,共通
5022,実績分配額,,実績分配額に関連する業務用語。,Concept,共通
5023,実質GDP,,実質GDPに関連する業務用語。,Concept,共通
5024,実質可処分所得,,実質可処分所得に関連する業務用語。,Concept,共通
5025,実質成長率,,実質成長率に関連する業務用語。,Concept,共通
5026,実質持分比率,,実質持分比率に関連する業務用語。,Concept,共通
5027,実質支配力基準,,実質支配力基準に関連する業務用語。,Concept,共通
5028,実質月内最終売買日,,実質月内最終売買日に関連する業務用語。,Concept,共通
5029,実質月替わり,,実質月替わりに関連する業務用語。,Concept,共通
5030,実質株主,,実質株主に関連する業務用語。,Concept,財務分析
5031,実質株主判明調査,,実質株主判明調査に関連する業務用語。,Concept,財務分析
5032,実質株主制度,,実質株主制度に関連する業務用語。,Concept,財務分析
5033,実質株主名簿,,実質株主名簿に関連する業務用語。,Concept,財務分析
5034,実質株主報告,,実質株主報告に関連する業務用語。,Concept,財務分析
5035,実質為替レート,,実質為替レートに関連する業務用語。,Concept,投資
5036,実質的に債権とみられない金額,,実質的に債権とみられない金額に関連する業務用語。,Concept,共通
5037,実質賃金,,実質賃金に関連する業務用語。,Concept,共通
5038,実質金利,,実質金利に関連する業務用語。,Concept,共通
5039,実際原価,,実際原価に関連する業務用語。,Metric,会計
5040,実際原価計算,,実際原価計算に関連する業務用語。,Metric,会計
5041,実際有高,,実際有高に関連する業務用語。,Concept,共通
5042,実需,,実需に関連する業務用語。,Concept,共通
5043,寄せ線,,寄せ線に関連する業務用語。,Concept,共通
5044,寄り付き,,寄り付きに関連する業務用語。,Concept,共通
5045,寄り前,,寄り前に関連する業務用語。,Concept,共通
5046,寄与分,,寄与分に関連する業務用語。,Concept,共通
5047,寄与度,,寄与度に関連する業務用語。,Concept,共通
5048,寄付き,,寄付きに関連する業務用語。,Concept,共通
5049,寄付金,,寄付金に関連する業務用語。,Concept,共通
5050,寄付金控除,,寄付金控除に関連する業務用語。,Concept,共通
5051,寄前気配,,寄前気配に関連する業務用語。,Concept,共通
5052,寄引同事線,,寄引同事線に関連する業務用語。,Concept,共通
5053,寄引同時線,,寄引同時線に関連する業務用語。,Concept,共通
5054,寄成,,寄成に関連する業務用語。,Concept,共通
5055,寄指,,寄指に関連する業務用語。,Concept,共通
5056,寄附金,,寄附金に関連する業務用語。,Concept,共通
5057,寛大化・厳格化傾向,,寛大化・厳格化傾向に関連する業務用語。,Concept,共通
5058,寡夫控除,,寡夫控除に関連する業務用語。,Concept,共通
5059,寡婦控除,,寡婦控除に関連する業務用語。,Concept,共通
5060,審判,,審判に関連する業務用語。,Concept,共通
5061,審査請求,,審査請求に関連する業務用語。,Concept,共通
5062,対処すべき課題,Issues to be Addressed,対処すべき課題に関連する業務用語。,Concept,共通
5063,対外純資産,,対外純資産に関連する業務用語。,Concept,会計
5064,対当売買,,対当売買に関連する業務用語。,Concept,共通
5065,対数チャート,,対数チャートに関連する業務用語。,Concept,共通
5066,対米証券投資,,対米証券投資に関連する業務用語。,Concept,投資
5067,対象対応型リーダーシップ,,対象対応型リーダーシップに関連する業務用語。,Process,人事
5068,対顧客市場,,対顧客市場に関連する業務用語。,Concept,営業
5069,対顧客相場,,対顧客相場に関連する業務用語。,Concept,営業
5070,専門品,,専門品に関連する業務用語。,Concept,共通
5071,将来の収益獲得又は費用削減が確実であること,,将来の収益獲得又は費用削減が確実であることに関連する業務用語。,Metric,会計
5072,将来加算一時差異,,将来加算一時差異に関連する業務用語。,Concept,共通
5073,将来推計人口,,将来推計人口に関連する業務用語。,Concept,共通
5074,将来減算一時差異,,将来減算一時差異に関連する業務用語。,Concept,共通
5075,尊属,,尊属に関連する業務用語。,Concept,共通
5076,導入期,,導入期に関連する業務用語。,Concept,共通
5077,小じっかり,,小じっかりに関連する業務用語。,Concept,共通
5078,小会社,,小会社に関連する業務用語。,Entity,共通
5079,小切手,,小切手に関連する業務用語。,Concept,共通
5080,小切手の呈示,,小切手の呈示に関連する業務用語。,Concept,共通
5081,小切手帳,,小切手帳に関連する業務用語。,Concept,共通
5082,小切手要件,,小切手要件に関連する業務用語。,Concept,共通
5083,小動き,,小動きに関連する業務用語。,Concept,共通
5084,小勢,,小勢に関連する業務用語。,Concept,共通
5085,小反発,,小反発に関連する業務用語。,Concept,共通
5086,小反落,,小反落に関連する業務用語。,Concept,共通
5087,小口,,小口に関連する業務用語。,Concept,共通
5088,小口取引,,小口取引に関連する業務用語。,Concept,共通
5089,小口現金,,小口現金に関連する業務用語。,Concept,共通
5090,小口現金出納帳,,小口現金出納帳に関連する業務用語。,Concept,共通
5091,小型株,,小型株に関連する業務用語。,Concept,共通
5092,小型株効果,,小型株効果に関連する業務用語。,Concept,共通
5093,小堅い,,小堅いに関連する業務用語。,Concept,共通
5094,小売売上高,,小売売上高に関連する業務用語。,Metric,会計
5095,小売業者,,小売業者に関連する業務用語。,Concept,共通
5096,小売物価指数（英国）,,小売物価指数（英国）に関連する業務用語。,Concept,共通
5097,小安い,,小安いに関連する業務用語。,Concept,共通
5098,小幅往来,,小幅往来に関連する業務用語。,Concept,共通
5099,小戻す,,小戻すに関連する業務用語。,Concept,共通
5100,小浮動,,小浮動に関連する業務用語。,Concept,共通
5101,小甘い,,小甘いに関連する業務用語。,Concept,共通
5102,小締まる,,小締まるに関連する業務用語。,Concept,共通
5103,小緩む,,小緩むに関連する業務用語。,Concept,共通
5104,小規模企業共済等掛金控除,,小規模企業共済等掛金控除に関連する業務用語。,Entity,共通
5105,小規模宅地等の特例,,小規模宅地等の特例に関連する業務用語。,Concept,共通
5106,小高い,,小高いに関連する業務用語。,Concept,共通
5107,少数株主,,少数株主に関連する業務用語。,Concept,財務分析
5108,少数株主持分,Non-controlling Interests,少数株主持分に関連する業務用語。,Concept,財務分析
5109,少数株主損益,Non-controlling Interests (P&L),少数株主損益に関連する業務用語。,Document,会計
5110,少数株主権,,少数株主権に関連する業務用語。,Concept,財務分析
5111,少額投資非課税制度,,少額投資非課税制度に関連する業務用語。,Concept,共通
5112,少額減価償却資産,,少額減価償却資産に関連する業務用語。,Document,会計
5113,屋外メディア,,屋外メディアに関連する業務用語。,Concept,共通
5114,屋外広告,,屋外広告に関連する業務用語。,Concept,マーケティング
5115,展望リポート,,展望リポートに関連する業務用語。,Concept,共通
5116,山林所得,,山林所得に関連する業務用語。,Concept,共通
5117,山高ければ谷深し,,山高ければ谷深しに関連する業務用語。,Concept,共通
5118,岩戸景気,,岩戸景気に関連する業務用語。,Concept,共通
5119,川上統合,,川上統合に関連する業務用語。,Concept,共通
5120,川下統合,,川下統合に関連する業務用語。,Concept,共通
5121,工事完成基準,,工事完成基準に関連する業務用語。,Concept,共通
5122,工事進行基準,,工事進行基準に関連する業務用語。,Concept,共通
5123,工具・器具及び備品,,工具・器具及び備品に関連する業務用語。,Concept,共通
5124,工場会計,,工場会計に関連する業務用語。,Document,会計
5125,工業手形,,工業手形に関連する業務用語。,Concept,調達
5126,工業簿記,,工業簿記に関連する業務用語。,Document,会計
5127,差別化戦略,Differentiation Strategy,差別化戦略に関連する業務用語。,Concept,経営戦略
5128,差換預託,,差換預託に関連する業務用語。,Concept,共通
5129,差金決済,,差金決済に関連する業務用語。,Concept,共通
5130,差金決済取引,,差金決済取引に関連する業務用語。,Concept,共通
5131,差額原価収益分析,,差額原価収益分析に関連する業務用語。,Metric,会計
5132,差額決済,,差額決済に関連する業務用語。,Concept,共通
5133,市中金利,,市中金利に関連する業務用語。,Concept,共通
5134,市場の失敗,,市場の失敗に関連する業務用語。,Concept,共通
5135,市場エネルギー,,市場エネルギーに関連する業務用語。,Concept,共通
5136,市場シェア,Market Share,市場シェアに関連する業務用語。,Concept,共通
5137,市場内部要因,,市場内部要因に関連する業務用語。,Concept,共通
5138,市場分断仮説,,市場分断仮説に関連する業務用語。,Concept,共通
5139,市場区分の変更,,市場区分の変更に関連する業務用語。,Concept,投資
5140,市場型,,市場型に関連する業務用語。,Concept,共通
5141,市場型間接金融,,市場型間接金融に関連する業務用語。,Concept,共通
5142,市場外取引,,市場外取引に関連する業務用語。,Concept,共通
5143,市場外部要因,,市場外部要因に関連する業務用語。,Concept,共通
5144,市場性,,市場性に関連する業務用語。,Concept,共通
5145,市場期待収益率,,市場期待収益率に関連する業務用語。,Concept,共通
5146,市場機会,,市場機会に関連する業務用語。,Concept,共通
5147,市場環境分析,,市場環境分析に関連する業務用語。,Concept,共通
5148,市場調査,Market Research,市場調査に関連する業務用語。,Concept,共通
5149,市場販売目的のソフトウェア,,市場販売目的のソフトウェアに関連する業務用語。,Concept,共通
5150,市場金利,,市場金利に関連する業務用語。,Concept,共通
5151,市場間スプレッド取引,,市場間スプレッド取引に関連する業務用語。,Concept,共通
5152,市場関与率,,市場関与率に関連する業務用語。,Concept,共通
5153,市場関与高（安）値形成,,市場関与高（安）値形成に関連する業務用語。,Concept,共通
5154,市況,,市況に関連する業務用語。,Concept,共通
5155,市町村民税,,市町村民税に関連する業務用語。,Concept,共通
5156,希薄化,,希薄化に関連する業務用語。,Concept,共通
5157,帰属理論,,帰属理論に関連する業務用語。,Concept,共通
5158,帰納法,,帰納法に関連する業務用語。,Concept,共通
5159,帳簿,,帳簿に関連する業務用語。,Concept,共通
5160,帳簿価額,,帳簿価額に関連する業務用語。,Concept,共通
5161,帳簿閲覧権,,帳簿閲覧権に関連する業務用語。,Concept,共通
5162,常任代理人,,常任代理人に関連する業務用語。,Concept,共通
5163,平均余命,,平均余命に関連する業務用語。,Concept,共通
5164,平均保有期間,,平均保有期間に関連する業務用語。,Concept,共通
5165,平均信託金,,平均信託金に関連する業務用語。,Concept,共通
5166,平均利回り,,平均利回りに関連する業務用語。,Concept,共通
5167,平均原価法,,平均原価法に関連する業務用語。,Metric,会計
5168,平均取得単価,,平均取得単価に関連する業務用語。,Concept,共通
5169,平均法,,平均法に関連する業務用語。,Concept,共通
5170,平均直利,,平均直利に関連する業務用語。,Concept,共通
5171,平均足,,平均足に関連する業務用語。,Concept,共通
5172,平成景気,,平成景気に関連する業務用語。,Concept,共通
5173,年初来安値,,年初来安値に関連する業務用語。,Concept,共通
5174,年初来高値,,年初来高値に関連する業務用語。,Concept,共通
5175,年功制,,年功制に関連する業務用語。,Concept,共通
5176,年功序列,,年功序列に関連する業務用語。,Concept,共通
5177,年度予算,,年度予算に関連する業務用語。,Concept,共通
5178,年度決算,,年度決算に関連する業務用語。,Document,会計
5179,年換算利回り,,年換算利回りに関連する業務用語。,Concept,共通
5180,年末相場,,年末相場に関連する業務用語。,Concept,共通
5181,年末調整,,年末調整に関連する業務用語。,Concept,共通
5182,年次予算,,年次予算に関連する業務用語。,Concept,共通
5183,年次報告書,,年次報告書に関連する業務用語。,Concept,共通
5184,年次決算,,年次決算に関連する業務用語。,Document,会計
5185,年次決算報告書,,年次決算報告書に関連する業務用語。,Document,会計
5186,年足,,年足に関連する業務用語。,Concept,共通
5187,年金,,年金に関連する業務用語。,Process,人事
5188,年金の財政検証,,年金の財政検証に関連する業務用語。,Process,人事
5189,年金原資,,年金原資に関連する業務用語。,Process,人事
5190,年金受取人,,年金受取人に関連する業務用語。,Process,人事
5191,年金受取開始日,,年金受取開始日に関連する業務用語。,Process,人事
5192,年金受給権の評価,,年金受給権の評価に関連する業務用語。,Process,人事
5193,年金支払日,,年金支払日に関連する業務用語。,Process,人事
5194,年金支払特約,,年金支払特約に関連する業務用語。,Process,人事
5195,年金支払開始日,,年金支払開始日に関連する業務用語。,Process,人事
5196,年金現価係数,,年金現価係数に関連する業務用語。,Process,人事
5197,年金積立金管理運用独立行政法人,,年金積立金管理運用独立行政法人に関連する業務用語。,Process,人事
5198,年金管理費,,年金管理費に関連する業務用語。,Process,人事
5199,年金終価係数,,年金終価係数に関連する業務用語。,Process,人事
5200,年金総額保証付き終身年金,,年金総額保証付き終身年金に関連する業務用語。,Process,人事
5201,年金資産,,年金資産に関連する業務用語。,Concept,会計
5202,年齢・在職年数を基準とした報奨,,年齢・在職年数を基準とした報奨に関連する業務用語。,Concept,共通
5203,年齢給,,年齢給に関連する業務用語。,Concept,共通
5204,年齢調べ,,年齢調べに関連する業務用語。,Concept,共通
5205,幹事会社,,幹事会社に関連する業務用語。,Entity,共通
5206,幹事証券会社,,幹事証券会社に関連する業務用語。,Concept,投資
5207,幻のSQ,,幻のSQに関連する業務用語。,Concept,共通
5208,広告代理店,,広告代理店に関連する業務用語。,Concept,マーケティング
5209,広告宣伝費,,広告宣伝費に関連する業務用語。,Concept,マーケティング
5210,広告戦略,,広告戦略に関連する業務用語。,Concept,マーケティング
5211,底ばい,,底ばいに関連する業務用語。,Concept,共通
5212,底をつく,,底をつくに関連する業務用語。,Concept,共通
5213,底値鍛錬,,底値鍛錬に関連する業務用語。,Concept,共通
5214,底入れ,,底入れに関連する業務用語。,Concept,共通
5215,底固め,,底固めに関連する業務用語。,Concept,共通
5216,底堅い,,底堅いに関連する業務用語。,Concept,共通
5217,底打ち,,底打ちに関連する業務用語。,Concept,共通
5218,底百日,,底百日に関連する業務用語。,Concept,共通
5219,底百日（三年）,,底百日（三年）に関連する業務用語。,Concept,共通
5220,底調べ,,底調べに関連する業務用語。,Concept,共通
5221,店頭FX,,店頭FXに関連する業務用語。,Concept,投資
5222,店頭FX取引,,店頭FX取引に関連する業務用語。,Concept,投資
5223,店頭デリバティブ,,店頭デリバティブに関連する業務用語。,Concept,投資
5224,店頭取引,,店頭取引に関連する業務用語。,Concept,共通
5225,店頭取扱有価証券,,店頭取扱有価証券に関連する業務用語。,Concept,投資
5226,店頭売買有価証券,,店頭売買有価証券に関連する業務用語。,Concept,投資
5227,店頭市場,,店頭市場に関連する業務用語。,Concept,共通
5228,店頭有価証券,,店頭有価証券に関連する業務用語。,Concept,投資
5229,店頭金利,,店頭金利に関連する業務用語。,Concept,共通
5230,度数分布表,,度数分布表に関連する業務用語。,Concept,共通
5231,廃除,,廃除に関連する業務用語。,Concept,共通
5232,延払基準,,延払基準に関連する業務用語。,Concept,共通
5233,延滞税,,延滞税に関連する業務用語。,Concept,共通
5234,延滞金,,延滞金に関連する業務用語。,Concept,共通
5235,延納,,延納に関連する業務用語。,Concept,共通
5236,建物,,建物に関連する業務用語。,Concept,共通
5237,建物付属設備,,建物付属設備に関連する業務用語。,Concept,共通
5238,建物及び構築物,Buildings and Structures,建物及び構築物に関連する業務用語。,Concept,共通
5239,建物附属設備,,建物附属設備に関連する業務用語。,Concept,共通
5240,建玉,,建玉に関連する業務用語。,Concept,共通
5241,建玉移管制度,,建玉移管制度に関連する業務用語。,Concept,共通
5242,建設仮勘定,Construction in Progress,建設仮勘定に関連する業務用語。,Document,会計
5243,建設利息,,建設利息に関連する業務用語。,Concept,共通
5244,建設協力金,,建設協力金に関連する業務用語。,Concept,共通
5245,建設国債,,建設国債に関連する業務用語。,Concept,投資
5246,建設支出（米国）,,建設支出（米国）に関連する業務用語。,Concept,共通
5247,建設業会計,,建設業会計に関連する業務用語。,Document,会計
5248,弁済,,弁済に関連する業務用語。,Concept,共通
5249,弁済期限,,弁済期限に関連する業務用語。,Concept,共通
5250,弁証法,,弁証法に関連する業務用語。,Concept,共通
5251,弁護士法人,,弁護士法人に関連する業務用語。,Entity,共通
5252,引き受け,,引き受けに関連する業務用語。,Concept,共通
5253,引け,,引けに関連する業務用語。,Concept,共通
5254,引け中断,,引け中断に関連する業務用語。,Concept,共通
5255,引け値,,引け値に関連する業務用語。,Concept,共通
5256,引け前訂正指値,,引け前訂正指値に関連する業務用語。,Concept,共通
5257,引け後,,引け後に関連する業務用語。,Concept,共通
5258,引け成,,引け成に関連する業務用語。,Concept,共通
5259,引け指し値,,引け指し値に関連する業務用語。,Concept,共通
5260,引け逆転,,引け逆転に関連する業務用語。,Concept,共通
5261,引け際,,引け際に関連する業務用語。,Concept,共通
5262,引出金,,引出金に関連する業務用語。,Concept,共通
5263,引受,,引受に関連する業務用語。,Concept,共通
5264,引受シンジケート団,,引受シンジケート団に関連する業務用語。,Concept,共通
5265,引受シ団,,引受シ団に関連する業務用語。,Concept,共通
5266,引受価額,,引受価額に関連する業務用語。,Concept,共通
5267,引受手数料,Underwriting Fee,引受手数料に関連する業務用語。,Concept,共通
5268,引当金の計上基準,,引当金の計上基準に関連する業務用語。,Document,会計
5269,引後気配,,引後気配に関連する業務用語。,Concept,共通
5270,引成,,引成に関連する業務用語。,Concept,共通
5271,引指,,引指に関連する業務用語。,Concept,共通
5272,引渡基準,,引渡基準に関連する業務用語。,Concept,共通
5273,引直差金,,引直差金に関連する業務用語。,Concept,共通
5274,弱もちあい,,弱もちあいに関連する業務用語。,Concept,共通
5275,弱含み,,弱含みに関連する業務用語。,Concept,共通
5276,弱気,,弱気に関連する業務用語。,Concept,共通
5277,弱腰,,弱腰に関連する業務用語。,Concept,共通
5278,強もちあい,,強もちあいに関連する業務用語。,Concept,共通
5279,強制力,,強制力に関連する業務用語。,Concept,共通
5280,強制調査,,強制調査に関連する業務用語。,Concept,共通
5281,強制転換条項付株式,,強制転換条項付株式に関連する業務用語。,Concept,財務分析
5282,強含み,,強含みに関連する業務用語。,Concept,共通
5283,強弱レシオ,,強弱レシオに関連する業務用語。,Concept,共通
5284,強弱観,,強弱観に関連する業務用語。,Concept,共通
5285,強気,,強気に関連する業務用語。,Concept,共通
5286,強腰,,強腰に関連する業務用語。,Concept,共通
5287,当たり屋,,当たり屋に関連する業務用語。,Concept,共通
5288,当たり屋につけ,,当たり屋につけに関連する業務用語。,Concept,共通
5289,当たる,,当たるに関連する業務用語。,Concept,共通
5290,当初募集期間,,当初募集期間に関連する業務用語。,Concept,共通
5291,当初設定額,,当初設定額に関連する業務用語。,Concept,共通
5292,当座勘定取引契約,,当座勘定取引契約に関連する業務用語。,Document,会計
5293,当座比率,Quick Ratio,当座比率に関連する業務用語。,Metric,財務分析
5294,当座貸越,Overdraft,当座貸越に関連する業務用語。,Concept,共通
5295,当座資産,,当座資産に関連する業務用語。,Concept,会計
5296,当座預金,,当座預金に関連する業務用語。,Concept,共通
5297,当座預金出納帳,,当座預金出納帳に関連する業務用語。,Concept,共通
5298,当座預金残高,,当座預金残高に関連する業務用語。,Concept,共通
5299,当日決済取引,,当日決済取引に関連する業務用語。,Concept,共通
5300,当期,,当期に関連する業務用語。,Concept,共通
5301,当期未処分利益,,当期未処分利益に関連する業務用語。,Concept,共通
5302,当期純利益,Net Income / Net Profit,税引後の最終的な利益。ボトムラインとも呼ばれる。,Metric,会計
5303,当期純利益の按分,,当期純利益の按分に関連する業務用語。,Metric,会計
5304,当期純利益の表示,,当期純利益の表示に関連する業務用語。,Metric,会計
5305,当限,,当限に関連する業務用語。,Concept,共通
5306,形式上の貸倒れ,,形式上の貸倒れに関連する業務用語。,Concept,共通
5307,形式持分比率,,形式持分比率に関連する業務用語。,Concept,共通
5308,形態別分類,,形態別分類に関連する業務用語。,Concept,共通
5309,形見分け,,形見分けに関連する業務用語。,Concept,共通
5310,影響力,,影響力に関連する業務用語。,Concept,共通
5311,影響力基準,,影響力基準に関連する業務用語。,Concept,共通
5312,役務,,役務に関連する業務用語。,Concept,共通
5313,役務の提供,,役務の提供に関連する業務用語。,Concept,共通
5314,役員,Officer / Executive,役員に関連する業務用語。,Entity,人事
5315,役員の状況,Officer Status,役員の状況に関連する業務用語。,Entity,人事
5316,役員慰労退職引当金繰入額,,役員慰労退職引当金繰入額に関連する業務用語。,Document,会計
5317,役員給与,,役員給与に関連する業務用語。,Process,人事
5318,役員賞与,,役員賞与に関連する業務用語。,Process,人事
5319,役員賞与引当金,,役員賞与引当金に関連する業務用語。,Document,会計
5320,役員退職慰労引当金,Reserve for Director Retirement Allowances,役員退職慰労引当金に関連する業務用語。,Document,会計
5321,役員退職慰労金,,役員退職慰労金に関連する業務用語。,Entity,人事
5322,役職定年制,,役職定年制に関連する業務用語。,Concept,共通
5323,往来相場,,往来相場に関連する業務用語。,Concept,共通
5324,後入先出法,,後入先出法に関連する業務用語。,Concept,共通
5325,後場,,後場に関連する業務用語。,Concept,共通
5326,後場寄り,,後場寄りに関連する業務用語。,Concept,共通
5327,後発事象,,後発事象に関連する業務用語。,Concept,共通
5328,後継年金受取人,,後継年金受取人に関連する業務用語。,Process,人事
5329,後継年金受取人指定特約,,後継年金受取人指定特約に関連する業務用語。,Process,人事
5330,後配株,,後配株に関連する業務用語。,Concept,共通
5331,従属人口指数,,従属人口指数に関連する業務用語。,Concept,共通
5332,従業員,Employee,従業員に関連する業務用語。,Entity,人事
5333,従業員1人当たり人件費,,従業員1人当たり人件費に関連する業務用語。,Entity,人事
5334,従業員の状況,Employee Status,従業員の状況に関連する業務用語。,Entity,人事
5335,従業員持ち株制度,,従業員持ち株制度に関連する業務用語。,Entity,人事
5336,従業員数,Number of Employees,従業員数に関連する業務用語。,Entity,人事
5337,従業員満足度,Employee Satisfaction,従業員満足度に関連する業務用語。,Entity,人事
5338,得意先元帳,,得意先元帳に関連する業務用語。,Concept,共通
5339,復興債,,復興債に関連する業務用語。,Concept,共通
5340,復興特別所得税,,復興特別所得税に関連する業務用語。,Process,税務
5341,復興特別税,,復興特別税に関連する業務用語。,Concept,共通
5342,復配,,復配に関連する業務用語。,Concept,共通
5343,循環株,,循環株に関連する業務用語。,Concept,共通
5344,循環株投資,,循環株投資に関連する業務用語。,Concept,共通
5345,循環物色,,循環物色に関連する業務用語。,Concept,共通
5346,心ゆるめば財布もゆるむ,,心ゆるめば財布もゆるむに関連する業務用語。,Concept,共通
5347,心理的変数,,心理的変数に関連する業務用語。,Concept,共通
5348,必ずしも市場にいる必要はない,,必ずしも市場にいる必要はないに関連する業務用語。,Concept,共通
5349,応募者利回り,,応募者利回りに関連する業務用語。,Concept,共通
5350,応札倍率,,応札倍率に関連する業務用語。,Concept,共通
5351,忠実義務,,忠実義務に関連する業務用語。,Concept,共通
5352,思惑買い,,思惑買いに関連する業務用語。,Concept,共通
5353,思考実験,,思考実験に関連する業務用語。,Concept,共通
5354,急反発,,急反発に関連する業務用語。,Concept,共通
5355,急反落,,急反落に関連する業務用語。,Concept,共通
5356,急落,,急落に関連する業務用語。,Concept,共通
5357,急騰,,急騰に関連する業務用語。,Concept,共通
5358,恐怖指数,,恐怖指数に関連する業務用語。,Concept,共通
5359,恒生指数,,恒生指数に関連する業務用語。,Concept,共通
5360,悪材料,,悪材料に関連する業務用語。,Concept,共通
5361,悲惨指数,,悲惨指数に関連する業務用語。,Concept,共通
5362,情報の非対称性,,情報の非対称性に関連する業務用語。,Concept,共通
5363,情報セキュリティリスク,Information Security Risk,情報セキュリティリスクに関連する業務用語。,Concept,ガバナンス
5364,情報対称ゲーム,,情報対称ゲームに関連する業務用語。,Concept,共通
5365,情報管理,Information Management,情報管理に関連する業務用語。,Concept,共通
5366,情報設計,,情報設計に関連する業務用語。,Concept,共通
5367,情報銀行,,情報銀行に関連する業務用語。,Entity,金融
5368,情報隔壁,,情報隔壁に関連する業務用語。,Concept,共通
5369,情報非対称ゲーム,,情報非対称ゲームに関連する業務用語。,Concept,共通
5370,想定為替レート,,想定為替レートに関連する業務用語。,Concept,投資
5371,意思決定,,意思決定に関連する業務用語。,Concept,共通
5372,意見不表明,Disclaimer of Opinion,意見不表明に関連する業務用語。,Concept,共通
5373,愛称,,愛称に関連する業務用語。,Concept,共通
5374,感度分析,Sensitivity Analysis,感度分析に関連する業務用語。,Concept,共通
5375,成り行き,,成り行きに関連する業務用語。,Concept,共通
5376,成り行き注文,,成り行き注文に関連する業務用語。,Concept,共通
5377,成功の復讐,,成功の復讐に関連する業務用語。,Concept,共通
5378,成年後見人制度,,成年後見人制度に関連する業務用語。,Concept,共通
5379,成果主義,,成果主義に関連する業務用語。,Concept,共通
5380,成熟期,,成熟期に関連する業務用語。,Concept,共通
5381,成行注文,,成行注文に関連する業務用語。,Concept,共通
5382,成長性分析,,成長性分析に関連する業務用語。,Metric,財務分析
5383,成長戦略,Growth Strategy,成長戦略に関連する業務用語。,Concept,共通
5384,成長投資枠,,成長投資枠に関連する業務用語。,Concept,共通
5385,成長期,,成長期に関連する業務用語。,Concept,共通
5386,成長株,,成長株に関連する業務用語。,Concept,共通
5387,成長株ファンド,,成長株ファンドに関連する業務用語。,Metric,投資
5388,成長株投資,,成長株投資に関連する業務用語。,Concept,共通
5389,成長永続価値,,成長永続価値に関連する業務用語。,Concept,共通
5390,戦略コンサルティング,Strategy Consulting,戦略コンサルティングに関連する業務用語。,Concept,共通
5391,戦略ロードマップ,Strategic Roadmap,戦略ロードマップに関連する業務用語。,Concept,経営戦略
5392,戦略代替案,,戦略代替案に関連する業務用語。,Concept,共通
5393,戦術,,戦術に関連する業務用語。,Concept,共通
5394,戸籍,,戸籍に関連する業務用語。,Concept,共通
5395,戸籍抄本,,戸籍抄本に関連する業務用語。,Concept,共通
5396,戸籍謄本,,戸籍謄本に関連する業務用語。,Concept,共通
5397,戻す,,戻すに関連する業務用語。,Concept,共通
5398,戻り,,戻りに関連する業務用語。,Concept,共通
5399,戻り売り,,戻り売りに関連する業務用語。,Concept,共通
5400,戻り足,,戻り足に関連する業務用語。,Concept,共通
5401,戻り高値,,戻り高値に関連する業務用語。,Concept,共通
5402,所属部,,所属部に関連する業務用語。,Concept,共通
5403,所得の種類,,所得の種類に関連する業務用語。,Concept,共通
5404,所得割,,所得割に関連する業務用語。,Concept,共通
5405,所得控除,,所得控除に関連する業務用語。,Concept,共通
5406,所得税,,所得税に関連する業務用語。,Process,税務
5407,所得金額,,所得金額に関連する業務用語。,Concept,共通
5408,所有期間利回り,,所有期間利回りに関連する業務用語。,Concept,共通
5409,所有権移転ファイナンス・リース取引,,所有権移転ファイナンス・リース取引に関連する業務用語。,Process,金融
5410,所有権移転外ファイナンス・リース取引,,所有権移転外ファイナンス・リース取引に関連する業務用語。,Process,金融
5411,手じまい,,手じまいに関連する業務用語。,Concept,共通
5412,手仕舞い,,手仕舞いに関連する業務用語。,Concept,共通
5413,手元流動性,,手元流動性に関連する業務用語。,Concept,共通
5414,手元流動性比率,,手元流動性比率に関連する業務用語。,Concept,共通
5415,手元資金,,手元資金に関連する業務用語。,Concept,共通
5416,手口,,手口に関連する業務用語。,Concept,共通
5417,手当,,手当に関連する業務用語。,Concept,共通
5418,手形,,手形に関連する業務用語。,Concept,調達
5419,手形のジャンプ,,手形のジャンプに関連する業務用語。,Concept,調達
5420,手形交換制度,,手形交換制度に関連する業務用語。,Concept,調達
5421,手形交換所,,手形交換所に関連する業務用語。,Concept,調達
5422,手形割引,,手形割引に関連する業務用語。,Concept,調達
5423,手形売却損,,手形売却損に関連する業務用語。,Concept,調達
5424,手形帳,,手形帳に関連する業務用語。,Concept,調達
5425,手形要件,,手形要件に関連する業務用語。,Concept,調達
5426,手掛かり,,手掛かりに関連する業務用語。,Concept,共通
5427,手掛かり難,,手掛かり難に関連する業務用語。,Concept,共通
5428,手控え,,手控えに関連する業務用語。,Concept,共通
5429,手段の目的化,,手段の目的化に関連する業務用語。,Concept,共通
5430,手詰まり,,手詰まりに関連する業務用語。,Concept,共通
5431,手詰まり型事業,,手詰まり型事業に関連する業務用語。,Concept,共通
5432,才取り会員,,才取り会員に関連する業務用語。,Concept,共通
5433,打診売り,,打診売りに関連する業務用語。,Concept,共通
5434,打診買い,,打診買いに関連する業務用語。,Concept,共通
5435,払戻金,,払戻金に関連する業務用語。,Concept,共通
5436,扶養控除,,扶養控除に関連する業務用語。,Concept,共通
5437,承継法人,,承継法人に関連する業務用語。,Entity,共通
5438,技術力分析,,技術力分析に関連する業務用語。,Concept,共通
5439,投げ,,投げに関連する業務用語。,Concept,共通
5440,投げ売り,,投げ売りに関連する業務用語。,Concept,共通
5441,投下資本利益率,Return on Invested Capital (ROIC),投下資本利益率に関連する業務用語。,Concept,共通
5442,投信,,投信に関連する業務用語。,Concept,共通
5443,投信協会分類,,投信協会分類に関連する業務用語。,Concept,共通
5444,投信委託会社,,投信委託会社に関連する業務用語。,Entity,共通
5445,投信等（前金商品）,,投信等（前金商品）に関連する業務用語。,Concept,共通
5446,投機,,投機に関連する業務用語。,Concept,共通
5447,投機取引,,投機取引に関連する業務用語。,Concept,共通
5448,投機的格付け,,投機的格付けに関連する業務用語。,Concept,共通
5449,投機等金額,,投機等金額に関連する業務用語。,Concept,共通
5450,投機筋,,投機筋に関連する業務用語。,Concept,共通
5451,投資,,投資に関連する業務用語。,Concept,共通
5452,投資その他の資産,Investments and Other Assets,投資その他の資産に関連する業務用語。,Concept,会計
5453,投資と資本の消去,,投資と資本の消去に関連する業務用語。,Concept,共通
5454,投資と資本の消去（相殺消去）,,投資と資本の消去（相殺消去）に関連する業務用語。,Concept,共通
5455,投資と資本の相殺消去,,投資と資本の相殺消去に関連する業務用語。,Concept,共通
5456,投資キャッシュフロー,,投資キャッシュフローに関連する業務用語。,Metric,会計
5457,投資クラブ,,投資クラブに関連する業務用語。,Concept,共通
5458,投資スタイル,,投資スタイルに関連する業務用語。,Concept,共通
5459,投資テーマ,Investment Theme,投資テーマに関連する業務用語。,Concept,共通
5460,投資ファンド,,投資ファンドに関連する業務用語。,Metric,投資
5461,投資一任契約,,投資一任契約に関連する業務用語。,Concept,共通
5462,投資主,,投資主に関連する業務用語。,Concept,共通
5463,投資主体別売買動向,,投資主体別売買動向に関連する業務用語。,Concept,共通
5464,投資主体別売買状況,,投資主体別売買状況に関連する業務用語。,Concept,共通
5465,投資事業有限責任組合,,投資事業有限責任組合に関連する業務用語。,Entity,人事
5466,投資事業組合,,投資事業組合に関連する業務用語。,Entity,人事
5467,投資信託のコンセプト,,投資信託のコンセプトに関連する業務用語。,Metric,投資
5468,投資信託分類,,投資信託分類に関連する業務用語。,Metric,投資
5469,投資信託協会,,投資信託協会に関連する業務用語。,Metric,投資
5470,投資信託委託会社,,投資信託委託会社に関連する業務用語。,Metric,投資
5471,投資信託振替制度,,投資信託振替制度に関連する業務用語。,Metric,投資
5472,投資信託法,,投資信託法に関連する業務用語。,Metric,投資
5473,投資信託約款,,投資信託約款に関連する業務用語。,Metric,投資
5474,投資信託評価機関,,投資信託評価機関に関連する業務用語。,Metric,投資
5475,投資信託販売会社,,投資信託販売会社に関連する業務用語。,Metric,投資
5476,投資判断,Investment Rating,投資判断に関連する業務用語。,Concept,財務分析
5477,投資利益率,,投資利益率に関連する業務用語。,Concept,共通
5478,投資制限制度,,投資制限制度に関連する業務用語。,Concept,共通
5479,投資口,,投資口に関連する業務用語。,Concept,共通
5480,投資回収期間,Payback Period,投資回収期間に関連する業務用語。,Concept,共通
5481,投資型年金保険,,投資型年金保険に関連する業務用語。,Process,人事
5482,投資教育,,投資教育に関連する業務用語。,Concept,共通
5483,投資有価証券,Investment Securities,投資有価証券に関連する業務用語。,Concept,投資
5484,投資法人,,投資法人に関連する業務用語。,Entity,共通
5485,投資法人債,,投資法人債に関連する業務用語。,Entity,共通
5486,投資活動によるキャッシュフロー,Cash Flow from Investing Activities,投資活動によるキャッシュフローに関連する業務用語。,Metric,会計
5487,投資活動によるキャッシュ・フロー,,投資活動によるキャッシュ・フローに関連する業務用語。,Concept,共通
5488,投資者保護基金,,投資者保護基金に関連する業務用語。,Concept,共通
5489,投資証券,,投資証券に関連する業務用語。,Concept,投資
5490,投資財,,投資財に関連する業務用語。,Concept,共通
5491,投資適格,,投資適格に関連する業務用語。,Concept,共通
5492,投資適格債,,投資適格債に関連する業務用語。,Concept,共通
5493,投資部門別売買状況,,投資部門別売買状況に関連する業務用語。,Entity,共通
5494,投資銀行,,投資銀行に関連する業務用語。,Entity,金融
5495,投資銀行業務,Investment Banking,投資銀行業務に関連する業務用語。,Entity,金融
5496,投資顧問会社,,投資顧問会社に関連する業務用語。,Entity,共通
5497,投資顧問業,,投資顧問業に関連する業務用語。,Concept,共通
5498,抜く,,抜くに関連する業務用語。,Concept,共通
5499,抵当証券,,抵当証券に関連する業務用語。,Concept,投資
5500,抵抗帯,,抵抗帯に関連する業務用語。,Concept,共通
5501,抵抗線,,抵抗線に関連する業務用語。,Concept,共通
5502,押し目,,押し目に関連する業務用語。,Concept,共通
5503,押し目買い,,押し目買いに関連する業務用語。,Concept,共通
5504,押し込み販売,,押し込み販売に関連する業務用語。,Concept,共通
5505,押す,,押すに関連する業務用語。,Concept,共通
5506,押目待ちの押目なし,,押目待ちの押目なしに関連する業務用語。,Concept,共通
5507,抽選償還,,抽選償還に関連する業務用語。,Concept,共通
5508,担保,,担保に関連する業務用語。,Concept,共通
5509,担保掛け目,,担保掛け目に関連する業務用語。,Concept,共通
5510,拒否権付株式,,拒否権付株式に関連する業務用語。,Concept,財務分析
5511,拒絶証書,,拒絶証書に関連する業務用語。,Concept,共通
5512,招集通知,,招集通知に関連する業務用語。,Concept,共通
5513,拠出限度額,,拠出限度額に関連する業務用語。,Concept,共通
5514,拾う,,拾うに関連する業務用語。,Concept,共通
5515,持ち合い,,持ち合いに関連する業務用語。,Concept,共通
5516,持ち合い株,,持ち合い株に関連する業務用語。,Concept,共通
5517,持ち合い株式,,持ち合い株式に関連する業務用語。,Concept,財務分析
5518,持ち合い解消,,持ち合い解消に関連する業務用語。,Concept,共通
5519,持ち株会社,,持ち株会社に関連する業務用語。,Entity,共通
5520,持ち株比率,,持ち株比率に関連する業務用語。,Concept,共通
5521,持ち高調整,,持ち高調整に関連する業務用語。,Concept,共通
5522,持分プーリング法,,持分プーリング法に関連する業務用語。,Concept,共通
5523,持分法,Equity Method,持分法に関連する業務用語。,Entity,共通
5524,持分法投資損益,Equity in Earnings/Losses of Affiliates,持分法投資損益に関連する業務用語。,Document,会計
5525,持分法適用会社,,持分法適用会社に関連する業務用語。,Entity,共通
5526,持分法適用関連会社,Equity-method Affiliated Company,持分法適用関連会社に関連する業務用語。,Entity,共通
5527,持合株式,,持合株式に関連する業務用語。,Concept,財務分析
5528,持株会,Employee Stock Ownership Plan (ESOP),持株会に関連する業務用語。,Concept,財務分析
5529,持株会社,Holding Company,持株会社に関連する業務用語。,Concept,財務分析
5530,持株基準,,持株基準に関連する業務用語。,Concept,財務分析
5531,持株比率,,持株比率に関連する業務用語。,Concept,財務分析
5532,持続可能性,,持続可能性に関連する業務用語。,Concept,共通
5533,持続可能成長スピード,,持続可能成長スピードに関連する業務用語。,Concept,共通
5534,持続可能成長率,,持続可能成長率に関連する業務用語。,Concept,共通
5535,指し値,,指し値に関連する業務用語。,Concept,共通
5536,指し値オペ,,指し値オペに関連する業務用語。,Concept,共通
5537,指し値出来ずば引け成行注文,,指し値出来ずば引け成行注文に関連する業務用語。,Concept,共通
5538,指し値注文,,指し値注文に関連する業務用語。,Concept,共通
5539,指値,,指値に関連する業務用語。,Concept,共通
5540,指値を取り消すな,,指値を取り消すなに関連する業務用語。,Concept,共通
5541,指値注文,,指値注文に関連する業務用語。,Concept,共通
5542,指名委員会等設置会社,"Company with Nominating Committee, etc.",指名委員会等設置会社に関連する業務用語。,Entity,ガバナンス
5543,指定分割,,指定分割に関連する業務用語。,Concept,共通
5544,指定替え,,指定替えに関連する業務用語。,Concept,共通
5545,指定注文,,指定注文に関連する業務用語。,Concept,共通
5546,指定相続分,,指定相続分に関連する業務用語。,Concept,共通
5547,指定金外信託,,指定金外信託に関連する業務用語。,Concept,共通
5548,指数平滑移動平均線,,指数平滑移動平均線に関連する業務用語。,Concept,共通
5549,指数移動平均,Exponential Moving Average,指数移動平均に関連する業務用語。,Concept,共通
5550,指標分析,,指標分析に関連する業務用語。,Concept,共通
5551,振出,,振出に関連する業務用語。,Concept,共通
5552,振出人,,振出人に関連する業務用語。,Concept,共通
5553,振出地,,振出地に関連する業務用語。,Concept,共通
5554,振当処理,,振当処理に関連する業務用語。,Concept,共通
5555,振替債,,振替債に関連する業務用語。,Concept,共通
5556,振替口座簿,,振替口座簿に関連する業務用語。,Concept,共通
5557,授かり効果,,授かり効果に関連する業務用語。,Concept,共通
5558,授権株式,,授権株式に関連する業務用語。,Concept,財務分析
5559,授権資本,,授権資本に関連する業務用語。,Concept,共通
5560,掉尾の一振,,掉尾の一振に関連する業務用語。,Concept,共通
5561,掛取引,,掛取引に関連する業務用語。,Concept,共通
5562,採用,Recruitment,採用に関連する業務用語。,Process,人事
5563,探索型リサーチ,,探索型リサーチに関連する業務用語。,Concept,共通
5564,探鉱,Exploration,探鉱に関連する業務用語。,Concept,共通
5565,控除,,控除に関連する業務用語。,Concept,共通
5566,控除対象外消費税等,,控除対象外消費税等に関連する業務用語。,Process,税務
5567,控除対象外消費税額等,,控除対象外消費税額等に関連する業務用語。,Process,税務
5568,控除対象配偶者,,控除対象配偶者に関連する業務用語。,Concept,共通
5569,推定相続人,,推定相続人に関連する業務用語。,Concept,共通
5570,推定相続人の廃除,,推定相続人の廃除に関連する業務用語。,Concept,共通
5571,提携,,提携に関連する業務用語。,Concept,共通
5572,提言,Recommendation,提言に関連する業務用語。,Concept,共通
5573,換価分割,,換価分割に関連する業務用語。,Concept,共通
5574,換金売り,,換金売りに関連する業務用語。,Concept,共通
5575,換金規制銘柄,,換金規制銘柄に関連する業務用語。,Concept,ガバナンス
5576,換金（投資信託）,,換金（投資信託）に関連する業務用語。,Metric,投資
5577,損切り,,損切りに関連する業務用語。,Concept,共通
5578,損切り注文,,損切り注文に関連する業務用語。,Concept,共通
5579,損失申告,,損失申告に関連する業務用語。,Metric,会計
5580,損失補てん,,損失補てんに関連する業務用語。,Metric,会計
5581,損急げ,,損急げに関連する業務用語。,Concept,共通
5582,損益予算,,損益予算に関連する業務用語。,Document,会計
5583,損益分岐点分析,,損益分岐点分析に関連する業務用語。,Document,会計
5584,損益分岐点比率,,損益分岐点比率に関連する業務用語。,Document,会計
5585,損益分析,P&L Analysis,損益分析に関連する業務用語。,Document,会計
5586,損益勘定,,損益勘定に関連する業務用語。,Document,会計
5587,損益法,,損益法に関連する業務用語。,Document,会計
5588,損益計算書(P/L),,損益計算書(P/L)に関連する業務用語。,Document,会計
5589,損益計算書原則,,損益計算書原則に関連する業務用語。,Document,会計
5590,損益計算書等式,,損益計算書等式に関連する業務用語。,Document,会計
5591,損益計算書（P/L）,,損益計算書（P/L）に関連する業務用語。,Document,会計
5592,損益通算,,損益通算に関連する業務用語。,Document,会計
5593,損金,,損金に関連する業務用語。,Concept,共通
5594,損金経理,,損金経理に関連する業務用語。,Concept,共通
5595,撤退,,撤退に関連する業務用語。,Concept,共通
5596,撤退障壁,,撤退障壁に関連する業務用語。,Concept,共通
5597,操業度,,操業度に関連する業務用語。,Concept,共通
5598,擬似ストックオプション,,擬似ストックオプションに関連する業務用語。,Concept,財務分析
5599,支払伝票,,支払伝票に関連する業務用語。,Concept,共通
5600,支払利息,,支払利息に関連する業務用語。,Concept,共通
5601,支払利息割引料,,支払利息割引料に関連する業務用語。,Concept,共通
5602,支払手形,Notes Payable,支払手形に関連する業務用語。,Concept,調達
5603,支払手形記入帳,,支払手形記入帳に関連する業務用語。,Concept,調達
5604,支払手数料,,支払手数料に関連する業務用語。,Concept,共通
5605,支払精査,,支払精査に関連する業務用語。,Concept,共通
5606,支払調書,,支払調書に関連する業務用語。,Concept,共通
5607,支持線,,支持線に関連する業務用語。,Concept,共通
5608,支援材料,,支援材料に関連する業務用語。,Concept,共通
5609,支配力基準,,支配力基準に関連する業務用語。,Concept,共通
5610,支配株主,,支配株主に関連する業務用語。,Concept,財務分析
5611,支配証券,,支配証券に関連する業務用語。,Concept,投資
5612,改正金融機能強化法,,改正金融機能強化法に関連する業務用語。,Concept,共通
5613,放れる,,放れるに関連する業務用語。,Concept,共通
5614,政党等寄付金特別控除,,政党等寄付金特別控除に関連する業務用語。,Concept,共通
5615,政府保証債,,政府保証債に関連する業務用語。,Concept,共通
5616,政府保証外債,,政府保証外債に関連する業務用語。,Concept,共通
5617,政府最終消費支出,,政府最終消費支出に関連する業務用語。,Concept,共通
5618,政府短期証券,,政府短期証券に関連する業務用語。,Concept,投資
5619,政府系ファンド,,政府系ファンドに関連する業務用語。,Metric,投資
5620,政府経済見通し,,政府経済見通しに関連する業務用語。,Concept,共通
5621,政府調達,,政府調達に関連する業務用語。,Concept,調達
5622,政府開発援助,,政府開発援助に関連する業務用語。,Concept,共通
5623,政府関係機関債,,政府関係機関債に関連する業務用語。,Concept,共通
5624,政策に売りなし,,政策に売りなしに関連する業務用語。,Concept,共通
5625,政策保有株,,政策保有株に関連する業務用語。,Concept,共通
5626,政策委員会,,政策委員会に関連する業務用語。,Entity,ガバナンス
5627,政策投資,,政策投資に関連する業務用語。,Concept,共通
5628,政策金利,,政策金利に関連する業務用語。,Concept,共通
5629,教育資金の一括贈与非課税措置,,教育資金の一括贈与非課税措置に関連する業務用語。,Concept,共通
5630,散発高,,散発高に関連する業務用語。,Concept,共通
5631,数理計算,,数理計算に関連する業務用語。,Concept,共通
5632,数理計算上の差異,,数理計算上の差異に関連する業務用語。,Concept,共通
5633,整理,,整理に関連する業務用語。,Concept,共通
5634,整理ポスト,,整理ポストに関連する業務用語。,Concept,共通
5635,整理回収機構（RCC）,,整理回収機構（RCC）に関連する業務用語。,Concept,共通
5636,整理銘柄,,整理銘柄に関連する業務用語。,Concept,共通
5637,敵対的TOB,,敵対的TOBに関連する業務用語。,Event,投資
5638,敵対的買収,,敵対的買収に関連する業務用語。,Process,M&A
5639,敵対的ＴＯＢ,,敵対的ＴＯＢに関連する業務用語。,Concept,共通
5640,新値,,新値に関連する業務用語。,Concept,共通
5641,新値3本足,,新値3本足に関連する業務用語。,Concept,共通
5642,新値にはだまってつけ,,新値にはだまってつけに関連する業務用語。,Concept,共通
5643,新値足,,新値足に関連する業務用語。,Concept,共通
5644,新安値,,新安値に関連する業務用語。,Concept,共通
5645,新安値更新銘柄,,新安値更新銘柄に関連する業務用語。,Concept,共通
5646,新株,,新株に関連する業務用語。,Concept,共通
5647,新株予約権,,新株予約権に関連する業務用語。,Concept,財務分析
5648,新株予約権付社債,,新株予約権付社債に関連する業務用語。,Concept,財務分析
5649,新株予約権無償割当,,新株予約権無償割当に関連する業務用語。,Concept,財務分析
5650,新株予約権証券,,新株予約権証券に関連する業務用語。,Concept,財務分析
5651,新株引受権,,新株引受権に関連する業務用語。,Concept,共通
5652,新株引受権付社債,,新株引受権付社債に関連する業務用語。,Concept,投資
5653,新株発行,,新株発行に関連する業務用語。,Concept,共通
5654,新株落ち,,新株落ちに関連する業務用語。,Concept,共通
5655,新発債,,新発債に関連する業務用語。,Concept,共通
5656,新築住宅販売件数（米国）,,新築住宅販売件数（米国）に関連する業務用語。,Concept,共通
5657,新聞図書費,,新聞図書費に関連する業務用語。,Concept,共通
5658,新興国市場,,新興国市場に関連する業務用語。,Concept,共通
5659,新興国株式,Emerging Market Equities,新興国株式に関連する業務用語。,Concept,財務分析
5660,新興国通貨,,新興国通貨に関連する業務用語。,Concept,投資
5661,新興市場,,新興市場に関連する業務用語。,Concept,共通
5662,新興成長市場,,新興成長市場に関連する業務用語。,Concept,共通
5663,新規事業,New Business,新規事業に関連する業務用語。,Concept,共通
5664,新規公開,,新規公開に関連する業務用語。,Concept,共通
5665,新規出店,New Store Openings,新規出店に関連する業務用語。,Concept,共通
5666,新規参入の脅威,,新規参入の脅威に関連する業務用語。,Concept,共通
5667,新規売り,,新規売りに関連する業務用語。,Concept,共通
5668,新規失業保険申請件数（米国）,,新規失業保険申請件数（米国）に関連する業務用語。,Concept,共通
5669,新規暗号資産公開,,新規暗号資産公開に関連する業務用語。,Concept,会計
5670,新規求人倍率,,新規求人倍率に関連する業務用語。,Concept,共通
5671,新規販売停止,,新規販売停止に関連する業務用語。,Concept,共通
5672,新規買い,,新規買いに関連する業務用語。,Concept,共通
5673,新設分割,Incorporation-type Demerger,新設分割に関連する業務用語。,Concept,共通
5674,新設合併,Consolidation Merger,新設合併に関連する業務用語。,Process,M&A
5675,新証券コード,,新証券コードに関連する業務用語。,Concept,投資
5676,新長期プライムレート,,新長期プライムレートに関連する業務用語。,Concept,共通
5677,新高値,,新高値に関連する業務用語。,Concept,共通
5678,新高値更新銘柄,,新高値更新銘柄に関連する業務用語。,Concept,共通
5679,旅費交通費,,旅費交通費に関連する業務用語。,Concept,共通
5680,既存事業,Existing Business,既存事業に関連する業務用語。,Concept,共通
5681,既存店売上高,Same-store Sales,既存店売上高に関連する業務用語。,Metric,会計
5682,既得権益,,既得権益に関連する業務用語。,Concept,共通
5683,既発債,,既発債に関連する業務用語。,Concept,共通
5684,日々公表銘柄,,日々公表銘柄に関連する業務用語。,Concept,共通
5685,日々決算型ファンド,,日々決算型ファンドに関連する業務用語。,Document,会計
5686,日々決算型投資信託,,日々決算型投資信託に関連する業務用語。,Document,会計
5687,日中足,,日中足に関連する業務用語。,Concept,共通
5688,日本ファイナンシャル・プランナーズ協会,,日本ファイナンシャル・プランナーズ協会に関連する業務用語。,Concept,共通
5689,日本仮想通貨ビジネス協会,,日本仮想通貨ビジネス協会に関連する業務用語。,Concept,投資
5690,日本取引所グループ,,日本取引所グループに関連する業務用語。,Concept,共通
5691,日本国債,,日本国債に関連する業務用語。,Concept,投資
5692,日本型金融排除,,日本型金融排除に関連する業務用語。,Concept,共通
5693,日本型預託証券,,日本型預託証券に関連する業務用語。,Concept,投資
5694,日本年金機構,,日本年金機構に関連する業務用語。,Process,人事
5695,日本政策投資銀行,,日本政策投資銀行に関連する業務用語。,Entity,金融
5696,日本政策金融公庫,,日本政策金融公庫に関連する業務用語。,Entity,金融
5697,日本格付研究所,,日本格付研究所に関連する業務用語。,Concept,共通
5698,日本版401k,,日本版401kに関連する業務用語。,Concept,共通
5699,日本版401ｋ,,日本版401ｋに関連する業務用語。,Concept,共通
5700,日本版ISA,,日本版ISAに関連する業務用語。,Concept,共通
5701,日本版ビッグバン,,日本版ビッグバンに関連する業務用語。,Concept,共通
5702,日本的経営,,日本的経営に関連する業務用語。,Concept,共通
5703,日本証券アナリスト協会,,日本証券アナリスト協会に関連する業務用語。,Concept,財務分析
5704,日本証券クリアリング機構,,日本証券クリアリング機構に関連する業務用語。,Concept,投資
5705,日本証券業協会,,日本証券業協会に関連する業務用語。,Concept,投資
5706,日本銀行当座預金,,日本銀行当座預金に関連する業務用語。,Entity,金融
5707,日本銀行政策委員会,,日本銀行政策委員会に関連する業務用語。,Entity,ガバナンス
5708,日本銀行（日銀）,,日本銀行（日銀）に関連する業務用語。,Entity,金融
5709,日柄,,日柄に関連する業務用語。,Concept,共通
5710,日歩,,日歩に関連する業務用語。,Concept,共通
5711,日経225,,日経225に関連する業務用語。,Concept,共通
5712,日経225 Weeklyオプション,,日経225 Weeklyオプションに関連する業務用語。,Concept,投資
5713,日経225　Ｗｅｅｋｌｙオプション,,日経225　Ｗｅｅｋｌｙオプションに関連する業務用語。,Concept,投資
5714,日経225オプション,,日経225オプションに関連する業務用語。,Concept,投資
5715,日経225先物,,日経225先物に関連する業務用語。,Concept,投資
5716,日経225先物取引,,日経225先物取引に関連する業務用語。,Concept,投資
5717,日経300先物,,日経300先物に関連する業務用語。,Concept,投資
5718,日経300株価指数連動型上場投資信託,,日経300株価指数連動型上場投資信託に関連する業務用語。,Concept,財務分析
5719,日経500種平均株価,,日経500種平均株価に関連する業務用語。,Concept,財務分析
5720,日経JAPAN1000,,日経JAPAN1000に関連する業務用語。,Concept,共通
5721,日経ジャスダック平均株価,,日経ジャスダック平均株価に関連する業務用語。,Concept,財務分析
5722,日経ダウ平均,,日経ダウ平均に関連する業務用語。,Concept,共通
5723,日経リンク債,,日経リンク債に関連する業務用語。,Concept,共通
5724,日経会社情報,,日経会社情報に関連する業務用語。,Entity,共通
5725,日経商品指数,,日経商品指数に関連する業務用語。,Concept,共通
5726,日経国債インデックス,,日経国債インデックスに関連する業務用語。,Concept,投資
5727,日経平均,,日経平均に関連する業務用語。,Concept,共通
5728,日経平均VI,,日経平均VIに関連する業務用語。,Concept,共通
5729,日経平均VI先物取引,,日経平均VI先物取引に関連する業務用語。,Concept,投資
5730,日経平均インバース指数,,日経平均インバース指数に関連する業務用語。,Concept,共通
5731,日経平均カバードコール指数,,日経平均カバードコール指数に関連する業務用語。,Concept,共通
5732,日経平均ストラテジー指数,,日経平均ストラテジー指数に関連する業務用語。,Concept,共通
5733,日経平均ノックイン債,,日経平均ノックイン債に関連する業務用語。,Concept,共通
5734,日経平均ボラティリティー・インデックス,,日経平均ボラティリティー・インデックスに関連する業務用語。,Metric,投資
5735,日経平均リスクコントロール指数,,日経平均リスクコントロール指数に関連する業務用語。,Concept,共通
5736,日経平均レバレッジ指数,,日経平均レバレッジ指数に関連する業務用語。,Concept,投資
5737,日経平均株価,,日経平均株価に関連する業務用語。,Concept,財務分析
5738,日経平均株価オプション,,日経平均株価オプションに関連する業務用語。,Concept,財務分析
5739,日経平均高配当株５０指数,,日経平均高配当株５０指数に関連する業務用語。,Concept,財務分析
5740,日経景気インデックス,,日経景気インデックスに関連する業務用語。,Metric,投資
5741,日経株価指数300,,日経株価指数300に関連する業務用語。,Concept,財務分析
5742,日経産業天気インデックス,,日経産業天気インデックスに関連する業務用語。,Metric,投資
5743,日経総合株価指数,,日経総合株価指数に関連する業務用語。,Concept,財務分析
5744,日経通貨インデックス,,日経通貨インデックスに関連する業務用語。,Concept,投資
5745,日経配当指数,,日経配当指数に関連する業務用語。,Concept,財務分析
5746,日計り商い,,日計り商いに関連する業務用語。,Concept,共通
5747,日証金残高,,日証金残高に関連する業務用語。,Concept,共通
5748,日足,,日足に関連する業務用語。,Concept,共通
5749,日銀,,日銀に関連する業務用語。,Entity,金融
5750,日銀トレード,,日銀トレードに関連する業務用語。,Entity,金融
5751,日銀ネット,,日銀ネットに関連する業務用語。,Entity,金融
5752,日銀剰余金,,日銀剰余金に関連する業務用語。,Entity,金融
5753,日銀審議委員,,日銀審議委員に関連する業務用語。,Entity,金融
5754,日銀当座預金残高,,日銀当座預金残高に関連する業務用語。,Entity,金融
5755,日銀当預,,日銀当預に関連する業務用語。,Entity,金融
5756,日銀政策委員会,,日銀政策委員会に関連する業務用語。,Entity,ガバナンス
5757,日銀短観,,日銀短観に関連する業務用語。,Entity,金融
5758,日銀総裁,,日銀総裁に関連する業務用語。,Entity,金融
5759,旧定額法,,旧定額法に関連する業務用語。,Concept,共通
5760,旧株,,旧株に関連する業務用語。,Concept,共通
5761,早期償還,,早期償還に関連する業務用語。,Concept,共通
5762,早期償還条項,,早期償還条項に関連する業務用語。,Concept,共通
5763,早耳,,早耳に関連する業務用語。,Concept,共通
5764,明瞭性の原則,,明瞭性の原則に関連する業務用語。,Concept,共通
5765,是認通知,,是認通知に関連する業務用語。,Concept,共通
5766,時価,,時価に関連する業務用語。,Concept,共通
5767,時価ヘッジ処理,,時価ヘッジ処理に関連する業務用語。,Concept,投資
5768,時価主義,,時価主義に関連する業務用語。,Concept,共通
5769,時価主義会計,,時価主義会計に関連する業務用語。,Document,会計
5770,時価会計,,時価会計に関連する業務用語。,Document,会計
5771,時価発行,,時価発行に関連する業務用語。,Concept,共通
5772,時価発行増資,,時価発行増資に関連する業務用語。,Concept,共通
5773,時価発行新株予約権信託,,時価発行新株予約権信託に関連する業務用語。,Concept,財務分析
5774,時価総額,Market Capitalization,時価総額に関連する業務用語。,Concept,共通
5775,時価総額加重平均型株価指数,,時価総額加重平均型株価指数に関連する業務用語。,Concept,財務分析
5776,時価評価額,,時価評価額に関連する業務用語。,Process,人事
5777,時系列チャート,,時系列チャートに関連する業務用語。,Concept,共通
5778,時系列分析,,時系列分析に関連する業務用語。,Concept,共通
5779,時間優先の原則,,時間優先の原則に関連する業務用語。,Concept,共通
5780,時間分散,,時間分散に関連する業務用語。,Concept,共通
5781,時間分散投資,,時間分散投資に関連する業務用語。,Concept,投資
5782,時間指定注文,,時間指定注文に関連する業務用語。,Concept,共通
5783,時間的価値,,時間的価値に関連する業務用語。,Concept,共通
5784,時間軸効果,,時間軸効果に関連する業務用語。,Concept,共通
5785,時間軸政策,,時間軸政策に関連する業務用語。,Concept,共通
5786,普通償却,,普通償却に関連する業務用語。,Metric,会計
5787,普通分配金,,普通分配金に関連する業務用語。,Concept,共通
5788,普通取引,,普通取引に関連する業務用語。,Concept,共通
5789,普通国債,,普通国債に関連する業務用語。,Concept,投資
5790,普通失踪,,普通失踪に関連する業務用語。,Concept,共通
5791,普通方式遺言,,普通方式遺言に関連する業務用語。,Concept,共通
5792,普通株式,,普通株式に関連する業務用語。,Concept,財務分析
5793,普通決議,,普通決議に関連する業務用語。,Concept,共通
5794,普通法人,,普通法人に関連する業務用語。,Entity,共通
5795,普通為替証書,,普通為替証書に関連する業務用語。,Concept,投資
5796,普通社債,,普通社債に関連する業務用語。,Concept,投資
5797,普通配当,,普通配当に関連する業務用語。,Concept,財務分析
5798,普通預金,,普通預金に関連する業務用語。,Concept,共通
5799,景気,,景気に関連する業務用語。,Concept,共通
5800,景気の山と谷,,景気の山と谷に関連する業務用語。,Concept,共通
5801,景気ウォッチャー指数,,景気ウォッチャー指数に関連する業務用語。,Concept,共通
5802,景気ウオッチャー指数,,景気ウオッチャー指数に関連する業務用語。,Concept,共通
5803,景気ウオッチャー調査,,景気ウオッチャー調査に関連する業務用語。,Concept,共通
5804,景気先行指数（米国）,,景気先行指数（米国）に関連する業務用語。,Concept,共通
5805,景気動向指数,,景気動向指数に関連する業務用語。,Concept,共通
5806,景気対策,,景気対策に関連する業務用語。,Concept,共通
5807,景気循環,,景気循環に関連する業務用語。,Concept,共通
5808,景気循環株,,景気循環株に関連する業務用語。,Concept,共通
5809,景気敏感株,,景気敏感株に関連する業務用語。,Concept,共通
5810,景気条項,,景気条項に関連する業務用語。,Concept,共通
5811,景況感,,景況感に関連する業務用語。,Concept,共通
5812,暗号資産,Cryptocurrency / Virtual Currency,暗号資産に関連する業務用語。,Concept,会計
5813,暗号通貨,,暗号通貨に関連する業務用語。,Concept,投資
5814,暗黒の月曜日,,暗黒の月曜日に関連する業務用語。,Concept,共通
5815,暗黒の木曜日,,暗黒の木曜日に関連する業務用語。,Concept,共通
5816,暗黒の水曜日,,暗黒の水曜日に関連する業務用語。,Concept,共通
5817,暗黙知,,暗黙知に関連する業務用語。,Concept,共通
5818,暦年課税,,暦年課税に関連する業務用語。,Concept,共通
5819,暦年贈与,,暦年贈与に関連する業務用語。,Concept,共通
5820,暫定流動性保証プログラム,,暫定流動性保証プログラムに関連する業務用語。,Concept,共通
5821,暫定税率,,暫定税率に関連する業務用語。,Concept,共通
5822,暴落,,暴落に関連する業務用語。,Concept,共通
5823,暴騰,,暴騰に関連する業務用語。,Concept,共通
5824,曲がり屋,,曲がり屋に関連する業務用語。,Concept,共通
5825,更新値幅,,更新値幅に関連する業務用語。,Concept,共通
5826,更新差金,,更新差金に関連する業務用語。,Concept,共通
5827,更正,,更正に関連する業務用語。,Concept,共通
5828,更正の請求,,更正の請求に関連する業務用語。,Concept,共通
5829,最低保証金維持率,,最低保証金維持率に関連する業務用語。,Concept,共通
5830,最低賃金,,最低賃金に関連する業務用語。,Concept,共通
5831,最優遇貸出金利,,最優遇貸出金利に関連する業務用語。,Concept,共通
5832,最大多数の最大幸福,,最大多数の最大幸福に関連する業務用語。,Concept,共通
5833,最寄品,,最寄品に関連する業務用語。,Concept,共通
5834,最終仕入原価法,,最終仕入原価法に関連する業務用語。,Metric,会計
5835,最終利回り,,最終利回りに関連する業務用語。,Concept,共通
5836,最終利益,,最終利益に関連する業務用語。,Concept,共通
5837,最終気配,,最終気配に関連する業務用語。,Concept,共通
5838,最終気配値段,,最終気配値段に関連する業務用語。,Concept,共通
5839,最終決済,,最終決済に関連する業務用語。,Concept,共通
5840,最終清算数値,,最終清算数値に関連する業務用語。,Concept,共通
5841,最良執行,,最良執行に関連する業務用語。,Concept,共通
5842,最良気配,,最良気配に関連する業務用語。,Concept,共通
5843,最適資本構成,,最適資本構成に関連する業務用語。,Concept,共通
5844,最高サステナビリティ責任者,Chief Sustainability Officer (CSO),最高サステナビリティ責任者に関連する業務用語。,Concept,ESG
5845,最高執行責任者,Chief Operating Officer (COO),最高執行責任者に関連する業務用語。,Concept,共通
5846,最高情報責任者,Chief Information Officer (CIO),最高情報責任者に関連する業務用語。,Concept,共通
5847,最高情報責任者（CIO）,,最高情報責任者（CIO）に関連する業務用語。,Entity,ガバナンス
5848,最高技術責任者,Chief Technology Officer (CTO),最高技術責任者に関連する業務用語。,Concept,共通
5849,最高経営責任者,Chief Executive Officer (CEO),最高経営責任者に関連する業務用語。,Concept,共通
5850,最高財務責任者,Chief Financial Officer (CFO),最高財務責任者に関連する業務用語。,Concept,共通
5851,月例経済報告,,月例経済報告に関連する業務用語。,Concept,共通
5852,月替わり商い,,月替わり商いに関連する業務用語。,Concept,共通
5853,月次予算,,月次予算に関連する業務用語。,Concept,共通
5854,月次予算実績差異分析,,月次予算実績差異分析に関連する業務用語。,Concept,共通
5855,月次損益計算書,,月次損益計算書に関連する業務用語。,Document,会計
5856,月次棚卸,,月次棚卸に関連する業務用語。,Document,会計
5857,月次業績報告,,月次業績報告に関連する業務用語。,Concept,共通
5858,月次決算,,月次決算に関連する業務用語。,Document,会計
5859,月次決算整理,,月次決算整理に関連する業務用語。,Document,会計
5860,月次貸借対照表,,月次貸借対照表に関連する業務用語。,Document,会計
5861,月足,,月足に関連する業務用語。,Concept,共通
5862,有事のドル買い,,有事のドル買いに関連する業務用語。,Concept,共通
5863,有価証券,,有価証券に関連する業務用語。,Concept,投資
5864,有価証券オプション,,有価証券オプションに関連する業務用語。,Concept,投資
5865,有価証券利息,,有価証券利息に関連する業務用語。,Concept,投資
5866,有価証券含み損益,,有価証券含み損益に関連する業務用語。,Document,会計
5867,有価証券報告書の記載内容の適正性に関する確認書,,有価証券報告書の記載内容の適正性に関する確認書に関連する業務用語。,Document,会計
5868,有価証券売却損,,有価証券売却損に関連する業務用語。,Concept,投資
5869,有価証券売却益,,有価証券売却益に関連する業務用語。,Concept,投資
5870,有価証券届出書,,有価証券届出書に関連する業務用語。,Concept,投資
5871,有価証券通知書,,有価証券通知書に関連する業務用語。,Concept,投資
5872,有償増資,,有償増資に関連する業務用語。,Concept,共通
5873,有償減資,,有償減資に関連する業務用語。,Concept,共通
5874,有利子負債,Interest-bearing Debt,有利子負債に関連する業務用語。,Concept,会計
5875,有利子負債依存度,,有利子負債依存度に関連する業務用語。,Concept,会計
5876,有効フロンティア,,有効フロンティアに関連する業務用語。,Concept,共通
5877,有効求人倍率,,有効求人倍率に関連する業務用語。,Concept,共通
5878,有姿除却,,有姿除却に関連する業務用語。,Concept,共通
5879,有形固定資産,"Property, Plant and Equipment (PP&E)",有形固定資産に関連する業務用語。,Concept,会計
5880,有意差,,有意差に関連する業務用語。,Concept,共通
5881,有税償却,,有税償却に関連する業務用語。,Metric,会計
5882,有給休暇取得率,Paid Leave Utilization Rate,有給休暇取得率に関連する業務用語。,Concept,共通
5883,有配株,,有配株に関連する業務用語。,Concept,共通
5884,有限会社,,有限会社に関連する業務用語。,Entity,共通
5885,有限責任事業組合,,有限責任事業組合に関連する業務用語。,Entity,人事
5886,期ズレ,,期ズレに関連する業務用語。,Concept,共通
5887,期中,,期中に関連する業務用語。,Concept,共通
5888,期中償還,,期中償還に関連する業務用語。,Concept,共通
5889,期中償還請求権付新株予約権付社債,,期中償還請求権付新株予約権付社債に関連する業務用語。,Concept,財務分析
5890,期先,,期先に関連する業務用語。,Concept,共通
5891,期先物,,期先物に関連する業務用語。,Concept,投資
5892,期先限月取引,,期先限月取引に関連する業務用語。,Concept,共通
5893,期待インフレ率,,期待インフレ率に関連する業務用語。,Concept,共通
5894,期待理論,,期待理論に関連する業務用語。,Concept,共通
5895,期日,,期日に関連する業務用語。,Concept,共通
5896,期日別債務残高管理,,期日別債務残高管理に関連する業務用語。,Concept,共通
5897,期日別債権管理,,期日別債権管理に関連する業務用語。,Concept,共通
5898,期日向かい,,期日向かいに関連する業務用語。,Concept,共通
5899,期日圧迫,,期日圧迫に関連する業務用語。,Concept,共通
5900,期日売り,,期日売りに関連する業務用語。,Concept,共通
5901,期日明け,,期日明けに関連する業務用語。,Concept,共通
5902,期末,,期末に関連する業務用語。,Concept,共通
5903,期末棚卸高,,期末棚卸高に関連する業務用語。,Document,会計
5904,期末配当,Year-end Dividend,期末配当に関連する業務用語。,Concept,財務分析
5905,期近,,期近に関連する業務用語。,Concept,共通
5906,期近物,,期近物に関連する業務用語。,Concept,共通
5907,期近限月取引,,期近限月取引に関連する業務用語。,Concept,共通
5908,期間原価,,期間原価に関連する業務用語。,Metric,会計
5909,期間対応,,期間対応に関連する業務用語。,Concept,共通
5910,期間損益計算,,期間損益計算に関連する業務用語。,Document,会計
5911,期間騰落率,,期間騰落率に関連する業務用語。,Concept,共通
5912,期限前償還,,期限前償還に関連する業務用語。,Concept,共通
5913,期首,,期首に関連する業務用語。,Concept,共通
5914,期首棚卸高,,期首棚卸高に関連する業務用語。,Document,会計
5915,未上場,,未上場に関連する業務用語。,Concept,投資
5916,未公開企業の企業価値,,未公開企業の企業価値に関連する業務用語。,Entity,共通
5917,未公開株,,未公開株に関連する業務用語。,Concept,共通
5918,未公開株式,,未公開株式に関連する業務用語。,Concept,財務分析
5919,未収収益,,未収収益に関連する業務用語。,Document,会計
5920,未収還付法人税等,,未収還付法人税等に関連する業務用語。,Document,会計
5921,未収金,,未収金に関連する業務用語。,Document,会計
5922,未実現利益,,未実現利益に関連する業務用語。,Concept,共通
5923,未実現利益消去,,未実現利益消去に関連する業務用語。,Concept,共通
5924,未実現損失,,未実現損失に関連する業務用語。,Metric,会計
5925,未払事業所税,,未払事業所税に関連する業務用語。,Document,会計
5926,未払事業税,,未払事業税に関連する業務用語。,Document,会計
5927,未払地方法人特別税,,未払地方法人特別税に関連する業務用語。,Document,会計
5928,未払法人税等,Income Taxes Payable,未払法人税等に関連する業務用語。,Document,会計
5929,未払消費税等,,未払消費税等に関連する業務用語。,Document,会計
5930,未払費用,Accrued Liabilities,未払費用に関連する業務用語。,Document,会計
5931,未払金,Accrued Expenses,未払金に関連する業務用語。,Document,会計
5932,未決済金額,,未決済金額に関連する業務用語。,Concept,共通
5933,未済,,未済に関連する業務用語。,Concept,共通
5934,未経過リース料,,未経過リース料に関連する業務用語。,Concept,共通
5935,未認識数理計算上の差異,,未認識数理計算上の差異に関連する業務用語。,Concept,共通
5936,未認識過去勤務債務,,未認識過去勤務債務に関連する業務用語。,Concept,共通
5937,本格反騰,,本格反騰に関連する業務用語。,Concept,共通
5938,本決算,,本決算に関連する業務用語。,Document,会計
5939,本社共通費,,本社共通費に関連する業務用語。,Concept,共通
5940,本質的価値,,本質的価値に関連する業務用語。,Concept,共通
5941,札割れ,,札割れに関連する業務用語。,Concept,共通
5942,札幌証券取引所,,札幌証券取引所に関連する業務用語。,Concept,投資
5943,李克強指数,,李克強指数に関連する業務用語。,Concept,共通
5944,材料,,材料に関連する業務用語。,Concept,共通
5945,材料出尽くし,,材料出尽くしに関連する業務用語。,Concept,共通
5946,材料待ち,,材料待ちに関連する業務用語。,Concept,共通
5947,材料株,,材料株に関連する業務用語。,Concept,共通
5948,材料費,,材料費に関連する業務用語。,Concept,共通
5949,材料費差異分析,,材料費差異分析に関連する業務用語。,Concept,共通
5950,材料難,,材料難に関連する業務用語。,Concept,共通
5951,条件付取得対価,,条件付取得対価に関連する業務用語。,Concept,共通
5952,条件適合理論,,条件適合理論に関連する業務用語。,Concept,共通
5953,来期,,来期に関連する業務用語。,Concept,共通
5954,東京商品取引所,,東京商品取引所に関連する業務用語。,Concept,共通
5955,東京証券取引所,Tokyo Stock Exchange (TSE),東京証券取引所に関連する業務用語。,Concept,投資
5956,東京金融取引所,,東京金融取引所に関連する業務用語。,Concept,共通
5957,東京銀行間取引金利,,東京銀行間取引金利に関連する業務用語。,Entity,金融
5958,東南アジア諸国連合,,東南アジア諸国連合に関連する業務用語。,Concept,共通
5959,東証,,東証に関連する業務用語。,Concept,投資
5960,東証2部株価指数,,東証2部株価指数に関連する業務用語。,Concept,財務分析
5961,東証REIT指数,,東証REIT指数に関連する業務用語。,Concept,投資
5962,東証REIT指数先物取引,,東証REIT指数先物取引に関連する業務用語。,Concept,投資
5963,東証アローズ,,東証アローズに関連する業務用語。,Concept,投資
5964,東証住宅価格指数,,東証住宅価格指数に関連する業務用語。,Concept,投資
5965,東証株価指数,,東証株価指数に関連する業務用語。,Concept,財務分析
5966,東証株価指数オプション,,東証株価指数オプションに関連する業務用語。,Concept,財務分析
5967,東証次世代売買システム,,東証次世代売買システムに関連する業務用語。,Concept,投資
5968,東証独立役員,,東証独立役員に関連する業務用語。,Concept,投資
5969,東証配当フォーカス100指数,,東証配当フォーカス100指数に関連する業務用語。,Concept,財務分析
5970,東証ＲＥＩＴ指数,,東証ＲＥＩＴ指数に関連する業務用語。,Concept,投資
5971,板合せ,,板合せに関連する業務用語。,Concept,共通
5972,板寄せ,,板寄せに関連する業務用語。,Concept,共通
5973,板寄せ後の初値,,板寄せ後の初値に関連する業務用語。,Concept,共通
5974,板寄せ方式,,板寄せ方式に関連する業務用語。,Concept,共通
5975,板情報,Order Book,板情報に関連する業務用語。,Concept,共通
5976,架空利益,,架空利益に関連する業務用語。,Concept,共通
5977,架空売り上げ,,架空売り上げに関連する業務用語。,Concept,投資
5978,株365,,株365に関連する業務用語。,Concept,共通
5979,株を買うより時を買え,,株を買うより時を買えに関連する業務用語。,Concept,共通
5980,株不足,,株不足に関連する業務用語。,Concept,共通
5981,株主,Shareholder,株主に関連する業務用語。,Concept,財務分析
5982,株主の権利,,株主の権利に関連する業務用語。,Concept,財務分析
5983,株主ターゲティング,,株主ターゲティングに関連する業務用語。,Concept,財務分析
5984,株主代表訴訟,,株主代表訴訟に関連する業務用語。,Concept,財務分析
5985,株主価値,,株主価値に関連する業務用語。,Concept,財務分析
5986,株主優待,Shareholder Perks / Shareholder Benefits,株主優待に関連する業務用語。,Concept,財務分析
5987,株主優待制度,,株主優待制度に関連する業務用語。,Concept,財務分析
5988,株主割り当て,,株主割り当てに関連する業務用語。,Concept,財務分析
5989,株主割当増資,,株主割当増資に関連する業務用語。,Concept,財務分析
5990,株主名簿,,株主名簿に関連する業務用語。,Concept,財務分析
5991,株主名簿管理人,,株主名簿管理人に関連する業務用語。,Concept,財務分析
5992,株主提案権,,株主提案権に関連する業務用語。,Concept,財務分析
5993,株主構成,,株主構成に関連する業務用語。,Concept,財務分析
5994,株主権,,株主権に関連する業務用語。,Concept,財務分析
5995,株主総会参考書類,,株主総会参考書類に関連する業務用語。,Concept,財務分析
5996,株主資本,Shareholders' Equity,株主資本に関連する業務用語。,Concept,財務分析
5997,株主資本コスト,Cost of Equity,株主資本コストに関連する業務用語。,Concept,財務分析
5998,株主資本利益率,,株主資本利益率に関連する業務用語。,Concept,財務分析
5999,株主資本回転率,,株主資本回転率に関連する業務用語。,Concept,財務分析
6000,株主資本比率,,株主資本比率に関連する業務用語。,Concept,財務分析
6001,株主資本等変動計算書,Statement of Changes in Equity,株主資本等変動計算書に関連する業務用語。,Concept,財務分析
6002,株主資本配当率,,株主資本配当率に関連する業務用語。,Concept,財務分析
6003,株主還元,Shareholder Returns,株主還元に関連する業務用語。,Concept,財務分析
6004,株価,,株価に関連する業務用語。,Concept,財務分析
6005,株価の推移,Stock Price Trends,株価の推移に関連する業務用語。,Concept,財務分析
6006,株価の里帰り,,株価の里帰りに関連する業務用語。,Concept,財務分析
6007,株価キャッシュフロー倍率,,株価キャッシュフロー倍率に関連する業務用語。,Metric,会計
6008,株価リンク債,,株価リンク債に関連する業務用語。,Concept,財務分析
6009,株価位置,,株価位置に関連する業務用語。,Concept,財務分析
6010,株価収益率,Price-to-Earnings Ratio (PER),株価収益率に関連する業務用語。,Concept,財務分析
6011,株価固定,,株価固定に関連する業務用語。,Concept,財務分析
6012,株価売上高倍率,,株価売上高倍率に関連する業務用語。,Metric,会計
6013,株価指数,,株価指数に関連する業務用語。,Concept,財務分析
6014,株価指数オプション取引,,株価指数オプション取引に関連する業務用語。,Concept,財務分析
6015,株価指数先物取引,,株価指数先物取引に関連する業務用語。,Concept,財務分析
6016,株価指数連動型上場投資信託,,株価指数連動型上場投資信託に関連する業務用語。,Concept,財務分析
6017,株価指標,,株価指標に関連する業務用語。,Concept,財務分析
6018,株価操作,,株価操作に関連する業務用語。,Concept,財務分析
6019,株価純資産倍率,Price-to-Book Ratio (PBR),株価純資産倍率に関連する業務用語。,Concept,会計
6020,株価維持政策,,株価維持政策に関連する業務用語。,Concept,財務分析
6021,株価連動債,,株価連動債に関連する業務用語。,Concept,財務分析
6022,株価連動銘柄,,株価連動銘柄に関連する業務用語。,Concept,財務分析
6023,株券,,株券に関連する業務用語。,Concept,共通
6024,株券オプション取引,,株券オプション取引に関連する業務用語。,Concept,投資
6025,株券発行会社,,株券発行会社に関連する業務用語。,Entity,共通
6026,株券等の大量保有の状況に関する開示,,株券等の大量保有の状況に関する開示に関連する業務用語。,Process,会計
6027,株券等貸借取引,,株券等貸借取引に関連する業務用語。,Document,会計
6028,株券電子化,,株券電子化に関連する業務用語。,Concept,共通
6029,株式のリスクプレミアム,,株式のリスクプレミアムに関連する業務用語。,Concept,財務分析
6030,株式の分割,,株式の分割に関連する業務用語。,Concept,財務分析
6031,株式の譲渡制限,,株式の譲渡制限に関連する業務用語。,Concept,財務分析
6032,株式オプション取引,,株式オプション取引に関連する業務用語。,Concept,財務分析
6033,株式ファンド,,株式ファンドに関連する業務用語。,Concept,財務分析
6034,株式ミニ投資,,株式ミニ投資に関連する業務用語。,Concept,財務分析
6035,株式ミニ投資制度,,株式ミニ投資制度に関連する業務用語。,Concept,財務分析
6036,株式事務代行機関,,株式事務代行機関に関連する業務用語。,Concept,財務分析
6037,株式交換,,株式交換に関連する業務用語。,Concept,財務分析
6038,株式交換制度,,株式交換制度に関連する業務用語。,Concept,財務分析
6039,株式交換比率,,株式交換比率に関連する業務用語。,Concept,財務分析
6040,株式会社,,株式会社に関連する業務用語。,Concept,財務分析
6041,株式併合,Reverse Stock Split,株式併合に関連する業務用語。,Concept,財務分析
6042,株式価値,Equity Value,株式価値に関連する業務用語。,Concept,財務分析
6043,株式先物取引,,株式先物取引に関連する業務用語。,Concept,財務分析
6044,株式公開,IPO (Initial Public Offering),株式公開に関連する業務用語。,Concept,財務分析
6045,株式公開支援,,株式公開支援に関連する業務用語。,Concept,財務分析
6046,株式公開買い付け,,株式公開買い付けに関連する業務用語。,Concept,財務分析
6047,株式公開（IPO）,,株式公開（IPO）に関連する業務用語。,Concept,財務分析
6048,株式分割,Stock Split,株式分割に関連する業務用語。,Concept,財務分析
6049,株式分布状況調査,,株式分布状況調査に関連する業務用語。,Concept,財務分析
6050,株式利回り,,株式利回りに関連する業務用語。,Concept,財務分析
6051,株式取得,Share Acquisition,株式取得に関連する業務用語。,Concept,財務分析
6052,株式報酬,Stock-based Compensation,株式報酬に関連する業務用語。,Concept,財務分析
6053,株式売買システム,,株式売買システムに関連する業務用語。,Concept,財務分析
6054,株式売買委託手数料,,株式売買委託手数料に関連する業務用語。,Concept,財務分析
6055,株式市場,,株式市場に関連する業務用語。,Concept,財務分析
6056,株式投資信託,,株式投資信託に関連する業務用語。,Concept,財務分析
6057,株式投資収益率,,株式投資収益率に関連する業務用語。,Concept,財務分析
6058,株式持ち合い,,株式持ち合いに関連する業務用語。,Concept,財務分析
6059,株式持合い,,株式持合いに関連する業務用語。,Concept,財務分析
6060,株式数,,株式数に関連する業務用語。,Concept,財務分析
6061,株式消却,,株式消却に関連する業務用語。,Concept,財務分析
6062,株式無償割当,,株式無償割当に関連する業務用語。,Concept,財務分析
6063,株式無償割当て,,株式無償割当てに関連する業務用語。,Concept,財務分析
6064,株式益利回り,,株式益利回りに関連する業務用語。,Concept,財務分析
6065,株式移転,,株式移転に関連する業務用語。,Concept,財務分析
6066,株式移転制度,,株式移転制度に関連する業務用語。,Concept,財務分析
6067,株式等の状況,Share Status,株式等の状況に関連する業務用語。,Concept,財務分析
6068,株式等振替制度,,株式等振替制度に関連する業務用語。,Concept,財務分析
6069,株式累積投資,,株式累積投資に関連する業務用語。,Concept,財務分析
6070,株式累積投資制度,,株式累積投資制度に関連する業務用語。,Concept,財務分析
6071,株式給付信託,,株式給付信託に関連する業務用語。,Concept,財務分析
6072,株式譲渡制限,,株式譲渡制限に関連する業務用語。,Concept,財務分析
6073,株式買取請求権,,株式買取請求権に関連する業務用語。,Concept,財務分析
6074,株式関連債,,株式関連債に関連する業務用語。,Concept,財務分析
6075,格付,Credit Rating,格付に関連する業務用語。,Concept,共通
6076,格付け会社,,格付け会社に関連する業務用語。,Entity,共通
6077,格付け格差,,格付け格差に関連する業務用語。,Concept,共通
6078,格付け機関,,格付け機関に関連する業務用語。,Concept,共通
6079,格付ウォッチ,,格付ウォッチに関連する業務用語。,Concept,共通
6080,格付会社,,格付会社に関連する業務用語。,Entity,共通
6081,格付取引,,格付取引に関連する業務用語。,Concept,共通
6082,格付投資情報センター,,格付投資情報センターに関連する業務用語。,Concept,共通
6083,格付推移マトリクス,,格付推移マトリクスに関連する業務用語。,Concept,共通
6084,格付格上げ,Rating Upgrade,格付格上げに関連する業務用語。,Concept,共通
6085,格付格下げ,Rating Downgrade,格付格下げに関連する業務用語。,Concept,共通
6086,格付機関,Rating Agency,格付機関に関連する業務用語。,Concept,共通
6087,格差,,格差に関連する業務用語。,Concept,共通
6088,棒上げ,,棒上げに関連する業務用語。,Concept,共通
6089,棒下げ,,棒下げに関連する業務用語。,Concept,共通
6090,棒足,,棒足に関連する業務用語。,Concept,共通
6091,棚卸原票,,棚卸原票に関連する業務用語。,Document,会計
6092,棚卸未実現,,棚卸未実現に関連する業務用語。,Document,会計
6093,棚卸減耗損,,棚卸減耗損に関連する業務用語。,Document,会計
6094,棚卸計算法,,棚卸計算法に関連する業務用語。,Document,会計
6095,棚卸資産,Inventories,販売目的で保有する商品・製品・仕掛品・原材料などの資産。,Document,会計
6096,棚卸資産の評価基準,,棚卸資産の評価基準に関連する業務用語。,Document,会計
6097,棚卸資産の評価方法,Inventory Valuation Method,棚卸資産の評価方法に関連する業務用語。,Document,会計
6098,棚卸資産回転率,Inventory Turnover,棚卸資産回転率に関連する業務用語。,Document,会計
6099,棚卸資産評価損,,棚卸資産評価損に関連する業務用語。,Document,会計
6100,検収,,検収に関連する業務用語。,Concept,共通
6101,検収基準,,検収基準に関連する業務用語。,Concept,共通
6102,検査役,,検査役に関連する業務用語。,Concept,共通
6103,検索エンジン,,検索エンジンに関連する業務用語。,Concept,共通
6104,検証型リサーチ,,検証型リサーチに関連する業務用語。,Concept,共通
6105,検証的リサーチ,,検証的リサーチに関連する業務用語。,Concept,共通
6106,検認,,検認に関連する業務用語。,Concept,共通
6107,業務プロセス再設計,Business Process Reengineering,業務プロセス再設計に関連する業務用語。,Concept,共通
6108,業務停止命令,,業務停止命令に関連する業務用語。,Concept,共通
6109,業務効率化,Operational Efficiency Improvement,業務効率化に関連する業務用語。,Concept,共通
6110,業務委託費,,業務委託費に関連する業務用語。,Entity,人事
6111,業務改善命令,,業務改善命令に関連する業務用語。,Concept,共通
6112,業務隔壁,,業務隔壁に関連する業務用語。,Concept,共通
6113,業態別子会社,,業態別子会社に関連する業務用語。,Entity,共通
6114,業況判断DI,,業況判断DIに関連する業務用語。,Concept,共通
6115,業況判断ＤＩ,,業況判断ＤＩに関連する業務用語。,Concept,共通
6116,業界の魅力度,,業界の魅力度に関連する業務用語。,Concept,共通
6117,業界内の競合企業,,業界内の競合企業に関連する業務用語。,Entity,共通
6118,業界再編,,業界再編に関連する業務用語。,Concept,共通
6119,業種,,業種に関連する業務用語。,Concept,共通
6120,業種別株価指数,,業種別株価指数に関連する業務用語。,Concept,財務分析
6121,業績ハイライト,Earnings Highlights,業績ハイライトに関連する業務用語。,Concept,共通
6122,業績予想,Earnings Forecast,業績予想に関連する業務用語。,Concept,財務分析
6123,業績修正,Earnings Revision,業績修正に関連する業務用語。,Concept,財務分析
6124,業績単位,,業績単位に関連する業務用語。,Concept,共通
6125,業績相場,,業績相場に関連する業務用語。,Concept,共通
6126,業績管理,Performance Management,業績管理に関連する業務用語。,Concept,共通
6127,業績給,,業績給に関連する業務用語。,Concept,共通
6128,業績評価,,業績評価に関連する業務用語。,Process,人事
6129,概算要求,,概算要求に関連する業務用語。,Concept,共通
6130,概算要求基準,,概算要求基準に関連する業務用語。,Concept,共通
6131,構築物,,構築物に関連する業務用語。,Concept,共通
6132,構造的慣性,,構造的慣性に関連する業務用語。,Concept,共通
6133,様変わり,,様変わりに関連する業務用語。,Concept,共通
6134,様子見,,様子見に関連する業務用語。,Concept,共通
6135,標準偏差,,標準偏差に関連する業務用語。,Concept,共通
6136,標準利率,,標準利率に関連する業務用語。,Concept,共通
6137,標準原価,,標準原価に関連する業務用語。,Metric,会計
6138,標準原価計算,,標準原価計算に関連する業務用語。,Metric,会計
6139,標準物,,標準物に関連する業務用語。,Concept,共通
6140,標準税率,,標準税率に関連する業務用語。,Concept,共通
6141,模様眺め,,模様眺めに関連する業務用語。,Concept,共通
6142,権利付き,,権利付きに関連する業務用語。,Concept,共通
6143,権利付き最終売買日,,権利付き最終売買日に関連する業務用語。,Concept,共通
6144,権利付き最終日,,権利付き最終日に関連する業務用語。,Concept,共通
6145,権利付相場,,権利付相場に関連する業務用語。,Concept,共通
6146,権利入札,,権利入札に関連する業務用語。,Concept,共通
6147,権利処理,,権利処理に関連する業務用語。,Concept,共通
6148,権利割当,,権利割当に関連する業務用語。,Concept,共通
6149,権利割当日,,権利割当日に関連する業務用語。,Concept,共通
6150,権利放棄,,権利放棄に関連する業務用語。,Concept,共通
6151,権利消滅,,権利消滅に関連する業務用語。,Concept,共通
6152,権利確定,,権利確定に関連する業務用語。,Concept,共通
6153,権利確定日,,権利確定日に関連する業務用語。,Concept,共通
6154,権利落ち,,権利落ちに関連する業務用語。,Concept,共通
6155,権利落ち日,,権利落ち日に関連する業務用語。,Concept,共通
6156,権利落相場,,権利落相場に関連する業務用語。,Concept,共通
6157,権利行使,,権利行使に関連する業務用語。,Concept,共通
6158,権利行使価格,,権利行使価格に関連する業務用語。,Concept,共通
6159,権利行使日,,権利行使日に関連する業務用語。,Concept,共通
6160,権利行使期間,,権利行使期間に関連する業務用語。,Concept,共通
6161,権利預り証付売買,,権利預り証付売買に関連する業務用語。,Concept,共通
6162,権限委譲,,権限委譲に関連する業務用語。,Concept,共通
6163,横ばい,,横ばいに関連する業務用語。,Concept,共通
6164,機会コスト,,機会コストに関連する業務用語。,Concept,共通
6165,機会費用,,機会費用に関連する業務用語。,Metric,会計
6166,機械受注,,機械受注に関連する業務用語。,Concept,営業
6167,機械受注統計,,機械受注統計に関連する業務用語。,Concept,営業
6168,機械学習,,機械学習に関連する業務用語。,Concept,経営戦略
6169,機械学習モデル,,機械学習モデルに関連する業務用語。,Concept,経営戦略
6170,機械装置,,機械装置に関連する業務用語。,Concept,共通
6171,機械装置及び運搬具,"Machinery, Equipment and Vehicles",機械装置及び運搬具に関連する業務用語。,Concept,共通
6172,機能別分類,,機能別分類に関連する業務用語。,Concept,共通
6173,機能別組織,,機能別組織に関連する業務用語。,Concept,共通
6174,機能別規制,,機能別規制に関連する業務用語。,Concept,ガバナンス
6175,機能性食品,Functional Food,機能性食品に関連する業務用語。,Concept,共通
6176,機能横断型チーム,,機能横断型チームに関連する業務用語。,Concept,共通
6177,機能的減価,,機能的減価に関連する業務用語。,Concept,共通
6178,欠損金,,欠損金に関連する業務用語。,Concept,共通
6179,次世代オペレーティングモデル,Next-Generation Operating Model,次世代オペレーティングモデルに関連する業務用語。,Concept,財務分析
6180,次期,,次期に関連する業務用語。,Concept,共通
6181,欧州中央銀行,,欧州中央銀行に関連する業務用語。,Entity,金融
6182,欧州中央銀行（ECB）,,欧州中央銀行（ECB）に関連する業務用語。,Concept,投資
6183,欧州安定機構,,欧州安定機構に関連する業務用語。,Concept,共通
6184,欧州復興開発銀行,,欧州復興開発銀行に関連する業務用語。,Entity,金融
6185,欧州経済共同体,,欧州経済共同体に関連する業務用語。,Concept,共通
6186,欧州通貨制度,,欧州通貨制度に関連する業務用語。,Concept,投資
6187,欧州連合,,欧州連合に関連する業務用語。,Concept,共通
6188,欲求5段階説,,欲求5段階説に関連する業務用語。,Concept,共通
6189,止め足,,止め足に関連する業務用語。,Concept,共通
6190,正味保険料,,正味保険料に関連する業務用語。,Concept,共通
6191,正味売却価額,,正味売却価額に関連する業務用語。,Concept,共通
6192,正味売却可能価額,Net Realizable Value,正味売却可能価額に関連する業務用語。,Concept,共通
6193,正味現在価値,,正味現在価値に関連する業務用語。,Concept,共通
6194,正常営業循環基準,,正常営業循環基準に関連する業務用語。,Concept,共通
6195,正常性バイアス,,正常性バイアスに関連する業務用語。,Concept,共通
6196,正当権力,,正当権力に関連する業務用語。,Concept,共通
6197,正規の減価償却,,正規の減価償却に関連する業務用語。,Document,会計
6198,正規の簿記の原則,,正規の簿記の原則に関連する業務用語。,Document,会計
6199,正規分布,,正規分布に関連する業務用語。,Concept,共通
6200,歩み,,歩みに関連する業務用語。,Concept,共通
6201,歩み値,,歩み値に関連する業務用語。,Concept,共通
6202,歳入,,歳入に関連する業務用語。,Concept,共通
6203,歳出,,歳出に関連する業務用語。,Concept,共通
6204,歴史的変動率,,歴史的変動率に関連する業務用語。,Concept,共通
6205,死亡保険金,,死亡保険金に関連する業務用語。,Concept,共通
6206,死亡保険金受取人,,死亡保険金受取人に関連する業務用語。,Concept,共通
6207,死亡退職金,,死亡退職金に関連する業務用語。,Process,人事
6208,死因贈与,,死因贈与に関連する業務用語。,Concept,共通
6209,残余財産分配請求権,,残余財産分配請求権に関連する業務用語。,Concept,共通
6210,残存価格,,残存価格に関連する業務用語。,Concept,共通
6211,残存価額,Residual Value,残存価額に関連する業務用語。,Concept,共通
6212,残存口数,,残存口数に関連する業務用語。,Concept,共通
6213,残存年数,,残存年数に関連する業務用語。,Concept,共通
6214,残存期間,,残存期間に関連する業務用語。,Concept,共通
6215,残玉,,残玉に関連する業務用語。,Concept,共通
6216,残高,,残高に関連する業務用語。,Concept,共通
6217,残高確認,,残高確認に関連する業務用語。,Concept,共通
6218,残高証明書,,残高証明書に関連する業務用語。,Concept,共通
6219,残高試算表,,残高試算表に関連する業務用語。,Document,会計
6220,残高資産曲線,,残高資産曲線に関連する業務用語。,Concept,会計
6221,段階取得,,段階取得に関連する業務用語。,Concept,共通
6222,段階取得に係る損益,,段階取得に係る損益に関連する業務用語。,Document,会計
6223,段階取得差損益,,段階取得差損益に関連する業務用語。,Document,会計
6224,毎月分配型,,毎月分配型に関連する業務用語。,Concept,共通
6225,毎月分配型ファンド,,毎月分配型ファンドに関連する業務用語。,Metric,投資
6226,比例連結,,比例連結に関連する業務用語。,Document,会計
6227,比例配分,,比例配分に関連する業務用語。,Concept,共通
6228,比例配分方式,,比例配分方式に関連する業務用語。,Concept,共通
6229,民事再生法,,民事再生法に関連する業務用語。,Concept,共通
6230,民営化,Privatization,民営化に関連する業務用語。,Concept,共通
6231,民法,,民法に関連する業務用語。,Concept,共通
6232,民間債,,民間債に関連する業務用語。,Concept,共通
6233,民間債務買取プログラム,,民間債務買取プログラムに関連する業務用語。,Concept,共通
6234,民間最終消費支出,,民間最終消費支出に関連する業務用語。,Concept,共通
6235,気候変動,,気候変動に関連する業務用語。,Concept,ESG
6236,気迷い,,気迷いに関連する業務用語。,Concept,共通
6237,気配,,気配に関連する業務用語。,Concept,共通
6238,気配調整値段,,気配調整値段に関連する業務用語。,Concept,共通
6239,水平思考,,水平思考に関連する業務用語。,Concept,共通
6240,水平統合,,水平統合に関連する業務用語。,Concept,共通
6241,水準訂正,,水準訂正に関連する業務用語。,Concept,共通
6242,水産事業,Marine Products Business,水産事業に関連する業務用語。,Concept,共通
6243,水素,Hydrogen,水素に関連する業務用語。,Concept,共通
6244,水素社会,,水素社会に関連する業務用語。,Concept,共通
6245,水道光熱費,,水道光熱費に関連する業務用語。,Concept,共通
6246,永久債,,永久債に関連する業務用語。,Concept,共通
6247,永久劣後債,,永久劣後債に関連する業務用語。,Concept,共通
6248,永久差異,Permanent Difference,永久差異に関連する業務用語。,Concept,共通
6249,永久差異項目,,永久差異項目に関連する業務用語。,Concept,共通
6250,永久年金,,永久年金に関連する業務用語。,Process,人事
6251,永久資産,,永久資産に関連する業務用語。,Concept,会計
6252,永続価値,,永続価値に関連する業務用語。,Concept,共通
6253,決定,,決定に関連する業務用語。,Concept,共通
6254,決定係数,,決定係数に関連する業務用語。,Concept,共通
6255,決済,,決済に関連する業務用語。,Concept,共通
6256,決済サービス,Payment Service,決済サービスに関連する業務用語。,Concept,共通
6257,決済リスク,,決済リスクに関連する業務用語。,Concept,共通
6258,決算,,決算に関連する業務用語。,Document,会計
6259,決算の承認,,決算の承認に関連する業務用語。,Document,会計
6260,決算ギャンブル,,決算ギャンブルに関連する業務用語。,Document,会計
6261,決算公告,,決算公告に関連する業務用語。,Document,会計
6262,決算取締役会,,決算取締役会に関連する業務用語。,Document,会計
6263,決算報告,,決算報告に関連する業務用語。,Document,会計
6264,決算報告書,,決算報告書に関連する業務用語。,Document,会計
6265,決算対策,,決算対策に関連する業務用語。,Document,会計
6266,決算手続,,決算手続に関連する業務用語。,Document,会計
6267,決算手続き,,決算手続きに関連する業務用語。,Document,会計
6268,決算方針,,決算方針に関連する業務用語。,Document,会計
6269,決算日,,決算日に関連する業務用語。,Document,会計
6270,決算日の統一,,決算日の統一に関連する業務用語。,Document,会計
6271,決算書,,決算書に関連する業務用語。,Document,会計
6272,決算期間,,決算期間に関連する業務用語。,Document,会計
6273,決算発表,,決算発表に関連する業務用語。,Document,会計
6274,決算監査,,決算監査に関連する業務用語。,Document,会計
6275,決算短信,Financial Results Flash Report,決算短信に関連する業務用語。,Document,会計
6276,決算説明会,Earnings Presentation / Earnings Call,決算説明会に関連する業務用語。,Document,会計
6277,法人事業税,,法人事業税に関連する業務用語。,Process,人事
6278,法人企業景気予測調査,,法人企業景気予測調査に関連する業務用語。,Entity,共通
6279,法人企業統計,,法人企業統計に関連する業務用語。,Entity,共通
6280,法人住民税,,法人住民税に関連する業務用語。,Entity,共通
6281,法人成り,,法人成りに関連する業務用語。,Entity,共通
6282,法人登記,,法人登記に関連する業務用語。,Entity,共通
6283,法人税、住民税及び事業税,,法人税、住民税及び事業税に関連する業務用語。,Entity,共通
6284,法人税と税効果の計算,,法人税と税効果の計算に関連する業務用語。,Metric,会計
6285,法人税の中間申告,,法人税の中間申告に関連する業務用語。,Entity,共通
6286,法人税の確定申告,,法人税の確定申告に関連する業務用語。,Entity,共通
6287,法人税割,,法人税割に関連する業務用語。,Entity,共通
6288,法人税法,,法人税法に関連する業務用語。,Entity,共通
6289,法人税率,,法人税率に関連する業務用語。,Entity,共通
6290,法人税等,Income Taxes,法人税等に関連する業務用語。,Metric,会計
6291,法人税等調整額,,法人税等調整額に関連する業務用語。,Metric,会計
6292,法人税等追徴額,,法人税等追徴額に関連する業務用語。,Metric,会計
6293,法人税等還付額,,法人税等還付額に関連する業務用語。,Metric,会計
6294,法令遵守,Legal Compliance,法令遵守に関連する業務用語。,Concept,ガバナンス
6295,法定償却方法,,法定償却方法に関連する業務用語。,Metric,会計
6296,法定外税,,法定外税に関連する業務用語。,Concept,共通
6297,法定実効税率,Statutory Effective Tax Rate,法定実効税率に関連する業務用語。,Concept,共通
6298,法定準備金,,法定準備金に関連する業務用語。,Concept,共通
6299,法定監査,,法定監査に関連する業務用語。,Process,会計
6300,法定相続人,,法定相続人に関連する業務用語。,Concept,共通
6301,法定相続分,,法定相続分に関連する業務用語。,Concept,共通
6302,法定福利費,,法定福利費に関連する業務用語。,Concept,共通
6303,法定繰入率,,法定繰入率に関連する業務用語。,Concept,共通
6304,法定耐用年数,,法定耐用年数に関連する業務用語。,Concept,共通
6305,法定調書,,法定調書に関連する業務用語。,Concept,共通
6306,法律上の貸倒れ,,法律上の貸倒れに関連する業務用語。,Concept,共通
6307,法的リスク,Legal Risk,法的リスクに関連する業務用語。,Concept,共通
6308,法的整理,,法的整理に関連する業務用語。,Concept,共通
6309,波乱,,波乱に関連する業務用語。,Concept,共通
6310,注意喚起制度,,注意喚起制度に関連する業務用語。,Concept,共通
6311,注意気配,,注意気配に関連する業務用語。,Concept,共通
6312,注意銘柄,,注意銘柄に関連する業務用語。,Concept,共通
6313,注文処理,,注文処理に関連する業務用語。,Concept,共通
6314,注文処理スループット,,注文処理スループットに関連する業務用語。,Metric,製造
6315,注文制限値幅,,注文制限値幅に関連する業務用語。,Concept,共通
6316,注文期間,,注文期間に関連する業務用語。,Concept,共通
6317,注記事項,Notes to Financial Statements,注記事項に関連する業務用語。,Process,会計
6318,洗替え方式,,洗替え方式に関連する業務用語。,Concept,共通
6319,派生商品型,,派生商品型に関連する業務用語。,Concept,共通
6320,派生商品型（投資信託）,,派生商品型（投資信託）に関連する業務用語。,Metric,投資
6321,派生証券,,派生証券に関連する業務用語。,Concept,投資
6322,流動性,,流動性に関連する業務用語。,Concept,共通
6323,流動性の罠,,流動性の罠に関連する業務用語。,Concept,共通
6324,流動性カバレッジ比率,,流動性カバレッジ比率に関連する業務用語。,Concept,共通
6325,流動性プレミアム仮説,,流動性プレミアム仮説に関連する業務用語。,Concept,M&A
6326,流動比率,Current Ratio,流動負債に対する流動資産の比率。短期支払能力を示す。,Metric,財務分析
6327,流動負債,Current Liabilities,流動負債に関連する業務用語。,Concept,会計
6328,流動資産,Current Assets,流動資産に関連する業務用語。,Concept,会計
6329,流通市場,,流通市場に関連する業務用語。,Concept,共通
6330,流通株式,,流通株式に関連する業務用語。,Concept,財務分析
6331,浮動株,,浮動株に関連する業務用語。,Concept,共通
6332,浮動株主,,浮動株主に関連する業務用語。,Concept,財務分析
6333,浮動株基準株価指数,,浮動株基準株価指数に関連する業務用語。,Concept,財務分析
6334,浮動株比率,,浮動株比率に関連する業務用語。,Concept,共通
6335,海外ETF,,海外ETFに関連する業務用語。,Metric,投資
6336,海外ロードショー,,海外ロードショーに関連する業務用語。,Concept,共通
6337,海外売上高,,海外売上高に関連する業務用語。,Metric,会計
6338,海外展開,Overseas Expansion,海外展開に関連する業務用語。,Concept,共通
6339,海外直接投資,,海外直接投資に関連する業務用語。,Concept,共通
6340,消化,,消化に関連する業務用語。,Concept,共通
6341,消却,Share Cancellation,消却に関連する業務用語。,Concept,共通
6342,消滅会社,,消滅会社に関連する業務用語。,Entity,共通
6343,消耗品費,,消耗品費に関連する業務用語。,Concept,共通
6344,消費動向指数,,消費動向指数に関連する業務用語。,Concept,共通
6345,消費動向調査,,消費動向調査に関連する業務用語。,Concept,共通
6346,消費単価,,消費単価に関連する業務用語。,Concept,共通
6347,消費数量,,消費数量に関連する業務用語。,Concept,共通
6348,消費活動指数,,消費活動指数に関連する業務用語。,Concept,共通
6349,消費税の中間申告,,消費税の中間申告に関連する業務用語。,Process,税務
6350,消費税の確定申告,,消費税の確定申告に関連する業務用語。,Process,税務
6351,消費税の還付申告,,消費税の還付申告に関連する業務用語。,Process,税務
6352,消費者コンフィデンス,,消費者コンフィデンスに関連する業務用語。,Concept,共通
6353,消費者信頼感指数,,消費者信頼感指数に関連する業務用語。,Concept,共通
6354,消費者信頼感指数（米国）,,消費者信頼感指数（米国）に関連する業務用語。,Concept,共通
6355,消費者態度指数,,消費者態度指数に関連する業務用語。,Concept,共通
6356,消費者物価基準改定,,消費者物価基準改定に関連する業務用語。,Concept,共通
6357,消費者物価指数,,消費者物価指数に関連する業務用語。,Concept,共通
6358,消費者物価指数（米国）,,消費者物価指数（米国）に関連する業務用語。,Concept,共通
6359,消費者金融,,消費者金融に関連する業務用語。,Concept,共通
6360,消費財,,消費財に関連する業務用語。,Concept,共通
6361,消費関連株,,消費関連株に関連する業務用語。,Concept,共通
6362,液化天然ガス,Liquefied Natural Gas (LNG),液化天然ガスに関連する業務用語。,Concept,共通
6363,深センA株,,深センA株に関連する業務用語。,Concept,共通
6364,深センB株,,深センB株に関連する業務用語。,Concept,共通
6365,深セン証券取引所,,深セン証券取引所に関連する業務用語。,Concept,投資
6366,深センＢ株,,深センＢ株に関連する業務用語。,Concept,共通
6367,混合戦略,,混合戦略に関連する業務用語。,Concept,共通
6368,混合所得,,混合所得に関連する業務用語。,Concept,共通
6369,混蔵保管,,混蔵保管に関連する業務用語。,Concept,共通
6370,清算,,清算に関連する業務用語。,Concept,共通
6371,清算価値,,清算価値に関連する業務用語。,Concept,共通
6372,清算価格,,清算価格に関連する業務用語。,Concept,共通
6373,清算値段,,清算値段に関連する業務用語。,Concept,共通
6374,清算機関,,清算機関に関連する業務用語。,Concept,共通
6375,清算貸借対照表,,清算貸借対照表に関連する業務用語。,Document,会計
6376,減価償却,,減価償却に関連する業務用語。,Document,会計
6377,減価償却方法,Depreciation Method,減価償却方法に関連する業務用語。,Document,会計
6378,減価償却累計額,,減価償却累計額に関連する業務用語。,Document,会計
6379,減価償却費,Depreciation and Amortization,有形固定資産の取得原価を耐用年数にわたって費用配分した金額。,Document,会計
6380,減債基金係数,,減債基金係数に関連する業務用語。,Concept,共通
6381,減収,,減収に関連する業務用語。,Concept,共通
6382,減収増益,"Revenue Decline, Profit Growth",減収増益に関連する業務用語。,Concept,財務分析
6383,減収減益,Revenue and Profit Decline,減収減益に関連する業務用語。,Concept,財務分析
6384,減損,,減損に関連する業務用語。,Concept,共通
6385,減損の兆候,,減損の兆候に関連する業務用語。,Concept,共通
6386,減損会計,,減損会計に関連する業務用語。,Document,会計
6387,減損処理,,減損処理に関連する業務用語。,Concept,共通
6388,減損損失,Impairment Loss,減損損失に関連する業務用語。,Metric,会計
6389,減損損失の測定,,減損損失の測定に関連する業務用語。,Metric,会計
6390,減損損失の認識,,減損損失の認識に関連する業務用語。,Metric,会計
6391,減益,,減益に関連する業務用語。,Concept,共通
6392,減耗,,減耗に関連する業務用語。,Concept,共通
6393,減資,,減資に関連する業務用語。,Concept,共通
6394,減資差益,,減資差益に関連する業務用語。,Concept,共通
6395,減配,,減配に関連する業務用語。,Concept,財務分析
6396,減額修正,,減額修正に関連する業務用語。,Concept,共通
6397,温室効果ガス排出量,Greenhouse Gas Emissions,温室効果ガス排出量に関連する業務用語。,Concept,ESG
6398,満了日,,満了日に関連する業務用語。,Concept,共通
6399,満期,,満期に関連する業務用語。,Concept,共通
6400,満期一括償還,,満期一括償還に関連する業務用語。,Concept,共通
6401,満期保有債券,,満期保有債券に関連する業務用語。,Concept,投資
6402,満期保険金,,満期保険金に関連する業務用語。,Concept,共通
6403,満期償還,,満期償還に関連する業務用語。,Concept,共通
6404,満期時一括課税,,満期時一括課税に関連する業務用語。,Concept,共通
6405,源泉分離課税,,源泉分離課税に関連する業務用語。,Concept,共通
6406,源泉徴収,,源泉徴収に関連する業務用語。,Process,税務
6407,源泉徴収制度,,源泉徴収制度に関連する業務用語。,Process,税務
6408,源泉徴収票,,源泉徴収票に関連する業務用語。,Process,税務
6409,源泉徴収税額,,源泉徴収税額に関連する業務用語。,Process,税務
6410,源泉所得税,,源泉所得税に関連する業務用語。,Process,税務
6411,準備調査,,準備調査に関連する業務用語。,Concept,共通
6412,準備預金制度,,準備預金制度に関連する業務用語。,Concept,共通
6413,準変動費,,準変動費に関連する業務用語。,Metric,会計
6414,準大手証券,,準大手証券に関連する業務用語。,Concept,投資
6415,準拠的パワー,,準拠的パワーに関連する業務用語。,Concept,共通
6416,準確定申告,,準確定申告に関連する業務用語。,Concept,共通
6417,準通貨,,準通貨に関連する業務用語。,Concept,投資
6418,滞留債権,,滞留債権に関連する業務用語。,Concept,共通
6419,滞留在庫,,滞留在庫に関連する業務用語。,Concept,調達
6420,滞留買掛金,,滞留買掛金に関連する業務用語。,Concept,調達
6421,滞納処分,,滞納処分に関連する業務用語。,Concept,共通
6422,漁師は潮をみる,,漁師は潮をみるに関連する業務用語。,Concept,共通
6423,漁業,Fishery,漁業に関連する業務用語。,Concept,共通
6424,演繹法,,演繹法に関連する業務用語。,Concept,共通
6425,潜在GDP,,潜在GDPに関連する業務用語。,Concept,共通
6426,潜在成長率,,潜在成長率に関連する業務用語。,Concept,共通
6427,潜在株式,,潜在株式に関連する業務用語。,Concept,財務分析
6428,潜在ＧＤＰ,,潜在ＧＤＰに関連する業務用語。,Concept,共通
6429,瀬戸際戦術,,瀬戸際戦術に関連する業務用語。,Concept,共通
6430,灰色のサイ,,灰色のサイに関連する業務用語。,Concept,共通
6431,災害死亡給付金,,災害死亡給付金に関連する業務用語。,Concept,共通
6432,災害減免法,,災害減免法に関連する業務用語。,Concept,共通
6433,災害減免額,,災害減免額に関連する業務用語。,Concept,共通
6434,炭素税,Carbon Tax,炭素税に関連する業務用語。,Concept,共通
6435,点心債,,点心債に関連する業務用語。,Concept,共通
6436,為替,,為替に関連する業務用語。,Concept,投資
6437,為替の売買,,為替の売買に関連する業務用語。,Concept,投資
6438,為替の経常的取引,,為替の経常的取引に関連する業務用語。,Concept,投資
6439,為替オーバーレイ,,為替オーバーレイに関連する業務用語。,Concept,投資
6440,為替ダンピング,,為替ダンピングに関連する業務用語。,Concept,投資
6441,為替ヘッジ,,為替ヘッジに関連する業務用語。,Concept,投資
6442,為替ヘッジコスト,,為替ヘッジコストに関連する業務用語。,Concept,投資
6443,為替ヘッジプレミアム,,為替ヘッジプレミアムに関連する業務用語。,Concept,投資
6444,為替ヘッジ指数,,為替ヘッジ指数に関連する業務用語。,Concept,投資
6445,為替マリーリーズ・アンド・ラグズ,,為替マリーリーズ・アンド・ラグズに関連する業務用語。,Concept,投資
6446,為替リスク,Foreign Exchange Risk,為替リスクに関連する業務用語。,Concept,投資
6447,為替レート,,為替レートに関連する業務用語。,Concept,投資
6448,為替予約,,為替予約に関連する業務用語。,Concept,投資
6449,為替予約取引,,為替予約取引に関連する業務用語。,Concept,投資
6450,為替介入,,為替介入に関連する業務用語。,Concept,投資
6451,為替報告書,,為替報告書に関連する業務用語。,Concept,投資
6452,為替差損,,為替差損に関連する業務用語。,Concept,投資
6453,為替差損益,Foreign Exchange Gain/Loss,為替差損益に関連する業務用語。,Document,会計
6454,為替差益,,為替差益に関連する業務用語。,Concept,投資
6455,為替差額,,為替差額に関連する業務用語。,Concept,投資
6456,為替感応度,,為替感応度に関連する業務用語。,Concept,投資
6457,為替手形,,為替手形に関連する業務用語。,Concept,投資
6458,為替換算調整勘定,Foreign Currency Translation Adjustments,為替換算調整勘定に関連する業務用語。,Document,会計
6459,為替操作国,,為替操作国に関連する業務用語。,Concept,投資
6460,為替相場が企業業績に与える影響,,為替相場が企業業績に与える影響に関連する業務用語。,Concept,投資
6461,為替相場が経済へ与える影響,,為替相場が経済へ与える影響に関連する業務用語。,Concept,投資
6462,無リスク資産,,無リスク資産に関連する業務用語。,Concept,会計
6463,無作為抽出法,,無作為抽出法に関連する業務用語。,Concept,共通
6464,無償割当て,,無償割当てに関連する業務用語。,Concept,共通
6465,無償増資,,無償増資に関連する業務用語。,Concept,共通
6466,無償減資,,無償減資に関連する業務用語。,Concept,共通
6467,無形固定資産,Intangible Assets,無形固定資産に関連する業務用語。,Concept,会計
6468,無担保コール,,無担保コールに関連する業務用語。,Concept,共通
6469,無担保コール市場,,無担保コール市場に関連する業務用語。,Concept,共通
6470,無担保コール翌日物,,無担保コール翌日物に関連する業務用語。,Concept,共通
6471,無担保債,,無担保債に関連する業務用語。,Concept,共通
6472,無担保社債,,無担保社債に関連する業務用語。,Concept,投資
6473,無申告加算税,,無申告加算税に関連する業務用語。,Concept,共通
6474,無議決権株式,,無議決権株式に関連する業務用語。,Concept,財務分析
6475,無配,,無配に関連する業務用語。,Concept,財務分析
6476,無配転落銘柄,,無配転落銘柄に関連する業務用語。,Concept,財務分析
6477,無関連原価,,無関連原価に関連する業務用語。,Metric,会計
6478,無額面株式,,無額面株式に関連する業務用語。,Concept,財務分析
6479,焦土作戦,,焦土作戦に関連する業務用語。,Concept,共通
6480,熟慮期間,,熟慮期間に関連する業務用語。,Concept,共通
6481,片端入れ,,片端入れに関連する業務用語。,Concept,共通
6482,物上担保付社債,,物上担保付社債に関連する業務用語。,Concept,投資
6483,物上担保債,,物上担保債に関連する業務用語。,Concept,共通
6484,物価,,物価に関連する業務用語。,Concept,共通
6485,物価スライド,,物価スライドに関連する業務用語。,Concept,共通
6486,物価指数,,物価指数に関連する業務用語。,Concept,共通
6487,物価連動債,,物価連動債に関連する業務用語。,Concept,共通
6488,物価連動国債,,物価連動国債に関連する業務用語。,Concept,投資
6489,物品税,,物品税に関連する業務用語。,Concept,共通
6490,物流センター,Distribution Center,物流センターに関連する業務用語。,Concept,調達
6491,物理世界のUIメタファー,,物理世界のUIメタファーに関連する業務用語。,Concept,共通
6492,物理的リスク,Physical Risk,物理的リスクに関連する業務用語。,Concept,共通
6493,物的証券,,物的証券に関連する業務用語。,Concept,投資
6494,物納,,物納に関連する業務用語。,Concept,共通
6495,物色買い,,物色買いに関連する業務用語。,Concept,共通
6496,物質的減価,,物質的減価に関連する業務用語。,Concept,共通
6497,特例公債法案,,特例公債法案に関連する業務用語。,Concept,共通
6498,特例国債,,特例国債に関連する業務用語。,Concept,投資
6499,特例的評価方式,,特例的評価方式に関連する業務用語。,Process,人事
6500,特例社団法人,,特例社団法人に関連する業務用語。,Entity,共通
6501,特別マル優,,特別マル優に関連する業務用語。,Concept,共通
6502,特別会計,,特別会計に関連する業務用語。,Document,会計
6503,特別債,,特別債に関連する業務用語。,Concept,共通
6504,特別償却,,特別償却に関連する業務用語。,Metric,会計
6505,特別分配金,,特別分配金に関連する業務用語。,Concept,共通
6506,特別利益,Extraordinary Income,特別利益に関連する業務用語。,Metric,会計
6507,特別勘定,,特別勘定に関連する業務用語。,Document,会計
6508,特別受益,,特別受益に関連する業務用語。,Concept,共通
6509,特別受益者,,特別受益者に関連する業務用語。,Concept,共通
6510,特別口座,,特別口座に関連する業務用語。,Concept,共通
6511,特別国会,,特別国会に関連する業務用語。,Concept,共通
6512,特別売り気配,,特別売り気配に関連する業務用語。,Concept,共通
6513,特別失踪,,特別失踪に関連する業務用語。,Concept,共通
6514,特別寄与料制度,,特別寄与料制度に関連する業務用語。,Concept,共通
6515,特別引き出し権,,特別引き出し権に関連する業務用語。,Concept,共通
6516,特別損失,Extraordinary Loss,特別損失に関連する業務用語。,Metric,会計
6517,特別損益,,特別損益に関連する業務用語。,Document,会計
6518,特別支配株主,,特別支配株主に関連する業務用語。,Concept,財務分析
6519,特別方式遺言,,特別方式遺言に関連する業務用語。,Concept,共通
6520,特別気配,,特別気配に関連する業務用語。,Concept,共通
6521,特別決議,,特別決議に関連する業務用語。,Concept,共通
6522,特別法人税,,特別法人税に関連する業務用語。,Entity,共通
6523,特別清算指数,,特別清算指数に関連する業務用語。,Concept,共通
6524,特別目的会社,,特別目的会社に関連する業務用語。,Entity,共通
6525,特別縁故者,,特別縁故者に関連する業務用語。,Concept,共通
6526,特別買い気配,,特別買い気配に関連する業務用語。,Concept,共通
6527,特別配当,Special Dividend,特別配当に関連する業務用語。,Concept,財務分析
6528,特別障害者控除,,特別障害者控除に関連する業務用語。,Concept,共通
6529,特化型事業,,特化型事業に関連する業務用語。,Concept,共通
6530,特定受遺者,,特定受遺者に関連する業務用語。,Concept,共通
6531,特定口座,,特定口座に関連する業務用語。,Concept,共通
6532,特定投資家,,特定投資家に関連する業務用語。,Concept,共通
6533,特定投資家制度,,特定投資家制度に関連する業務用語。,Concept,共通
6534,特定投資家向け銘柄制度,,特定投資家向け銘柄制度に関連する業務用語。,Concept,共通
6535,特定期間,,特定期間に関連する業務用語。,Concept,共通
6536,特定株,,特定株に関連する業務用語。,Concept,共通
6537,特定株比率,,特定株比率に関連する業務用語。,Concept,共通
6538,特定社債,,特定社債に関連する業務用語。,Concept,投資
6539,特定空家,,特定空家に関連する業務用語。,Concept,共通
6540,特定管理口座,,特定管理口座に関連する業務用語。,Concept,共通
6541,特定遺贈,,特定遺贈に関連する業務用語。,Concept,共通
6542,特定金銭信託,,特定金銭信託に関連する業務用語。,Concept,共通
6543,特性理論,,特性理論に関連する業務用語。,Concept,共通
6544,特殊債,,特殊債に関連する業務用語。,Concept,共通
6545,特殊法人,,特殊法人に関連する業務用語。,Entity,共通
6546,特法税,,特法税に関連する業務用語。,Concept,共通
6547,特約,,特約に関連する業務用語。,Concept,共通
6548,特約店制度,,特約店制度に関連する業務用語。,Concept,共通
6549,特記事項,,特記事項に関連する業務用語。,Concept,共通
6550,特設注意市場銘柄,,特設注意市場銘柄に関連する業務用語。,Concept,共通
6551,特許,Patent,特許に関連する業務用語。,Concept,共通
6552,特許実施許諾料,,特許実施許諾料に関連する業務用語。,Concept,共通
6553,特許権,Patent Rights,特許権に関連する業務用語。,Concept,共通
6554,特許権者,,特許権者に関連する業務用語。,Concept,共通
6555,特金,,特金に関連する業務用語。,Concept,共通
6556,犯罪収益移転防止法,,犯罪収益移転防止法に関連する業務用語。,Concept,共通
6557,状況に適応したリーダーシップ,,状況に適応したリーダーシップに関連する業務用語。,Process,人事
6558,状況応変型リーダーシップ,,状況応変型リーダーシップに関連する業務用語。,Process,人事
6559,状況適合(コンティンジェンシー)理論,,状況適合(コンティンジェンシー)理論に関連する業務用語。,Concept,共通
6560,独占禁止法,Antitrust Law / Competition Law,独占禁止法に関連する業務用語。,Concept,共通
6561,独歩安,,独歩安に関連する業務用語。,Concept,共通
6562,独歩高,,独歩高に関連する業務用語。,Concept,共通
6563,独立企業間価格,,独立企業間価格に関連する業務用語。,Entity,共通
6564,独立委員会,,独立委員会に関連する業務用語。,Entity,ガバナンス
6565,独立採算制,,独立採算制に関連する業務用語。,Concept,共通
6566,独立採算制度,,独立採算制度に関連する業務用語。,Concept,共通
6567,独立社外取締役,Independent Outside Director,独立社外取締役に関連する業務用語。,Entity,ガバナンス
6568,独立行政法人,,独立行政法人に関連する業務用語。,Entity,共通
6569,猶予期間,,猶予期間に関連する業務用語。,Concept,共通
6570,玄人筋,,玄人筋に関連する業務用語。,Concept,共通
6571,玉ほぐれ,,玉ほぐれに関連する業務用語。,Concept,共通
6572,玉整理,,玉整理に関連する業務用語。,Concept,共通
6573,現代貨幣理論,,現代貨幣理論に関連する業務用語。,Concept,共通
6574,現代金融理論,,現代金融理論に関連する業務用語。,Concept,共通
6575,現価係数,,現価係数に関連する業務用語。,Concept,共通
6576,現先レート,,現先レートに関連する業務用語。,Concept,共通
6577,現先取引,,現先取引に関連する業務用語。,Concept,共通
6578,現在価値,,現在価値に関連する業務用語。,Concept,共通
6579,現在値,,現在値に関連する業務用語。,Concept,共通
6580,現実買い,,現実買いに関連する業務用語。,Concept,共通
6581,現引,,現引に関連する業務用語。,Concept,共通
6582,現引き,,現引きに関連する業務用語。,Concept,共通
6583,現提,,現提に関連する業務用語。,Concept,共通
6584,現況調査,,現況調査に関連する業務用語。,Concept,共通
6585,現渡し,,現渡しに関連する業務用語。,Concept,共通
6586,現物,,現物に関連する業務用語。,Concept,共通
6587,現物出資,,現物出資に関連する業務用語。,Concept,共通
6588,現物分割,,現物分割に関連する業務用語。,Concept,共通
6589,現物取引,,現物取引に関連する業務用語。,Concept,共通
6590,現物給与,,現物給与に関連する業務用語。,Process,人事
6591,現金,,現金に関連する業務用語。,Concept,共通
6592,現金出納帳,,現金出納帳に関連する業務用語。,Concept,共通
6593,現金及び現金同等物,Cash and Cash Equivalents,現金及び現金同等物に関連する業務用語。,Metric,会計
6594,現金収支,,現金収支に関連する業務用語。,Concept,共通
6595,現金同等物,,現金同等物に関連する業務用語。,Concept,共通
6596,現金担保,,現金担保に関連する業務用語。,Concept,共通
6597,現金担保付債券貸借取引,,現金担保付債券貸借取引に関連する業務用語。,Document,会計
6598,現金授受予定額,,現金授受予定額に関連する業務用語。,Concept,共通
6599,現金過不足,,現金過不足に関連する業務用語。,Concept,共通
6600,現金過不足勘定,,現金過不足勘定に関連する業務用語。,Document,会計
6601,現金預金比率,,現金預金比率に関連する業務用語。,Concept,共通
6602,現預金比率,,現預金比率に関連する業務用語。,Concept,共通
6603,理想買い,,理想買いに関連する業務用語。,Concept,共通
6604,理論ベーシス,,理論ベーシスに関連する業務用語。,Concept,共通
6605,理論価格,,理論価格に関連する業務用語。,Concept,共通
6606,理財商品,,理財商品に関連する業務用語。,Concept,共通
6607,環境会計,,環境会計に関連する業務用語。,Document,会計
6608,環境債,,環境債に関連する業務用語。,Concept,共通
6609,環境分析,,環境分析に関連する業務用語。,Concept,共通
6610,環境経営,,環境経営に関連する業務用語。,Concept,共通
6611,環境配慮融資,,環境配慮融資に関連する業務用語。,Process,金融
6612,環太平洋パートナーシップ協定,,環太平洋パートナーシップ協定に関連する業務用語。,Entity,人事
6613,環太平洋連携協定,,環太平洋連携協定に関連する業務用語。,Concept,共通
6614,甘い,,甘いに関連する業務用語。,Concept,共通
6615,生まれ値,,生まれ値に関連する業務用語。,Concept,共通
6616,生体認証,,生体認証に関連する業務用語。,Concept,共通
6617,生前贈与,,生前贈与に関連する業務用語。,Concept,共通
6618,生命保険料控除,,生命保険料控除に関連する業務用語。,Concept,共通
6619,生存バイアス,,生存バイアスに関連する業務用語。,Concept,共通
6620,生物多様性,Biodiversity,生物多様性に関連する業務用語。,Concept,ESG
6621,生産,Production,生産に関連する業務用語。,Process,製造
6622,生産力分析,,生産力分析に関連する業務用語。,Process,製造
6623,生産者物価指数,,生産者物価指数に関連する業務用語。,Process,製造
6624,生産財,,生産財に関連する業務用語。,Process,製造
6625,生産高比例法,,生産高比例法に関連する業務用語。,Process,製造
6626,産業シクリカル,,産業シクリカルに関連する業務用語。,Concept,共通
6627,産業再生機構,,産業再生機構に関連する業務用語。,Concept,共通
6628,産業再生法,,産業再生法に関連する業務用語。,Concept,共通
6629,産業連関表,,産業連関表に関連する業務用語。,Concept,共通
6630,産油国会合,,産油国会合に関連する業務用語。,Concept,共通
6631,用役,,用役に関連する業務用語。,Concept,共通
6632,用途区分,,用途区分に関連する業務用語。,Concept,共通
6633,申告不要制度,,申告不要制度に関連する業務用語。,Concept,共通
6634,申告分離課税,,申告分離課税に関連する業務用語。,Concept,共通
6635,申告是認,,申告是認に関連する業務用語。,Concept,共通
6636,申告書Ａ,,申告書Ａに関連する業務用語。,Concept,共通
6637,申告書Ｂ,,申告書Ｂに関連する業務用語。,Concept,共通
6638,申告期限,,申告期限に関連する業務用語。,Concept,共通
6639,申告納税制度,,申告納税制度に関連する業務用語。,Concept,共通
6640,申告納税額,,申告納税額に関連する業務用語。,Concept,共通
6641,申告調整,,申告調整に関連する業務用語。,Concept,共通
6642,申込単位,,申込単位に関連する業務用語。,Concept,共通
6643,申込手数料,,申込手数料に関連する業務用語。,Concept,共通
6644,申酉騒ぐ,,申酉騒ぐに関連する業務用語。,Concept,共通
6645,男女の争い,,男女の争いに関連する業務用語。,Concept,共通
6646,男女賃金格差,Gender Pay Gap,男女賃金格差に関連する業務用語。,Concept,共通
6647,画像認識,,画像認識に関連する業務用語。,Concept,共通
6648,留保,,留保に関連する業務用語。,Concept,共通
6649,留保価値,,留保価値に関連する業務用語。,Concept,共通
6650,留置権,,留置権に関連する業務用語。,Concept,共通
6651,異常減損,,異常減損に関連する業務用語。,Concept,共通
6652,異彩安,,異彩安に関連する業務用語。,Concept,共通
6653,異彩高,,異彩高に関連する業務用語。,Concept,共通
6654,異次元緩和,,異次元緩和に関連する業務用語。,Concept,共通
6655,異議申立て,,異議申立てに関連する業務用語。,Concept,共通
6656,発散と収束,,発散と収束に関連する業務用語。,Concept,共通
6657,発注点,,発注点に関連する業務用語。,Concept,調達
6658,発生主義の原則,,発生主義の原則に関連する業務用語。,Document,会計
6659,発行体,,発行体に関連する業務用語。,Concept,共通
6660,発行体格付け,,発行体格付けに関連する業務用語。,Concept,共通
6661,発行価格,,発行価格に関連する業務用語。,Concept,共通
6662,発行価額,,発行価額に関連する業務用語。,Concept,共通
6663,発行市場,,発行市場に関連する業務用語。,Concept,共通
6664,発行日取引,,発行日取引に関連する業務用語。,Concept,共通
6665,発行日決済取引,,発行日決済取引に関連する業務用語。,Concept,共通
6666,発行済み株式数,,発行済み株式数に関連する業務用語。,Concept,財務分析
6667,発行済株式,,発行済株式に関連する業務用語。,Concept,財務分析
6668,発行済株式総数,Total Number of Issued Shares,発行済株式総数に関連する業務用語。,Concept,財務分析
6669,発行登録制度,,発行登録制度に関連する業務用語。,Concept,共通
6670,発起人,,発起人に関連する業務用語。,Concept,共通
6671,発送基準,,発送基準に関連する業務用語。,Concept,共通
6672,発送費,,発送費に関連する業務用語。,Concept,共通
6673,登記,,登記に関連する業務用語。,Concept,共通
6674,登録債,,登録債に関連する業務用語。,Concept,共通
6675,登録免許税,,登録免許税に関連する業務用語。,Concept,共通
6676,登録投資顧問業者,,登録投資顧問業者に関連する業務用語。,Concept,共通
6677,登録金融機関,,登録金融機関に関連する業務用語。,Entity,金融
6678,白色申告,,白色申告に関連する業務用語。,Concept,共通
6679,白馬の従者,,白馬の従者に関連する業務用語。,Concept,共通
6680,白馬の騎士,,白馬の騎士に関連する業務用語。,Concept,共通
6681,益出し,,益出しに関連する業務用語。,Concept,共通
6682,益利回り,,益利回りに関連する業務用語。,Concept,共通
6683,益金,,益金に関連する業務用語。,Concept,共通
6684,益金不算入制度,,益金不算入制度に関連する業務用語。,Concept,共通
6685,監査,,監査に関連する業務用語。,Process,会計
6686,監査報告書,,監査報告書に関連する業務用語。,Process,会計
6687,監査報酬,,監査報酬に関連する業務用語。,Process,会計
6688,監査役,,監査役に関連する業務用語。,Process,会計
6689,監査役会,Board of Auditors,監査役会に関連する業務用語。,Process,会計
6690,監査役会設置会社,,監査役会設置会社に関連する業務用語。,Process,会計
6691,監査役設置会社,Company with Board of Auditors,監査役設置会社に関連する業務用語。,Process,会計
6692,監査意見,Audit Opinion,監査意見に関連する業務用語。,Process,会計
6693,監査法人,,監査法人に関連する業務用語。,Process,会計
6694,監査等委員会設置会社,Company with Audit and Supervisory Committee,監査等委員会設置会社に関連する業務用語。,Process,会計
6695,監査証明,,監査証明に関連する業務用語。,Process,会計
6696,監査費用,,監査費用に関連する業務用語。,Metric,会計
6697,監理ポスト,,監理ポストに関連する業務用語。,Concept,共通
6698,監理銘柄,,監理銘柄に関連する業務用語。,Concept,共通
6699,監督是正権,,監督是正権に関連する業務用語。,Concept,共通
6700,目先,,目先に関連する業務用語。,Concept,共通
6701,目先筋,,目先筋に関連する業務用語。,Concept,共通
6702,目先観,,目先観に関連する業務用語。,Concept,共通
6703,目標利益,,目標利益に関連する業務用語。,Concept,経営戦略
6704,目標株価,Target Price,目標株価に関連する業務用語。,Concept,財務分析
6705,目標管理,,目標管理に関連する業務用語。,Concept,経営戦略
6706,目的別教育,,目的別教育に関連する業務用語。,Concept,共通
6707,目論見書,,目論見書に関連する業務用語。,Concept,共通
6708,目論見書補完書面,,目論見書補完書面に関連する業務用語。,Concept,共通
6709,直先,,直先に関連する業務用語。,Concept,共通
6710,直利,,直利に関連する業務用語。,Concept,共通
6711,直接償却,,直接償却に関連する業務用語。,Metric,会計
6712,直接利回り,,直接利回りに関連する業務用語。,Concept,共通
6713,直接労務費,,直接労務費に関連する業務用語。,Concept,共通
6714,直接原価計算,,直接原価計算に関連する業務用語。,Metric,会計
6715,直接支配,,直接支配に関連する業務用語。,Concept,共通
6716,直接材料費,,直接材料費に関連する業務用語。,Concept,共通
6717,直接法,,直接法に関連する業務用語。,Concept,共通
6718,直接税,,直接税に関連する業務用語。,Concept,共通
6719,直接経費,,直接経費に関連する業務用語。,Concept,共通
6720,直接費,,直接費に関連する業務用語。,Concept,共通
6721,直接賦課,,直接賦課に関連する業務用語。,Concept,共通
6722,直接金融,,直接金融に関連する業務用語。,Concept,共通
6723,直接預託,,直接預託に関連する業務用語。,Concept,共通
6724,直物取引,,直物取引に関連する業務用語。,Concept,共通
6725,直系,,直系に関連する業務用語。,Concept,共通
6726,直系卑属,,直系卑属に関連する業務用語。,Concept,共通
6727,直系尊属,,直系尊属に関連する業務用語。,Concept,共通
6728,直課,,直課に関連する業務用語。,Concept,共通
6729,直近効果,,直近効果に関連する業務用語。,Concept,共通
6730,直面する課題,Challenges Ahead,直面する課題に関連する業務用語。,Concept,共通
6731,相場つき,,相場つきに関連する業務用語。,Concept,共通
6732,相場につく,,相場につくに関連する業務用語。,Concept,共通
6733,相場に過去はない,,相場に過去はないに関連する業務用語。,Concept,共通
6734,相場のことは相場にきけ,,相場のことは相場にきけに関連する業務用語。,Concept,共通
6735,相場の器用貧乏,,相場の器用貧乏に関連する業務用語。,Concept,共通
6736,相場は明日もある,,相場は明日もあるに関連する業務用語。,Concept,共通
6737,相場師は孤独を愛す,,相場師は孤独を愛すに関連する業務用語。,Concept,共通
6738,相場操縦,,相場操縦に関連する業務用語。,Concept,共通
6739,相場観,,相場観に関連する業務用語。,Concept,共通
6740,相対パフォーマンス,,相対パフォーマンスに関連する業務用語。,Concept,共通
6741,相対力指数,,相対力指数に関連する業務用語。,Concept,共通
6742,相対取引,,相対取引に関連する業務用語。,Concept,共通
6743,相対売買,,相対売買に関連する業務用語。,Concept,共通
6744,相続,,相続に関連する業務用語。,Concept,共通
6745,相続人,,相続人に関連する業務用語。,Concept,共通
6746,相続回復請求権,,相続回復請求権に関連する業務用語。,Concept,共通
6747,相続放棄,,相続放棄に関連する業務用語。,Concept,共通
6748,相続時精算課税,,相続時精算課税に関連する業務用語。,Concept,共通
6749,相続欠格,,相続欠格に関連する業務用語。,Concept,共通
6750,相続税,,相続税に関連する業務用語。,Concept,共通
6751,相続税の基礎控除,,相続税の基礎控除に関連する業務用語。,Concept,共通
6752,相続税の未成年者控除,,相続税の未成年者控除に関連する業務用語。,Concept,共通
6753,相続税の障害者控除,,相続税の障害者控除に関連する業務用語。,Concept,共通
6754,相続開始,,相続開始に関連する業務用語。,Concept,共通
6755,相関係数,,相関係数に関連する業務用語。,Concept,投資
6756,真実性の原則,,真実性の原則に関連する業務用語。,Concept,共通
6757,真正価値,,真正価値に関連する業務用語。,Concept,共通
6758,真正相続人,,真正相続人に関連する業務用語。,Concept,共通
6759,真水,,真水に関連する業務用語。,Concept,共通
6760,眠られぬ株は持つな,,眠られぬ株は持つなに関連する業務用語。,Concept,共通
6761,着地レート,,着地レートに関連する業務用語。,Concept,共通
6762,着地取引,,着地取引に関連する業務用語。,Concept,共通
6763,睡眠預金,,睡眠預金に関連する業務用語。,Concept,共通
6764,知的財産,Intellectual Property,知的財産に関連する業務用語。,Concept,共通
6765,知的財産戦略,Intellectual Property Strategy,知的財産戦略に関連する業務用語。,Concept,共通
6766,知的財産権,,知的財産権に関連する業務用語。,Concept,共通
6767,知覚価値価格設定,,知覚価値価格設定に関連する業務用語。,Concept,共通
6768,知覚品質,,知覚品質に関連する業務用語。,Concept,共通
6769,短プラ,,短プラに関連する業務用語。,Concept,共通
6770,短期インセンティブ,,短期インセンティブに関連する業務用語。,Concept,共通
6771,短期プライムレート,,短期プライムレートに関連する業務用語。,Concept,共通
6772,短期借入金,Short-term Loans Payable,短期借入金に関連する業務用語。,Process,金融
6773,短期債格付け,,短期債格付けに関連する業務用語。,Concept,共通
6774,短期公社債投資信託,,短期公社債投資信託に関連する業務用語。,Concept,投資
6775,短期国債,,短期国債に関連する業務用語。,Concept,投資
6776,短期貸付金,,短期貸付金に関連する業務用語。,Concept,共通
6777,短期金利,,短期金利に関連する業務用語。,Concept,共通
6778,短期金融市場,,短期金融市場に関連する業務用語。,Concept,共通
6779,短期金融資産,,短期金融資産に関連する業務用語。,Concept,会計
6780,短資会社,,短資会社に関連する業務用語。,Entity,共通
6781,石油・天然ガス開発,Oil and Gas Exploration and Production,石油・天然ガス開発に関連する業務用語。,Concept,共通
6782,石油換算バレル,Barrels of Oil Equivalent (BOE),石油換算バレルに関連する業務用語。,Concept,共通
6783,石油輸出国機構,,石油輸出国機構に関連する業務用語。,Concept,共通
6784,研修,Training,研修に関連する業務用語。,Process,人事
6785,研究開発,Research and Development (R&D),研究開発に関連する業務用語。,Concept,共通
6786,研究開発戦略,R&D Strategy,研究開発戦略に関連する業務用語。,Concept,共通
6787,研究開発活動,Research and Development Activities,研究開発活動に関連する業務用語。,Concept,共通
6788,研究開発費,Research and Development Expenses,研究開発費に関連する業務用語。,Metric,会計
6789,破産,,破産に関連する業務用語。,Concept,共通
6790,破産更生債権,,破産更生債権に関連する業務用語。,Concept,共通
6791,破産更生債権等,,破産更生債権等に関連する業務用語。,Concept,共通
6792,破産確率,,破産確率に関連する業務用語。,Concept,共通
6793,破産管財人,,破産管財人に関連する業務用語。,Concept,共通
6794,確定利付き証券,,確定利付き証券に関連する業務用語。,Concept,投資
6795,確定利付債,,確定利付債に関連する業務用語。,Concept,共通
6796,確定年金,,確定年金に関連する業務用語。,Process,人事
6797,確定拠出型年金,,確定拠出型年金に関連する業務用語。,Process,人事
6798,確定拠出年金,Defined Contribution Pension Plan,確定拠出年金に関連する業務用語。,Process,人事
6799,確定決算主義,,確定決算主義に関連する業務用語。,Document,会計
6800,確定申告,,確定申告に関連する業務用語。,Concept,共通
6801,確定申告書,,確定申告書に関連する業務用語。,Concept,共通
6802,確定給付企業年金,,確定給付企業年金に関連する業務用語。,Process,人事
6803,確定給付型年金,,確定給付型年金に関連する業務用語。,Process,人事
6804,確定給付年金,Defined Benefit Pension Plan,確定給付年金に関連する業務用語。,Process,人事
6805,確証バイアス,,確証バイアスに関連する業務用語。,Concept,共通
6806,確認埋蔵量,Proved Reserves,確認埋蔵量に関連する業務用語。,Concept,共通
6807,確認書,,確認書に関連する業務用語。,Concept,共通
6808,社会保険労務士,,社会保険労務士に関連する業務用語。,Process,人事
6809,社会保険料控除,,社会保険料控除に関連する業務用語。,Process,人事
6810,社会保険方式,,社会保険方式に関連する業務用語。,Process,人事
6811,社会保障審議会企業年金部会,,社会保障審議会企業年金部会に関連する業務用語。,Process,人事
6812,社会的排除,,社会的排除に関連する業務用語。,Concept,共通
6813,社会的証明,,社会的証明に関連する業務用語。,Concept,共通
6814,社会的責任投資,,社会的責任投資に関連する業務用語。,Concept,共通
6815,社会的責任調達,Responsible Procurement,社会的責任調達に関連する業務用語。,Concept,調達
6816,社会起業家,,社会起業家に関連する業務用語。,Concept,共通
6817,社債担保証券,,社債担保証券に関連する業務用語。,Concept,投資
6818,社債管理者,,社債管理者に関連する業務用語。,Concept,投資
6819,社債間限定同順位特約,,社債間限定同順位特約に関連する業務用語。,Concept,投資
6820,社内ベンチャー,,社内ベンチャーに関連する業務用語。,Concept,共通
6821,社内勘定,,社内勘定に関連する業務用語。,Document,会計
6822,社内振替価格,,社内振替価格に関連する業務用語。,Concept,共通
6823,社内移転価格,,社内移転価格に関連する業務用語。,Process,税務
6824,社内資本金制度,,社内資本金制度に関連する業務用語。,Concept,会計
6825,社内金利,,社内金利に関連する業務用語。,Concept,共通
6826,社内金利制度,,社内金利制度に関連する業務用語。,Concept,共通
6827,社外流出,,社外流出に関連する業務用語。,Concept,共通
6828,社外監査役,Outside Auditor,社外監査役に関連する業務用語。,Process,会計
6829,神武景気,,神武景気に関連する業務用語。,Concept,共通
6830,神経質,,神経質に関連する業務用語。,Concept,共通
6831,祭祀財産,,祭祀財産に関連する業務用語。,Concept,共通
6832,福利厚生費,,福利厚生費に関連する業務用語。,Concept,共通
6833,福岡証券取引所,,福岡証券取引所に関連する業務用語。,Concept,投資
6834,私募,,私募に関連する業務用語。,Concept,共通
6835,私募投信,,私募投信に関連する業務用語。,Concept,共通
6836,私募投資信託,,私募投資信託に関連する業務用語。,Metric,投資
6837,私的整理,,私的整理に関連する業務用語。,Concept,共通
6838,私設取引システム,,私設取引システムに関連する業務用語。,Concept,共通
6839,秘密保持契約（NDA）,,秘密保持契約（NDA）に関連する業務用語。,Concept,共通
6840,秘密証書遺言,,秘密証書遺言に関連する業務用語。,Concept,共通
6841,秘密鍵,,秘密鍵に関連する業務用語。,Concept,共通
6842,租税公課,,租税公課に関連する業務用語。,Concept,共通
6843,租税回避行為,,租税回避行為に関連する業務用語。,Concept,共通
6844,租税条約,,租税条約に関連する業務用語。,Concept,共通
6845,租税特別措置法,,租税特別措置法に関連する業務用語。,Concept,共通
6846,移動平均,,移動平均に関連する業務用語。,Concept,共通
6847,移動平均乖離率,,移動平均乖離率に関連する業務用語。,Concept,共通
6848,移動平均法,Moving Average Method,移動平均法に関連する業務用語。,Concept,共通
6849,移動平均線,,移動平均線に関連する業務用語。,Concept,共通
6850,移管,,移管に関連する業務用語。,Concept,共通
6851,移行金融,,移行金融に関連する業務用語。,Concept,共通
6852,移転価格税制,Transfer Pricing Rules,移転価格税制に関連する業務用語。,Process,税務
6853,税制改正大綱,,税制改正大綱に関連する業務用語。,Concept,共通
6854,税効果会計とB/S,,税効果会計とB/Sに関連する業務用語。,Document,会計
6855,税効果会計とP/L,,税効果会計とP/Lに関連する業務用語。,Document,会計
6856,税効果会計の注記,,税効果会計の注記に関連する業務用語。,Document,会計
6857,税効果資本,,税効果資本に関連する業務用語。,Metric,会計
6858,税務会計,,税務会計に関連する業務用語。,Document,会計
6859,税務署,,税務署に関連する業務用語。,Process,税務
6860,税引利益,,税引利益に関連する業務用語。,Concept,共通
6861,税引前利益,,税引前利益に関連する業務用語。,Metric,会計
6862,税引前当期利益,,税引前当期利益に関連する業務用語。,Metric,会計
6863,税引前当期純利益,Income before Income Taxes,税引前当期純利益に関連する業務用語。,Metric,会計
6864,税抜経理方式,,税抜経理方式に関連する業務用語。,Concept,共通
6865,税抜経理方式と税込経理方式の違い,,税抜経理方式と税込経理方式の違いに関連する業務用語。,Concept,共通
6866,税理士法人,,税理士法人に関連する業務用語。,Entity,共通
6867,税込経理方式,,税込経理方式に関連する業務用語。,Concept,共通
6868,税金,,税金に関連する業務用語。,Process,税務
6869,税金等調整前当期純利益,,税金等調整前当期純利益に関連する業務用語。,Metric,会計
6870,税金費用,,税金費用に関連する業務用語。,Metric,会計
6871,税額控除,,税額控除に関連する業務用語。,Concept,共通
6872,種類株式,,種類株式に関連する業務用語。,Concept,財務分析
6873,積極財産,,積極財産に関連する業務用語。,Concept,共通
6874,積極運用,,積極運用に関連する業務用語。,Concept,共通
6875,積立方式,,積立方式に関連する業務用語。,Concept,共通
6876,積立金移転手数料,,積立金移転手数料に関連する業務用語。,Concept,共通
6877,空売り,,空売りに関連する業務用語。,Concept,投資
6878,空売り比率,,空売り比率に関連する業務用語。,Concept,投資
6879,空売り規制,,空売り規制に関連する業務用語。,Concept,投資
6880,突っ込み警戒,,突っ込み警戒に関連する業務用語。,Concept,共通
6881,突っ込み買い,,突っ込み買いに関連する業務用語。,Concept,共通
6882,突っ込む,,突っ込むに関連する業務用語。,Concept,共通
6883,突飛安,,突飛安に関連する業務用語。,Concept,共通
6884,突飛高,,突飛高に関連する業務用語。,Concept,共通
6885,立会,,立会に関連する業務用語。,Concept,共通
6886,立会場,,立会場に関連する業務用語。,Concept,共通
6887,立会外分売,,立会外分売に関連する業務用語。,Concept,共通
6888,立会外取引,,立会外取引に関連する業務用語。,Concept,共通
6889,立会時間,,立会時間に関連する業務用語。,Concept,共通
6890,立場固定,,立場固定に関連する業務用語。,Concept,共通
6891,立替金,,立替金に関連する業務用語。,Concept,共通
6892,端株,,端株に関連する業務用語。,Concept,共通
6893,競争優位性,Competitive Advantage,競争優位性に関連する業務用語。,Concept,経営戦略
6894,競争入札,,競争入札に関連する業務用語。,Concept,共通
6895,競争売買,,競争売買に関連する業務用語。,Concept,共通
6896,競争戦略,,競争戦略に関連する業務用語。,Concept,共通
6897,競合分析,Competitive Analysis,競合分析に関連する業務用語。,Concept,共通
6898,競合環境分析,,競合環境分析に関連する業務用語。,Concept,共通
6899,笛吹き,,笛吹きに関連する業務用語。,Concept,共通
6900,第1号被保険者,,第1号被保険者に関連する業務用語。,Concept,共通
6901,第2号被保険者,,第2号被保険者に関連する業務用語。,Concept,共通
6902,第2四半期業績予想,Second Quarter Earnings Forecast,第2四半期業績予想に関連する業務用語。,Concept,財務分析
6903,第3号被保険者,,第3号被保険者に関連する業務用語。,Concept,共通
6904,第3因子,,第3因子に関連する業務用語。,Concept,共通
6905,第3次産業活動指数,,第3次産業活動指数に関連する業務用語。,Concept,共通
6906,第三者割当増資,Third-party Allotment,第三者割当増資に関連する業務用語。,Concept,共通
6907,筆頭株主,,筆頭株主に関連する業務用語。,Concept,財務分析
6908,筋の耳うちは信用するな,,筋の耳うちは信用するなに関連する業務用語。,Concept,共通
6909,管理変動相場制,,管理変動相場制に関連する業務用語。,Concept,共通
6910,管理職,Management,管理職に関連する業務用語。,Concept,共通
6911,管理費,,管理費に関連する業務用語。,Concept,共通
6912,節目,,節目に関連する業務用語。,Concept,共通
6913,節税,,節税に関連する業務用語。,Concept,共通
6914,節税効果,,節税効果に関連する業務用語。,Metric,会計
6915,範囲の経済性,,範囲の経済性に関連する業務用語。,Concept,共通
6916,簡便法,,簡便法に関連する業務用語。,Concept,共通
6917,簡易課税方式,,簡易課税方式に関連する業務用語。,Concept,共通
6918,簡易買収倍率,,簡易買収倍率に関連する業務用語。,Process,M&A
6919,簿価,,簿価に関連する業務用語。,Concept,共通
6920,簿価引継法,,簿価引継法に関連する業務用語。,Concept,共通
6921,簿外資産,,簿外資産に関連する業務用語。,Concept,会計
6922,簿記,,簿記に関連する業務用語。,Document,会計
6923,米S&Pケース・シラー住宅価格指数,,米S&Pケース・シラー住宅価格指数に関連する業務用語。,Concept,共通
6924,米ドル建て債券,,米ドル建て債券に関連する業務用語。,Concept,投資
6925,米国中古住宅販売件数,,米国中古住宅販売件数に関連する業務用語。,Concept,共通
6926,米国国債,,米国国債に関連する業務用語。,Concept,投資
6927,米国小売売上高,,米国小売売上高に関連する業務用語。,Metric,会計
6928,米国新築住宅販売件数,,米国新築住宅販売件数に関連する業務用語。,Concept,共通
6929,米国証券取引委員会,,米国証券取引委員会に関連する業務用語。,Concept,投資
6930,米国証券取引委員会(SEC),,米国証券取引委員会(SEC)に関連する業務用語。,Concept,投資
6931,米国財務省証券,,米国財務省証券に関連する業務用語。,Concept,投資
6932,米国貿易収支,,米国貿易収支に関連する業務用語。,Concept,共通
6933,米国雇用統計,,米国雇用統計に関連する業務用語。,Concept,共通
6934,米国預託株式,,米国預託株式に関連する業務用語。,Concept,財務分析
6935,米国預託証券,,米国預託証券に関連する業務用語。,Concept,投資
6936,米州開発銀行,,米州開発銀行に関連する業務用語。,Entity,金融
6937,米証券取引委員会,,米証券取引委員会に関連する業務用語。,Concept,投資
6938,米通商代表部,,米通商代表部に関連する業務用語。,Concept,共通
6939,米連邦準備制度理事会,,米連邦準備制度理事会に関連する業務用語。,Concept,共通
6940,米連邦破産法11条,,米連邦破産法11条に関連する業務用語。,Concept,共通
6941,粉飾決算,,粉飾決算に関連する業務用語。,Document,会計
6942,粗付加価値,,粗付加価値に関連する業務用語。,Concept,共通
6943,粗利,,粗利に関連する業務用語。,Metric,会計
6944,粗利益,,粗利益に関連する業務用語。,Metric,会計
6945,粗利益率,,粗利益率に関連する業務用語。,Metric,会計
6946,精算表,,精算表に関連する業務用語。,Document,会計
6947,約定,,約定に関連する業務用語。,Concept,共通
6948,約定代金,,約定代金に関連する業務用語。,Concept,共通
6949,約定日,,約定日に関連する業務用語。,Concept,共通
6950,約束手形,,約束手形に関連する業務用語。,Concept,調達
6951,納税制度,,納税制度に関連する業務用語。,Concept,共通
6952,納税準備預金,,納税準備預金に関連する業務用語。,Concept,共通
6953,納税義務の免除の特例,,納税義務の免除の特例に関連する業務用語。,Concept,共通
6954,純付加価値,,純付加価値に関連する業務用語。,Concept,共通
6955,純利益,,純利益に関連する業務用語。,Metric,会計
6956,純営業収益,Net Operating Revenue,純営業収益に関連する業務用語。,Concept,共通
6957,純投資,,純投資に関連する業務用語。,Concept,共通
6958,純損益,,純損益に関連する業務用語。,Document,会計
6959,純現金収支,,純現金収支に関連する業務用語。,Concept,共通
6960,純粋想起,,純粋想起に関連する業務用語。,Concept,共通
6961,純粋戦略,,純粋戦略に関連する業務用語。,Concept,共通
6962,純粋持ち株会社,,純粋持ち株会社に関連する業務用語。,Entity,共通
6963,純粋期待仮説,,純粋期待仮説に関連する業務用語。,Concept,共通
6964,純財産,,純財産に関連する業務用語。,Concept,共通
6965,純資産,Net Assets,純資産に関連する業務用語。,Concept,会計
6966,純資産価額方式,,純資産価額方式に関連する業務用語。,Concept,会計
6967,純資産残高,,純資産残高に関連する業務用語。,Concept,会計
6968,純資産総額,,純資産総額に関連する業務用語。,Concept,会計
6969,級数法,,級数法に関連する業務用語。,Concept,共通
6970,素人筋,,素人筋に関連する業務用語。,Concept,共通
6971,累投型投資信託,,累投型投資信託に関連する業務用語。,Metric,投資
6972,累積リターン,,累積リターンに関連する業務用語。,Concept,共通
6973,累積的影響額,,累積的影響額に関連する業務用語。,Concept,共通
6974,累進税率,,累進税率に関連する業務用語。,Concept,共通
6975,累進課税,,累進課税に関連する業務用語。,Concept,共通
6976,細る,,細るに関連する業務用語。,Concept,共通
6977,終価係数,,終価係数に関連する業務用語。,Concept,共通
6978,終値,,終値に関連する業務用語。,Concept,共通
6979,終値成立値幅,,終値成立値幅に関連する業務用語。,Concept,共通
6980,終値関与,,終値関与に関連する業務用語。,Concept,共通
6981,終利,,終利に関連する業務用語。,Concept,共通
6982,終活,,終活に関連する業務用語。,Concept,共通
6983,終身保険,,終身保険に関連する業務用語。,Concept,共通
6984,終身保障移行特約,,終身保障移行特約に関連する業務用語。,Concept,共通
6985,終身年金,,終身年金に関連する業務用語。,Process,人事
6986,終身雇用,,終身雇用に関連する業務用語。,Concept,共通
6987,組入債券区分,,組入債券区分に関連する業務用語。,Concept,投資
6988,組入制限,,組入制限に関連する業務用語。,Concept,共通
6989,組入銘柄,,組入銘柄に関連する業務用語。,Concept,共通
6990,組織,,組織に関連する業務用語。,Concept,共通
6991,組織の健全性指標,Organizational Health Index,組織の健全性指標に関連する業務用語。,Concept,共通
6992,組織文化,,組織文化に関連する業務用語。,Concept,共通
6993,組織構造,,組織構造に関連する業務用語。,Concept,共通
6994,組織行動学,,組織行動学に関連する業務用語。,Concept,共通
6995,組織設計,Organizational Design,組織設計に関連する業務用語。,Process,人事
6996,経営と所有の分離,,経営と所有の分離に関連する業務用語。,Concept,共通
6997,経営セーフティ共済,,経営セーフティ共済に関連する業務用語。,Concept,共通
6998,経営ビジョン,,経営ビジョンに関連する業務用語。,Concept,共通
6999,経営上の重要な契約等,Significant Management Contracts,経営上の重要な契約等に関連する業務用語。,Concept,共通
7000,経営企画,,経営企画に関連する業務用語。,Concept,共通
7001,経営参加権,,経営参加権に関連する業務用語。,Concept,共通
7002,経営成績,,経営成績に関連する業務用語。,Concept,共通
7003,経営成績の分析,Analysis of Business Results,経営成績の分析に関連する業務用語。,Concept,共通
7004,経営理念,,経営理念に関連する業務用語。,Concept,共通
7005,経営統合,,経営統合に関連する業務用語。,Concept,共通
7006,経営者報酬,,経営者報酬に関連する業務用語。,Process,人事
7007,経営診断,Business Diagnosis,経営診断に関連する業務用語。,Concept,共通
7008,経団連,,経団連に関連する業務用語。,Concept,共通
7009,経常利益,Ordinary Income,営業利益に営業外収益を加え営業外費用を差し引いた利益。,Metric,会計
7010,経常利益率,,経常利益率に関連する業務用語。,Metric,会計
7011,経常収支,,経常収支に関連する業務用語。,Concept,共通
7012,経常増益,,経常増益に関連する業務用語。,Concept,共通
7013,経常損失,,経常損失に関連する業務用語。,Metric,会計
7014,経常減益,,経常減益に関連する業務用語。,Concept,共通
7015,経常移転収支,,経常移転収支に関連する業務用語。,Concept,共通
7016,経年比較,,経年比較に関連する業務用語。,Concept,共通
7017,経済・物価情勢の展望,,経済・物価情勢の展望に関連する業務用語。,Concept,共通
7018,経済協力開発機構,,経済協力開発機構に関連する業務用語。,Concept,共通
7019,経済成長率,,経済成長率に関連する業務用語。,Concept,共通
7020,経済指標,,経済指標に関連する業務用語。,Concept,共通
7021,経済特区,,経済特区に関連する業務用語。,Concept,共通
7022,経済的付加価値,,経済的付加価値に関連する業務用語。,Concept,共通
7023,経済的利益,,経済的利益に関連する業務用語。,Concept,共通
7024,経済財政諮問会議,,経済財政諮問会議に関連する業務用語。,Concept,共通
7025,経済連携協定,,経済連携協定に関連する業務用語。,Concept,共通
7026,経理,,経理に関連する業務用語。,Concept,共通
7027,経費,,経費に関連する業務用語。,Concept,共通
7028,経過利子,,経過利子に関連する業務用語。,Concept,共通
7029,経過利息,,経過利息に関連する業務用語。,Concept,共通
7030,経過勘定,,経過勘定に関連する業務用語。,Document,会計
7031,経験曲線,,経験曲線に関連する業務用語。,Concept,共通
7032,結婚・子育て資金の一括贈与非課税措置,,結婚・子育て資金の一括贈与非課税措置に関連する業務用語。,Concept,共通
7033,給与,,給与に関連する業務用語。,Process,人事
7034,給与所得,,給与所得に関連する業務用語。,Process,人事
7035,給与所得控除,,給与所得控除に関連する業務用語。,Process,人事
7036,給付金,,給付金に関連する業務用語。,Concept,共通
7037,給料,,給料に関連する業務用語。,Concept,共通
7038,給料手当,,給料手当に関連する業務用語。,Concept,共通
7039,統一手形用紙,,統一手形用紙に関連する業務用語。,Concept,調達
7040,統合型マーケティング,,統合型マーケティングに関連する業務用語。,Concept,マーケティング
7041,絶対リターン追求戦略,,絶対リターン追求戦略に関連する業務用語。,Concept,共通
7042,絶対優位の戦略,,絶対優位の戦略に関連する業務用語。,Concept,共通
7043,絶対劣位の戦略,,絶対劣位の戦略に関連する業務用語。,Concept,共通
7044,絶対収益型ファンド,,絶対収益型ファンドに関連する業務用語。,Metric,投資
7045,絶対期日選択権付債券売買,,絶対期日選択権付債券売買に関連する業務用語。,Concept,投資
7046,絶対的貧困,,絶対的貧困に関連する業務用語。,Concept,共通
7047,継投口,,継投口に関連する業務用語。,Concept,共通
7048,継続企業の前提,Going Concern Assumption,継続企業の前提に関連する業務用語。,Entity,共通
7049,継続企業の前提に関する注記,,継続企業の前提に関する注記に関連する業務用語。,Process,会計
7050,継続価値,,継続価値に関連する業務用語。,Concept,共通
7051,継続性の原則,,継続性の原則に関連する業務用語。,Concept,共通
7052,継続率,Retention Rate,継続率に関連する業務用語。,Concept,共通
7053,継続記録法,,継続記録法に関連する業務用語。,Concept,共通
7054,続伸,,続伸に関連する業務用語。,Concept,共通
7055,続落,,続落に関連する業務用語。,Concept,共通
7056,緊密な者,,緊密な者に関連する業務用語。,Concept,共通
7057,緊急流動性支援,,緊急流動性支援に関連する業務用語。,Concept,共通
7058,緊急輸入制限,,緊急輸入制限に関連する業務用語。,Concept,共通
7059,総勘定元帳,,総勘定元帳に関連する業務用語。,Document,会計
7060,総合償却,,総合償却に関連する業務用語。,Metric,会計
7061,総合利回り,,総合利回りに関連する業務用語。,Concept,共通
7062,総合原価計算,,総合原価計算に関連する業務用語。,Metric,会計
7063,総合取引所,,総合取引所に関連する業務用語。,Concept,共通
7064,総合型401k,,総合型401kに関連する業務用語。,Concept,共通
7065,総合型401ｋ,,総合型401ｋに関連する業務用語。,Concept,共通
7066,総合型DC,,総合型DCに関連する業務用語。,Concept,共通
7067,総合型確定拠出年金,,総合型確定拠出年金に関連する業務用語。,Process,人事
7068,総合型ＤＣ,,総合型ＤＣに関連する業務用語。,Concept,共通
7069,総合課税,,総合課税に関連する業務用語。,Concept,共通
7070,総損失吸収力,,総損失吸収力に関連する業務用語。,Metric,会計
7071,総株主通知請求,,総株主通知請求に関連する業務用語。,Concept,財務分析
7072,総資本,,総資本に関連する業務用語。,Concept,共通
7073,総資本利益率,,総資本利益率に関連する業務用語。,Concept,共通
7074,総資本回転率,Total Asset Turnover,総資本回転率に関連する業務用語。,Metric,財務分析
7075,総資本回転率（総資産回転率）,,総資本回転率（総資産回転率）に関連する業務用語。,Concept,会計
7076,総資産,,総資産に関連する業務用語。,Concept,会計
7077,総資産利益率,Return on Assets (ROA),総資産利益率に関連する業務用語。,Concept,会計
7078,総資産回転率,,総資産回転率に関連する業務用語。,Concept,会計
7079,総額主義の原則,,総額主義の原則に関連する業務用語。,Concept,共通
7080,線引き小切手,,線引き小切手に関連する業務用語。,Concept,共通
7081,締まる,,締まるに関連する業務用語。,Concept,共通
7082,緩む,,緩むに関連する業務用語。,Concept,共通
7083,縁故債,,縁故債に関連する業務用語。,Concept,共通
7084,縁故地方債,,縁故地方債に関連する業務用語。,Concept,投資
7085,繁忙,,繁忙に関連する業務用語。,Concept,共通
7086,織り込み済み,,織り込み済みに関連する業務用語。,Concept,共通
7087,繰り上げ償還,,繰り上げ償還に関連する業務用語。,Concept,共通
7088,繰上償還（債券）,,繰上償還（債券）に関連する業務用語。,Concept,投資
7089,繰上償還（投資信託）,,繰上償還（投資信託）に関連する業務用語。,Metric,投資
7090,繰延べ,,繰延べに関連する業務用語。,Document,会計
7091,繰延クーポン債,,繰延クーポン債に関連する業務用語。,Document,会計
7092,繰延ヘッジ処理,,繰延ヘッジ処理に関連する業務用語。,Document,会計
7093,繰延法,,繰延法に関連する業務用語。,Document,会計
7094,繰延税金,Deferred Tax,繰延税金に関連する業務用語。,Document,会計
7095,繰延税金負債,Deferred Tax Liabilities,繰延税金負債に関連する業務用語。,Document,会計
7096,繰延税金資産,Deferred Tax Assets,将来の税金節約効果を資産として認識したもの。税効果会計で生じる。,Document,会計
7097,繰延税金資産・繰延税金負債の表示,,繰延税金資産・繰延税金負債の表示に関連する業務用語。,Document,会計
7098,繰延資産,Deferred Assets,繰延資産に関連する業務用語。,Document,会計
7099,繰延資産償却,,繰延資産償却に関連する業務用語。,Document,会計
7100,繰越商品,,繰越商品に関連する業務用語。,Concept,共通
7101,美人投票,,美人投票に関連する業務用語。,Concept,共通
7102,義務消滅,,義務消滅に関連する業務用語。,Concept,共通
7103,老齢給付金,,老齢給付金に関連する業務用語。,Concept,共通
7104,老齢者控除,,老齢者控除に関連する業務用語。,Concept,共通
7105,耐久財,,耐久財に関連する業務用語。,Concept,共通
7106,耐久財受注（米国）,,耐久財受注（米国）に関連する業務用語。,Concept,営業
7107,耐用年数,Useful Life,耐用年数に関連する業務用語。,Concept,共通
7108,職務を基準とした報償,,職務を基準とした報償に関連する業務用語。,Concept,共通
7109,職務再設計,,職務再設計に関連する業務用語。,Concept,共通
7110,職務給,,職務給に関連する業務用語。,Concept,共通
7111,職務給制度,,職務給制度に関連する業務用語。,Concept,共通
7112,職能資格制度,,職能資格制度に関連する業務用語。,Concept,共通
7113,育児休業,Childcare Leave,育児休業に関連する業務用語。,Concept,共通
7114,育児休業取得率,Childcare Leave Acquisition Rate,育児休業取得率に関連する業務用語。,Concept,共通
7115,胴体,,胴体に関連する業務用語。,Concept,共通
7116,能力を基準とした報奨,,能力を基準とした報奨に関連する業務用語。,Concept,共通
7117,能力主義,,能力主義に関連する業務用語。,Concept,共通
7118,能力給,,能力給に関連する業務用語。,Concept,共通
7119,脚注,,脚注に関連する業務用語。,Concept,共通
7120,脱税,,脱税に関連する業務用語。,Concept,共通
7121,脱退一時金,,脱退一時金に関連する業務用語。,Concept,共通
7122,腕力相場,,腕力相場に関連する業務用語。,Concept,共通
7123,臨時報告書,,臨時報告書に関連する業務用語。,Concept,共通
7124,臨時差益,,臨時差益に関連する業務用語。,Concept,共通
7125,臨時株主総会,Extraordinary General Meeting (EGM),臨時株主総会に関連する業務用語。,Concept,財務分析
7126,臨時計算書類,,臨時計算書類に関連する業務用語。,Concept,共通
7127,自主廃業,,自主廃業に関連する業務用語。,Concept,共通
7128,自信過剰,,自信過剰に関連する業務用語。,Concept,共通
7129,自信過剰バイアス,,自信過剰バイアスに関連する業務用語。,Concept,共通
7130,自動移管,,自動移管に関連する業務用語。,Concept,共通
7131,自動車取得税,,自動車取得税に関連する業務用語。,Concept,共通
7132,自動車税,,自動車税に関連する業務用語。,Concept,共通
7133,自動車重量税,,自動車重量税に関連する業務用語。,Concept,共通
7134,自動運転,,自動運転に関連する業務用語。,Concept,共通
7135,自己勘定取引,,自己勘定取引に関連する業務用語。,Document,会計
7136,自己売買,,自己売買に関連する業務用語。,Concept,共通
7137,自己売買基準,,自己売買基準に関連する業務用語。,Concept,共通
7138,自己宛小切手,,自己宛小切手に関連する業務用語。,Concept,共通
7139,自己振出小切手,,自己振出小切手に関連する業務用語。,Concept,共通
7140,自己株,,自己株に関連する業務用語。,Concept,共通
7141,自己株式,Treasury Stock / Treasury Shares,自己株式に関連する業務用語。,Concept,会計
7142,自己株式の処分,,自己株式の処分に関連する業務用語。,Concept,会計
7143,自己株式取得,Share Buyback / Treasury Stock Acquisition,自己株式取得に関連する業務用語。,Concept,会計
7144,自己株式買付状況報告書,,自己株式買付状況報告書に関連する業務用語。,Concept,会計
7145,自己現先,,自己現先に関連する業務用語。,Concept,共通
7146,自己破産,,自己破産に関連する業務用語。,Concept,共通
7147,自己認知,,自己認知に関連する業務用語。,Concept,共通
7148,自己責任原則,,自己責任原則に関連する業務用語。,Concept,共通
7149,自己資本,,自己資本に関連する業務用語。,Concept,会計
7150,自己資本利益率,Return on Equity (ROE),自己資本利益率に関連する業務用語。,Concept,会計
7151,自己資本比率,Equity Ratio,総資産に占める自己資本の割合。財務健全性の指標。,Concept,会計
7152,自己資本比率規制,,自己資本比率規制に関連する業務用語。,Concept,会計
7153,自己資本規制比率,Capital Adequacy Ratio (Securities),自己資本規制比率に関連する業務用語。,Concept,会計
7154,自己金融,,自己金融に関連する業務用語。,Concept,共通
7155,自然利子率,,自然利子率に関連する業務用語。,Concept,共通
7156,自然失業率,,自然失業率に関連する業務用語。,Concept,共通
7157,自然成長率,,自然成長率に関連する業務用語。,Concept,共通
7158,自然災害リスク,Natural Disaster Risk,自然災害リスクに関連する業務用語。,Concept,共通
7159,自由金利,,自由金利に関連する業務用語。,Concept,共通
7160,自益権,,自益権に関連する業務用語。,Concept,共通
7161,自社の強み/弱み,,自社の強み/弱みに関連する業務用語。,Concept,共通
7162,自社利用のソフトウェア,,自社利用のソフトウェアに関連する業務用語。,Concept,共通
7163,自社株,,自社株に関連する業務用語。,Concept,共通
7164,自社株消却,,自社株消却に関連する業務用語。,Concept,共通
7165,自社株評価,,自社株評価に関連する業務用語。,Process,人事
7166,自社開発商品,In-house Developed Products,自社開発商品に関連する業務用語。,Concept,共通
7167,自立革新型人材,,自立革新型人材に関連する業務用語。,Process,人事
7168,自筆証書遺言,,自筆証書遺言に関連する業務用語。,Concept,共通
7169,自筆証書遺言の保管制度,,自筆証書遺言の保管制度に関連する業務用語。,Concept,共通
7170,船積基準,,船積基準に関連する業務用語。,Concept,共通
7171,船舶遭難者遺言,,船舶遭難者遺言に関連する業務用語。,Concept,共通
7172,船舶隔絶地遺言,,船舶隔絶地遺言に関連する業務用語。,Concept,共通
7173,良い警官・悪い警官戦術,,良い警官・悪い警官戦術に関連する業務用語。,Concept,共通
7174,花の山,,花の山に関連する業務用語。,Concept,共通
7175,花形製品（BCGマトリクス）,Star (BCG Matrix),花形製品（BCGマトリクス）に関連する業務用語。,Concept,経営戦略
7176,荷もたれ感,,荷もたれ感に関連する業務用語。,Concept,共通
7177,落ちてくるナイフはつかむな,,落ちてくるナイフはつかむなに関連する業務用語。,Concept,共通
7178,著作権,Copyright,著作権に関連する業務用語。,Concept,共通
7179,薄商い,,薄商いに関連する業務用語。,Concept,共通
7180,虚偽,,虚偽に関連する業務用語。,Concept,共通
7181,融資銘柄,,融資銘柄に関連する業務用語。,Process,金融
7182,血族,,血族に関連する業務用語。,Concept,共通
7183,行き過ぎもまた相場,,行き過ぎもまた相場に関連する業務用語。,Concept,共通
7184,行使価格,Strike Price / Exercise Price,行使価格に関連する業務用語。,Concept,共通
7185,行動ファイナンス,,行動ファイナンスに関連する業務用語。,Process,金融
7186,行動ファイナンス理論,,行動ファイナンス理論に関連する業務用語。,Process,金融
7187,行動変容,,行動変容に関連する業務用語。,Concept,共通
7188,行動変数,,行動変数に関連する業務用語。,Concept,共通
7189,行動理論,,行動理論に関連する業務用語。,Concept,共通
7190,行動経済学,,行動経済学に関連する業務用語。,Concept,共通
7191,行動観察,,行動観察に関連する業務用語。,Concept,共通
7192,表見相続人,,表見相続人に関連する業務用語。,Concept,共通
7193,表面利率,,表面利率に関連する業務用語。,Concept,共通
7194,表面税率,,表面税率に関連する業務用語。,Concept,共通
7195,衰退期,,衰退期に関連する業務用語。,Concept,共通
7196,被保険者,,被保険者に関連する業務用語。,Concept,共通
7197,被相続人,,被相続人に関連する業務用語。,Concept,共通
7198,裁定取引,,裁定取引に関連する業務用語。,Concept,共通
7199,裁定売り,,裁定売りに関連する業務用語。,Concept,共通
7200,裁定売り残,,裁定売り残に関連する業務用語。,Concept,共通
7201,裁定残,,裁定残に関連する業務用語。,Concept,共通
7202,裁定解消売り,,裁定解消売りに関連する業務用語。,Concept,共通
7203,裁定買い,,裁定買いに関連する業務用語。,Concept,共通
7204,裁定買い残,,裁定買い残に関連する業務用語。,Concept,共通
7205,裁量取引,,裁量取引に関連する業務用語。,Concept,共通
7206,裏口上場,,裏口上場に関連する業務用語。,Concept,投資
7207,裏書,,裏書に関連する業務用語。,Concept,共通
7208,裏書手形,,裏書手形に関連する業務用語。,Concept,調達
7209,補助元帳,,補助元帳に関連する業務用語。,Document,会計
7210,補助材料費,,補助材料費に関連する業務用語。,Concept,共通
7211,補助簿,,補助簿に関連する業務用語。,Concept,共通
7212,補助記入帳,,補助記入帳に関連する業務用語。,Concept,共通
7213,補助部門,,補助部門に関連する業務用語。,Entity,共通
7214,補助金,,補助金に関連する業務用語。,Concept,共通
7215,補完財,,補完財に関連する業務用語。,Concept,共通
7216,補正予算,,補正予算に関連する業務用語。,Concept,共通
7217,裸利回り,,裸利回りに関連する業務用語。,Concept,共通
7218,裸相場,,裸相場に関連する業務用語。,Concept,共通
7219,製品,,製品に関連する業務用語。,Concept,共通
7220,製品(商品)の構成要素,,製品(商品)の構成要素に関連する業務用語。,Concept,共通
7221,製品コンセプト,,製品コンセプトに関連する業務用語。,Concept,共通
7222,製品ブランド,,製品ブランドに関連する業務用語。,Concept,マーケティング
7223,製品マスター,,製品マスターに関連する業務用語。,Concept,共通
7224,製品ライフサイクル,,製品ライフサイクルに関連する業務用語。,Concept,共通
7225,製品ライン,,製品ラインに関連する業務用語。,Concept,共通
7226,製品分析,,製品分析に関連する業務用語。,Concept,共通
7227,製品別原価計算,,製品別原価計算に関連する業務用語。,Metric,会計
7228,製品別売上,Sales by Product,製品別売上に関連する業務用語。,Metric,会計
7229,製品原価,,製品原価に関連する業務用語。,Metric,会計
7230,製品戦略,,製品戦略に関連する業務用語。,Concept,共通
7231,製品特性,,製品特性に関連する業務用語。,Concept,共通
7232,製造原価,,製造原価に関連する業務用語。,Metric,会計
7233,製造原価報告書,,製造原価報告書に関連する業務用語。,Metric,会計
7234,製造原価明細書,,製造原価明細書に関連する業務用語。,Metric,会計
7235,製造小売業,Specialty Store Retailer of Private Label Apparel (SPA),製造小売業に関連する業務用語。,Process,製造
7236,製造戦略,Manufacturing Strategy,製造戦略に関連する業務用語。,Process,製造
7237,製造業新規受注,,製造業新規受注に関連する業務用語。,Concept,営業
7238,製造業生産高,,製造業生産高に関連する業務用語。,Process,製造
7239,製造費用,,製造費用に関連する業務用語。,Metric,会計
7240,製造部門,,製造部門に関連する業務用語。,Process,製造
7241,複利,,複利に関連する業務用語。,Concept,共通
7242,複名手形,,複名手形に関連する業務用語。,Concept,調達
7243,複式簿記,,複式簿記に関連する業務用語。,Document,会計
7244,複数決済,,複数決済に関連する業務用語。,Concept,共通
7245,複線型人事制度,,複線型人事制度に関連する業務用語。,Process,人事
7246,要件定義,,要件定義に関連する業務用語。,Concept,共通
7247,要約目論見書,,要約目論見書に関連する業務用語。,Concept,共通
7248,覆面介入,,覆面介入に関連する業務用語。,Concept,共通
7249,見える仕組み,,見える仕組みに関連する業務用語。,Concept,共通
7250,見せ板,,見せ板に関連する業務用語。,Concept,共通
7251,見せ玉（見せ板）,,見せ玉（見せ板）に関連する業務用語。,Concept,共通
7252,見せ金,,見せ金に関連する業務用語。,Concept,共通
7253,見切り千両,,見切り千両に関連する業務用語。,Concept,共通
7254,見積実効税率,,見積実効税率に関連する業務用語。,Concept,共通
7255,見越し,,見越しに関連する業務用語。,Concept,共通
7256,見送り,,見送りに関連する業務用語。,Concept,共通
7257,規制リスク,Regulatory Risk,規制リスクに関連する業務用語。,Concept,ガバナンス
7258,規制対応,Regulatory Compliance,規制対応に関連する業務用語。,Concept,ガバナンス
7259,規制当局,Regulatory Authority,規制当局に関連する業務用語。,Concept,ガバナンス
7260,規制金利,,規制金利に関連する業務用語。,Concept,ガバナンス
7261,規制銘柄,,規制銘柄に関連する業務用語。,Concept,ガバナンス
7262,規模別株価指数,,規模別株価指数に関連する業務用語。,Concept,財務分析
7263,規模型事業,,規模型事業に関連する業務用語。,Concept,共通
7264,親不孝相場,,親不孝相場に関連する業務用語。,Concept,共通
7265,親会社,,親会社に関連する業務用語。,Entity,共通
7266,親会社株主に帰属する当期純利益,Net Income Attributable to Owners of Parent,親会社株主に帰属する当期純利益に関連する業務用語。,Metric,会計
7267,親会社等状況報告書,,親会社等状況報告書に関連する業務用語。,Entity,共通
7268,親会社説,,親会社説に関連する業務用語。,Entity,共通
7269,親子上場,,親子上場に関連する業務用語。,Concept,投資
7270,親引け,,親引けに関連する業務用語。,Concept,共通
7271,親族,,親族に関連する業務用語。,Concept,共通
7272,親株,,親株に関連する業務用語。,Concept,共通
7273,解散,,解散に関連する業務用語。,Concept,共通
7274,解約,,解約に関連する業務用語。,Concept,共通
7275,解約不能のリース取引,,解約不能のリース取引に関連する業務用語。,Concept,共通
7276,解約価額,,解約価額に関連する業務用語。,Concept,共通
7277,解約手数料,,解約手数料に関連する業務用語。,Concept,共通
7278,解約控除額,,解約控除額に関連する業務用語。,Concept,共通
7279,解約率,Churn Rate,解約率に関連する業務用語。,Concept,共通
7280,解約請求,,解約請求に関連する業務用語。,Concept,共通
7281,解約金支払日,,解約金支払日に関連する業務用語。,Concept,共通
7282,訂正報告書,,訂正報告書に関連する業務用語。,Concept,共通
7283,計らい注文,,計らい注文に関連する業務用語。,Concept,共通
7284,計上,,計上に関連する業務用語。,Concept,共通
7285,計測技術,Measurement Technology,計測技術に関連する業務用語。,Concept,共通
7286,計画倒産,,計画倒産に関連する業務用語。,Concept,共通
7287,計算書類,,計算書類に関連する業務用語。,Concept,共通
7288,計算書類の備置き,,計算書類の備置きに関連する業務用語。,Concept,共通
7289,記帳,,記帳に関連する業務用語。,Concept,共通
7290,記念配当,Commemorative Dividend,記念配当に関連する業務用語。,Concept,財務分析
7291,記録関連運営管理機関,,記録関連運営管理機関に関連する業務用語。,Concept,共通
7292,設備の状況,Facilities / Equipment Status,設備の状況に関連する業務用語。,Concept,共通
7293,設備投資,Capital Expenditure (CapEx),設備投資に関連する業務用語。,Metric,製造
7294,設備投資効率,,設備投資効率に関連する業務用語。,Metric,製造
7295,設備投資等の状況,Capital Investment Status,設備投資等の状況に関連する業務用語。,Metric,製造
7296,設備生産性,,設備生産性に関連する業務用語。,Process,製造
7297,設備稼働率,Capacity Utilization Rate,設備稼働率に関連する業務用語。,Metric,製造
7298,設定日,,設定日に関連する業務用語。,Concept,共通
7299,設定来騰落率,,設定来騰落率に関連する業務用語。,Concept,共通
7300,設定解約額,,設定解約額に関連する業務用語。,Concept,共通
7301,証券アナリスト,,証券アナリストに関連する業務用語。,Concept,財務分析
7302,証券コード,,証券コードに関連する業務用語。,Concept,投資
7303,証券コード協議会,,証券コード協議会に関連する業務用語。,Concept,投資
7304,証券仲介業,,証券仲介業に関連する業務用語。,Concept,投資
7305,証券保管振替制度,,証券保管振替制度に関連する業務用語。,Concept,投資
7306,証券保管振替機構,,証券保管振替機構に関連する業務用語。,Concept,投資
7307,証券優遇税制,,証券優遇税制に関連する業務用語。,Concept,投資
7308,証券化,,証券化に関連する業務用語。,Concept,投資
7309,証券取引審議会,,証券取引審議会に関連する業務用語。,Concept,投資
7310,証券取引所,Stock Exchange,証券取引所に関連する業務用語。,Concept,投資
7311,証券取引所の株式会社化,,証券取引所の株式会社化に関連する業務用語。,Concept,財務分析
7312,証券取引法,,証券取引法に関連する業務用語。,Concept,投資
7313,証券取引法会計,,証券取引法会計に関連する業務用語。,Document,会計
7314,証券取引清算機関,,証券取引清算機関に関連する業務用語。,Concept,投資
7315,証券取引等監視委員会,,証券取引等監視委員会に関連する業務用語。,Concept,投資
7316,証券取引責任準備金,,証券取引責任準備金に関連する業務用語。,Concept,投資
7317,証券外務員,,証券外務員に関連する業務用語。,Concept,投資
7318,証券市場,,証券市場に関連する業務用語。,Concept,投資
7319,証券業,,証券業に関連する業務用語。,Concept,投資
7320,証券監督者国際機構,,証券監督者国際機構に関連する業務用語。,Concept,投資
7321,証券税制,,証券税制に関連する業務用語。,Concept,投資
7322,証券総合口座,,証券総合口座に関連する業務用語。,Concept,投資
7323,証券金融会社,,証券金融会社に関連する業務用語。,Concept,投資
7324,証憑,,証憑に関連する業務用語。,Concept,共通
7325,証憑書類,,証憑書類に関連する業務用語。,Concept,共通
7326,証拠金,,証拠金に関連する業務用語。,Concept,共通
7327,証拠金取引,Margin Trading,証拠金取引に関連する業務用語。,Concept,共通
7328,証拠金基準額,,証拠金基準額に関連する業務用語。,Concept,共通
7329,証拠金規制,,証拠金規制に関連する業務用語。,Concept,ガバナンス
7330,評価,,評価に関連する業務用語。,Process,人事
7331,評価差額,,評価差額に関連する業務用語。,Process,人事
7332,評価性引当金,,評価性引当金に関連する業務用語。,Document,会計
7333,評価損益,,評価損益に関連する業務用語。,Document,会計
7334,評価益（損）,,評価益（損）に関連する業務用語。,Process,人事
7335,試用販売,,試用販売に関連する業務用語。,Concept,共通
7336,試算表,,試算表に関連する業務用語。,Document,会計
7337,試験研究費,,試験研究費に関連する業務用語。,Concept,共通
7338,認定死亡,,認定死亡に関連する業務用語。,Concept,共通
7339,認知,,認知に関連する業務用語。,Concept,共通
7340,認知的不協和,,認知的不協和に関連する業務用語。,Concept,共通
7341,誤謬,,誤謬に関連する業務用語。,Concept,共通
7342,課徴金減免制度,,課徴金減免制度に関連する業務用語。,Concept,共通
7343,課税事業者,,課税事業者に関連する業務用語。,Concept,共通
7344,課税仕入,,課税仕入に関連する業務用語。,Concept,調達
7345,課税仕入れ,,課税仕入れに関連する業務用語。,Concept,調達
7346,課税処分,,課税処分に関連する業務用語。,Concept,共通
7347,課税区分,,課税区分に関連する業務用語。,Concept,共通
7348,課税取引,,課税取引に関連する業務用語。,Concept,共通
7349,課税売上げ,,課税売上げに関連する業務用語。,Metric,会計
7350,課税売上割合,,課税売上割合に関連する業務用語。,Metric,会計
7351,課税売上高,,課税売上高に関連する業務用語。,Metric,会計
7352,課税対象外取引,,課税対象外取引に関連する業務用語。,Concept,共通
7353,課税所得,,課税所得に関連する業務用語。,Concept,共通
7354,課税期間,,課税期間に関連する業務用語。,Concept,共通
7355,課税標準,,課税標準に関連する業務用語。,Concept,共通
7356,課税貨物,,課税貨物に関連する業務用語。,Concept,共通
7357,課金ユーザー,,課金ユーザーに関連する業務用語。,Concept,共通
7358,調停,,調停に関連する業務用語。,Concept,共通
7359,調整控除,,調整控除に関連する業務用語。,Concept,共通
7360,調査課所管法人,,調査課所管法人に関連する業務用語。,Entity,共通
7361,調達最適化,Procurement Optimization,調達最適化に関連する業務用語。,Concept,調達
7362,請求目論見書,,請求目論見書に関連する業務用語。,Concept,共通
7363,論理展開,,論理展開に関連する業務用語。,Concept,共通
7364,諸会費,,諸会費に関連する業務用語。,Concept,共通
7365,諸掛,,諸掛に関連する業務用語。,Concept,共通
7366,議決延期請求権,,議決延期請求権に関連する業務用語。,Concept,共通
7367,議決権,,議決権に関連する業務用語。,Concept,財務分析
7368,議決権制限株式,,議決権制限株式に関連する業務用語。,Concept,財務分析
7369,議決権株式,,議決権株式に関連する業務用語。,Concept,財務分析
7370,議決権行使ガイドライン,,議決権行使ガイドラインに関連する業務用語。,Concept,財務分析
7371,議決権行使助言会社,,議決権行使助言会社に関連する業務用語。,Concept,財務分析
7372,議決権行使書面,,議決権行使書面に関連する業務用語。,Concept,財務分析
7373,譲渡制限株式,,譲渡制限株式に関連する業務用語。,Concept,財務分析
7374,譲渡性預金,,譲渡性預金に関連する業務用語。,Concept,共通
7375,譲渡性預金証書,,譲渡性預金証書に関連する業務用語。,Concept,共通
7376,譲渡所得,,譲渡所得に関連する業務用語。,Concept,共通
7377,譲渡損失の繰越控除,,譲渡損失の繰越控除に関連する業務用語。,Metric,会計
7378,譲渡損益,,譲渡損益に関連する業務用語。,Document,会計
7379,譲渡株式等,,譲渡株式等に関連する業務用語。,Concept,財務分析
7380,譲渡益課税,,譲渡益課税に関連する業務用語。,Concept,共通
7381,象徴,,象徴に関連する業務用語。,Concept,共通
7382,豪ドル建て債,,豪ドル建て債に関連する業務用語。,Concept,共通
7383,負け犬（BCGマトリクス）,Dog (BCG Matrix),負け犬（BCGマトリクス）に関連する業務用語。,Concept,経営戦略
7384,負ののれん,,負ののれんに関連する業務用語。,Document,会計
7385,負の所得税,,負の所得税に関連する業務用語。,Process,税務
7386,負債,Liabilities,負債に関連する業務用語。,Concept,会計
7387,負債コスト,Cost of Debt,負債コストに関連する業務用語。,Concept,会計
7388,負債性引当金,,負債性引当金に関連する業務用語。,Document,会計
7389,負債比率,,負債比率に関連する業務用語。,Concept,会計
7390,負担付贈与,,負担付贈与に関連する業務用語。,Concept,共通
7391,負担付遺贈,,負担付遺贈に関連する業務用語。,Concept,共通
7392,財務の視点,,財務の視点に関連する業務用語。,Concept,共通
7393,財務キャッシュフロー,,財務キャッシュフローに関連する業務用語。,Metric,会計
7394,財務コンサルティング,Financial Consulting,財務コンサルティングに関連する業務用語。,Concept,共通
7395,財務テクノロジー,,財務テクノロジーに関連する業務用語。,Concept,共通
7396,財務ハイライト,Financial Highlights,財務ハイライトに関連する業務用語。,Concept,共通
7397,財務リスク,,財務リスクに関連する業務用語。,Concept,共通
7398,財務上の特約,,財務上の特約に関連する業務用語。,Concept,共通
7399,財務代理人,,財務代理人に関連する業務用語。,Concept,共通
7400,財務会計基準機構,,財務会計基準機構に関連する業務用語。,Document,会計
7401,財務健全性,Financial Soundness,財務健全性に関連する業務用語。,Concept,共通
7402,財務内容評価法,,財務内容評価法に関連する業務用語。,Process,人事
7403,財務制限条項,Financial Covenant,財務制限条項に関連する業務用語。,Concept,共通
7404,財務活動によるキャッシュフロー,Cash Flow from Financing Activities,財務活動によるキャッシュフローに関連する業務用語。,Metric,会計
7405,財務活動によるキャッシュ・フロー,,財務活動によるキャッシュ・フローに関連する業務用語。,Concept,共通
7406,財務省,,財務省に関連する業務用語。,Concept,共通
7407,財務省中期債券,,財務省中期債券に関連する業務用語。,Concept,投資
7408,財務省短期証券,,財務省短期証券に関連する業務用語。,Concept,投資
7409,財務省長期債券,,財務省長期債券に関連する業務用語。,Concept,投資
7410,財務諸表,Financial Statements,財務諸表に関連する業務用語。,Document,会計
7411,財務諸表分析,,財務諸表分析に関連する業務用語。,Document,会計
7412,財務３表,,財務３表に関連する業務用語。,Concept,共通
7413,財団法人,,財団法人に関連する業務用語。,Entity,共通
7414,財形貯蓄,,財形貯蓄に関連する業務用語。,Concept,共通
7415,財投債,,財投債に関連する業務用語。,Concept,共通
7416,財投機関債,,財投機関債に関連する業務用語。,Concept,共通
7417,財政,,財政に関連する業務用語。,Concept,共通
7418,財政の崖,,財政の崖に関連する業務用語。,Concept,共通
7419,財政ファイナンス,,財政ファイナンスに関連する業務用語。,Process,金融
7420,財政プレミアム,,財政プレミアムに関連する業務用語。,Concept,M&A
7421,財政投融資,,財政投融資に関連する業務用語。,Process,金融
7422,財政投融資特別会計国債,,財政投融資特別会計国債に関連する業務用語。,Document,会計
7423,財政政策,,財政政策に関連する業務用語。,Concept,共通
7424,財政方式,,財政方式に関連する業務用語。,Concept,共通
7425,財政状態,,財政状態に関連する業務用語。,Concept,共通
7426,財政状態の分析,Analysis of Financial Position,財政状態の分析に関連する業務用語。,Concept,共通
7427,財政研究会,,財政研究会に関連する業務用語。,Concept,共通
7428,財政赤字,,財政赤字に関連する業務用語。,Concept,共通
7429,財産,,財産に関連する業務用語。,Concept,共通
7430,財産法,,財産法に関連する業務用語。,Concept,共通
7431,貢献利益,,貢献利益に関連する業務用語。,Concept,共通
7432,貧困率,,貧困率に関連する業務用語。,Concept,共通
7433,貨幣数量説,,貨幣数量説に関連する業務用語。,Concept,共通
7434,販売中止,,販売中止に関連する業務用語。,Concept,共通
7435,販売会社,,販売会社に関連する業務用語。,Entity,共通
7436,販売促進戦略,,販売促進戦略に関連する業務用語。,Concept,共通
7437,販売促進費用補助制度,,販売促進費用補助制度に関連する業務用語。,Metric,会計
7438,販売停止,,販売停止に関連する業務用語。,Concept,共通
7439,販売基準,,販売基準に関連する業務用語。,Concept,共通
7440,販売手数料,,販売手数料に関連する業務用語。,Concept,共通
7441,販売終了,,販売終了に関連する業務用語。,Concept,共通
7442,販売費,,販売費に関連する業務用語。,Concept,共通
7443,販売費及び一般管理費,"Selling, General and Administrative Expenses (SG&A)",販売費及び一般管理費に関連する業務用語。,Metric,会計
7444,販管費,,販管費に関連する業務用語。,Metric,会計
7445,責任会計,,責任会計に関連する業務用語。,Document,会計
7446,責任投資原則（PRI）,,責任投資原則（PRI）に関連する業務用語。,Concept,共通
7447,責任準備金,,責任準備金に関連する業務用語。,Concept,共通
7448,責任開始期,,責任開始期に関連する業務用語。,Concept,共通
7449,貯蔵品,,貯蔵品に関連する業務用語。,Concept,共通
7450,貴金属上場信託（現物国内保管型）,,貴金属上場信託（現物国内保管型）に関連する業務用語。,Concept,投資
7451,買いたい弱気,,買いたい弱気に関連する業務用語。,Concept,共通
7452,買いにくい相場は高い,,買いにくい相場は高いに関連する業務用語。,Concept,共通
7453,買いもたれ,,買いもたれに関連する業務用語。,Concept,共通
7454,買いオペレーション,,買いオペレーションに関連する業務用語。,Concept,共通
7455,買い一巡,,買い一巡に関連する業務用語。,Concept,共通
7456,買い一服,,買い一服に関連する業務用語。,Concept,共通
7457,買い上がり,,買い上がりに関連する業務用語。,Concept,共通
7458,買い下がり,,買い下がりに関連する業務用語。,Concept,共通
7459,買い乗せ,,買い乗せに関連する業務用語。,Concept,共通
7460,買い二分に売り八分,,買い二分に売り八分に関連する業務用語。,Concept,共通
7461,買い入れ償還,,買い入れ償還に関連する業務用語。,Concept,共通
7462,買い入れ消却,,買い入れ消却に関連する業務用語。,Concept,共通
7463,買い占め,,買い占めに関連する業務用語。,Concept,共通
7464,買い向かう,,買い向かうに関連する業務用語。,Concept,共通
7465,買い場,,買い場に関連する業務用語。,Concept,共通
7466,買い安心,,買い安心に関連する業務用語。,Concept,共通
7467,買い建て玉,,買い建て玉に関連する業務用語。,Concept,共通
7468,買い建玉,,買い建玉に関連する業務用語。,Concept,共通
7469,買い戻し,,買い戻しに関連する業務用語。,Concept,共通
7470,買い手の交渉力,,買い手の交渉力に関連する業務用語。,Concept,共通
7471,買い手市場,,買い手市場に関連する業務用語。,Concept,共通
7472,買い手控え,,買い手控えに関連する業務用語。,Concept,共通
7473,買い持ち,,買い持ちに関連する業務用語。,Concept,共通
7474,買い推奨,Buy Recommendation,買い推奨に関連する業務用語。,Concept,共通
7475,買い支え,,買い支えに関連する業務用語。,Concept,共通
7476,買い材料,,買い材料に関連する業務用語。,Concept,共通
7477,買い残,,買い残に関連する業務用語。,Concept,共通
7478,買い気配,,買い気配に関連する業務用語。,Concept,共通
7479,買い特別気配,,買い特別気配に関連する業務用語。,Concept,共通
7480,買い玉,,買い玉に関連する業務用語。,Concept,共通
7481,買い疲れ,,買い疲れに関連する業務用語。,Concept,共通
7482,買い越し,,買い越しに関連する業務用語。,Concept,共通
7483,買い飽き,,買い飽きに関連する業務用語。,Concept,共通
7484,買うべし,,買うべしに関連する業務用語。,Concept,共通
7485,買上がり・売り崩し,,買上がり・売り崩しに関連する業務用語。,Concept,共通
7486,買付可能額,,買付可能額に関連する業務用語。,Concept,共通
7487,買付手数料,,買付手数料に関連する業務用語。,Concept,共通
7488,買入償還,,買入償還に関連する業務用語。,Concept,共通
7489,買入消却,,買入消却に関連する業務用語。,Concept,共通
7490,買占め,,買占めに関連する業務用語。,Concept,共通
7491,買収,Acquisition,買収に関連する業務用語。,Process,M&A
7492,買収ファンド,,買収ファンドに関連する業務用語。,Metric,投資
7493,買収対抗策,,買収対抗策に関連する業務用語。,Process,M&A
7494,買収防衛策,,買収防衛策に関連する業務用語。,Process,M&A
7495,買取引受,,買取引受に関連する業務用語。,Concept,共通
7496,買取請求,,買取請求に関連する業務用語。,Concept,共通
7497,買取請求（投資信託）,,買取請求（投資信託）に関連する業務用語。,Metric,投資
7498,買取請求（株式）,,買取請求（株式）に関連する業務用語。,Concept,財務分析
7499,買回品,,買回品に関連する業務用語。,Concept,共通
7500,買増制度,,買増制度に関連する業務用語。,Concept,共通
7501,買建玉,,買建玉に関連する業務用語。,Concept,共通
7502,買戻し,,買戻しに関連する業務用語。,Concept,共通
7503,買掛債務,,買掛債務に関連する業務用語。,Concept,共通
7504,買掛金,Accounts Payable / Trade Payables,商品・サービスを仕入れたが未払いの代金。,Concept,調達
7505,買掛金元帳,,買掛金元帳に関連する業務用語。,Concept,調達
7506,買掛金勘定,,買掛金勘定に関連する業務用語。,Document,会計
7507,買方,,買方に関連する業務用語。,Concept,共通
7508,買方金利,,買方金利に関連する業務用語。,Concept,共通
7509,買残高,,買残高に関連する業務用語。,Concept,共通
7510,貸し倒れリスク,,貸し倒れリスクに関連する業務用語。,Concept,共通
7511,貸し渋り,,貸し渋りに関連する業務用語。,Concept,共通
7512,貸付債権,,貸付債権に関連する業務用語。,Concept,共通
7513,貸付債権担保,,貸付債権担保に関連する業務用語。,Concept,共通
7514,貸付金,,貸付金に関連する業務用語。,Concept,共通
7515,貸倒れ,,貸倒れに関連する業務用語。,Concept,共通
7516,貸倒れに係る消費税額,,貸倒れに係る消費税額に関連する業務用語。,Process,税務
7517,貸倒実績率,,貸倒実績率に関連する業務用語。,Concept,共通
7518,貸倒実績率法,,貸倒実績率法に関連する業務用語。,Concept,共通
7519,貸倒引当金の調整,,貸倒引当金の調整に関連する業務用語。,Document,会計
7520,貸倒引当金繰入,,貸倒引当金繰入に関連する業務用語。,Document,会計
7521,貸倒引当金繰入額,,貸倒引当金繰入額に関連する業務用語。,Document,会計
7522,貸倒懸念債権,,貸倒懸念債権に関連する業務用語。,Concept,共通
7523,貸倒損失,,貸倒損失に関連する業務用語。,Metric,会計
7524,貸借倍率,,貸借倍率に関連する業務用語。,Document,会計
7525,貸借値段,,貸借値段に関連する業務用語。,Document,会計
7526,貸借取引,,貸借取引に関連する業務用語。,Document,会計
7527,貸借対照表原則,,貸借対照表原則に関連する業務用語。,Document,会計
7528,貸借対照表日,,貸借対照表日に関連する業務用語。,Document,会計
7529,貸借対照表（B/S）,,貸借対照表（B/S）に関連する業務用語。,Document,会計
7530,貸借平均の原理,,貸借平均の原理に関連する業務用語。,Document,会計
7531,貸借記入,,貸借記入に関連する業務用語。,Document,会計
7532,貸借銘柄,,貸借銘柄に関連する業務用語。,Document,会計
7533,貸借銘柄指定基準,,貸借銘柄指定基準に関連する業務用語。,Document,会計
7534,貸出支援基金,,貸出支援基金に関連する業務用語。,Concept,共通
7535,貸方・借方,,貸方・借方に関連する業務用語。,Concept,共通
7536,貸方要素,,貸方要素に関連する業務用語。,Concept,共通
7537,貸株,,貸株に関連する業務用語。,Concept,共通
7538,貸株サービス,,貸株サービスに関連する業務用語。,Concept,共通
7539,貸株停止銘柄,,貸株停止銘柄に関連する業務用語。,Concept,共通
7540,貸株市場,,貸株市場に関連する業務用語。,Concept,共通
7541,貸株注意喚起銘柄,,貸株注意喚起銘柄に関連する業務用語。,Concept,共通
7542,貸株申込制限銘柄,,貸株申込制限銘柄に関連する業務用語。,Concept,共通
7543,費用,,費用に関連する業務用語。,Metric,会計
7544,費用・収益対応の原則,,費用・収益対応の原則に関連する業務用語。,Metric,会計
7545,費用収益対応の原則,Matching Principle,費用収益対応の原則に関連する業務用語。,Metric,会計
7546,費用機能法,,費用機能法に関連する業務用語。,Metric,会計
7547,費用配分の原則,,費用配分の原則に関連する業務用語。,Metric,会計
7548,費目別原価計算,,費目別原価計算に関連する業務用語。,Metric,会計
7549,貿易収支,,貿易収支に関連する業務用語。,Concept,共通
7550,貿易収支（米国）,,貿易収支（米国）に関連する業務用語。,Concept,共通
7551,貿易統計,,貿易統計に関連する業務用語。,Concept,共通
7552,賃借料,,賃借料に関連する業務用語。,Concept,共通
7553,資本,,資本に関連する業務用語。,Concept,共通
7554,資本コスト,Cost of Capital,資本コストに関連する業務用語。,Process,金融
7555,資本利益率,,資本利益率に関連する業務用語。,Concept,共通
7556,資本剰余金,Capital Surplus,資本剰余金に関連する業務用語。,Concept,会計
7557,資本割,,資本割に関連する業務用語。,Concept,共通
7558,資本効率,,資本効率に関連する業務用語。,Concept,共通
7559,資本取引,,資本取引に関連する業務用語。,Concept,共通
7560,資本取引・損益取引区分の原則,,資本取引・損益取引区分の原則に関連する業務用語。,Document,会計
7561,資本回収係数,,資本回収係数に関連する業務用語。,Concept,共通
7562,資本市場,,資本市場に関連する業務用語。,Concept,共通
7563,資本市場線,,資本市場線に関連する業務用語。,Concept,共通
7564,資本提携,,資本提携に関連する業務用語。,Concept,共通
7565,資本注入,,資本注入に関連する業務用語。,Concept,共通
7566,資本準備金,,資本準備金に関連する業務用語。,Concept,共通
7567,資本等式,,資本等式に関連する業務用語。,Concept,共通
7568,資本装備率,,資本装備率に関連する業務用語。,Concept,共通
7569,資本規制,,資本規制に関連する業務用語。,Concept,ガバナンス
7570,資本連結,,資本連結に関連する業務用語。,Document,会計
7571,資本金,Common Stock / Share Capital,資本金に関連する業務用語。,Concept,会計
7572,資源国,,資源国に関連する業務用語。,Concept,共通
7573,資源国通貨,,資源国通貨に関連する業務用語。,Concept,投資
7574,資産,Assets,資産に関連する業務用語。,Concept,会計
7575,資産の評価基準,,資産の評価基準に関連する業務用語。,Concept,会計
7576,資産の譲渡,,資産の譲渡に関連する業務用語。,Concept,会計
7577,資産の譲渡等,,資産の譲渡等に関連する業務用語。,Concept,会計
7578,資産の貸付け,,資産の貸付けに関連する業務用語。,Concept,会計
7579,資産・負債の総合管理,,資産・負債の総合管理に関連する業務用語。,Concept,会計
7580,資産三分法,,資産三分法に関連する業務用語。,Concept,会計
7581,資産担保証券,,資産担保証券に関連する業務用語。,Concept,会計
7582,資産管理,,資産管理に関連する業務用語。,Concept,会計
7583,資産負債アプローチ,,資産負債アプローチに関連する業務用語。,Concept,会計
7584,資産負債法,,資産負債法に関連する業務用語。,Concept,会計
7585,資産負債管理,,資産負債管理に関連する業務用語。,Concept,会計
7586,資産除去債務,,資産除去債務に関連する業務用語。,Concept,会計
7587,資金の範囲,,資金の範囲に関連する業務用語。,Concept,共通
7588,資金供給量,,資金供給量に関連する業務用語。,Concept,共通
7589,資金循環統計,,資金循環統計に関連する業務用語。,Concept,共通
7590,資金決済システム,,資金決済システムに関連する業務用語。,Concept,共通
7591,資金洗浄,,資金洗浄に関連する業務用語。,Concept,共通
7592,資金繰り,,資金繰りに関連する業務用語。,Concept,共通
7593,資金繰表,,資金繰表に関連する業務用語。,Concept,共通
7594,資金計画,,資金計画に関連する業務用語。,Concept,共通
7595,資金調達の状況,Financing Status,資金調達の状況に関連する業務用語。,Concept,調達
7596,資金調達コスト,,資金調達コストに関連する業務用語。,Concept,調達
7597,資金運用表,,資金運用表に関連する業務用語。,Concept,共通
7598,賞与,,賞与に関連する業務用語。,Process,人事
7599,賞与引当金,Bonus Reserve,賞与引当金に関連する業務用語。,Document,会計
7600,賞与引当金繰入額,,賞与引当金繰入額に関連する業務用語。,Document,会計
7601,賦課方式,,賦課方式に関連する業務用語。,Concept,共通
7602,賦課課税制度,,賦課課税制度に関連する業務用語。,Concept,共通
7603,質への逃避,,質への逃避に関連する業務用語。,Concept,共通
7604,質問検査権,,質問検査権に関連する業務用語。,Concept,共通
7605,購入のれん,,購入のれんに関連する業務用語。,Document,会計
7606,購入回数,Number of Purchases,購入回数に関連する業務用語。,Concept,共通
7607,購入業務／購買業務,,購入業務／購買業務に関連する業務用語。,Concept,調達
7608,購入者数,Number of Buyers,購入者数に関連する業務用語。,Concept,共通
7609,購買力平価,,購買力平価に関連する業務用語。,Concept,調達
7610,購買力平価(PPP),,購買力平価(PPP)に関連する業務用語。,Concept,調達
7611,購買担当者指数,,購買担当者指数に関連する業務用語。,Concept,調達
7612,購買担当者景況指数,,購買担当者景況指数に関連する業務用語。,Concept,調達
7613,贈与,,贈与に関連する業務用語。,Concept,共通
7614,贈与税,,贈与税に関連する業務用語。,Concept,共通
7615,贈与税の基礎控除,,贈与税の基礎控除に関連する業務用語。,Concept,共通
7616,贈与税の配偶者控除,,贈与税の配偶者控除に関連する業務用語。,Concept,共通
7617,贈収賄防止,Anti-corruption,贈収賄防止に関連する業務用語。,Concept,共通
7618,赤三兵,,赤三兵に関連する業務用語。,Concept,共通
7619,赤字,,赤字に関連する業務用語。,Concept,共通
7620,赤字国債,,赤字国債に関連する業務用語。,Concept,投資
7621,赤字国債発行法案,,赤字国債発行法案に関連する業務用語。,Concept,投資
7622,赤字決算,,赤字決算に関連する業務用語。,Document,会計
7623,赤字転換,Turnaround to Loss,赤字転換に関連する業務用語。,Concept,財務分析
7624,起債,,起債に関連する業務用語。,Concept,共通
7625,起票,,起票に関連する業務用語。,Concept,共通
7626,超過リターン,,超過リターンに関連する業務用語。,Concept,共通
7627,超過収益力,,超過収益力に関連する業務用語。,Metric,投資
7628,超過収益率,,超過収益率に関連する業務用語。,Metric,投資
7629,超過準備,,超過準備に関連する業務用語。,Concept,共通
7630,超過税率,,超過税率に関連する業務用語。,Concept,共通
7631,超長期国債,,超長期国債に関連する業務用語。,Concept,投資
7632,超長期社債,,超長期社債に関連する業務用語。,Concept,投資
7633,超高速取引,,超高速取引に関連する業務用語。,Concept,共通
7634,趨勢分析,,趨勢分析に関連する業務用語。,Concept,共通
7635,足どり,,足どりに関連する業務用語。,Concept,共通
7636,路線価,,路線価に関連する業務用語。,Concept,共通
7637,踊り場,,踊り場に関連する業務用語。,Concept,共通
7638,踏み,,踏みに関連する業務用語。,Concept,共通
7639,踏み上げ,,踏み上げに関連する業務用語。,Concept,共通
7640,車両費,,車両費に関連する業務用語。,Concept,共通
7641,車両運搬具,,車両運搬具に関連する業務用語。,Concept,共通
7642,車輌運搬具,,車輌運搬具に関連する業務用語。,Concept,共通
7643,軟化,,軟化に関連する業務用語。,Concept,共通
7644,軟調,,軟調に関連する業務用語。,Concept,共通
7645,転売,,転売に関連する業務用語。,Concept,共通
7646,転換予約権付株式,,転換予約権付株式に関連する業務用語。,Concept,財務分析
7647,転換価格,,転換価格に関連する業務用語。,Concept,共通
7648,転換価格修正条項付転換社債型新株予約権付社債,,転換価格修正条項付転換社債型新株予約権付社債に関連する業務用語。,Concept,財務分析
7649,転換売り,,転換売りに関連する業務用語。,Concept,共通
7650,転換点,,転換点に関連する業務用語。,Concept,共通
7651,転換率,,転換率に関連する業務用語。,Concept,共通
7652,転換社債アービトラージ,,転換社債アービトラージに関連する業務用語。,Concept,投資
7653,転換社債型新株予約権付社債,,転換社債型新株予約権付社債に関連する業務用語。,Concept,財務分析
7654,転換社債型（投資信託）,,転換社債型（投資信託）に関連する業務用語。,Concept,投資
7655,転換社債市場,,転換社債市場に関連する業務用語。,Concept,投資
7656,転記,,転記に関連する業務用語。,Concept,共通
7657,軽率な一般化,,軽率な一般化に関連する業務用語。,Concept,共通
7658,軽自動車税,,軽自動車税に関連する業務用語。,Concept,共通
7659,輸入インフレ,,輸入インフレに関連する業務用語。,Concept,共通
7660,輸入予約,,輸入予約に関連する業務用語。,Concept,共通
7661,輸入取引の仕入計上基準,,輸入取引の仕入計上基準に関連する業務用語。,Concept,調達
7662,輸入物価指数（米国）,,輸入物価指数（米国）に関連する業務用語。,Concept,共通
7663,輸入自由化,,輸入自由化に関連する業務用語。,Concept,共通
7664,輸出インフレ,,輸出インフレに関連する業務用語。,Concept,共通
7665,輸出ドライブ,,輸出ドライブに関連する業務用語。,Concept,共通
7666,輸出予約,,輸出予約に関連する業務用語。,Concept,共通
7667,輸出関連株,,輸出関連株に関連する業務用語。,Concept,共通
7668,農業生産法人,,農業生産法人に関連する業務用語。,Process,製造
7669,返報性,,返報性に関連する業務用語。,Concept,共通
7670,返戻金,,返戻金に関連する業務用語。,Concept,共通
7671,追い証,,追い証に関連する業務用語。,Concept,共通
7672,追加取得,,追加取得に関連する業務用語。,Concept,共通
7673,追加型,,追加型に関連する業務用語。,Concept,共通
7674,追加型投資信託,,追加型投資信託に関連する業務用語。,Metric,投資
7675,追加型株式投資信託,,追加型株式投資信託に関連する業務用語。,Concept,財務分析
7676,追加的のれん,,追加的のれんに関連する業務用語。,Document,会計
7677,追加設定,,追加設定に関連する業務用語。,Concept,共通
7678,追徴税額,,追徴税額に関連する業務用語。,Concept,共通
7679,追撃売り,,追撃売りに関連する業務用語。,Concept,共通
7680,追撃買い,,追撃買いに関連する業務用語。,Concept,共通
7681,追証,,追証に関連する業務用語。,Concept,共通
7682,追随安,,追随安に関連する業務用語。,Concept,共通
7683,追随高,,追随高に関連する業務用語。,Concept,共通
7684,退店,Store Closures,退店に関連する業務用語。,Concept,共通
7685,退職一時金制度,,退職一時金制度に関連する業務用語。,Concept,共通
7686,退職慰労金,,退職慰労金に関連する業務用語。,Concept,共通
7687,退職所得,,退職所得に関連する業務用語。,Concept,共通
7688,退職所得控除,,退職所得控除に関連する業務用語。,Concept,共通
7689,退職手当,,退職手当に関連する業務用語。,Concept,共通
7690,退職率,,退職率に関連する業務用語。,Concept,共通
7691,退職給付,,退職給付に関連する業務用語。,Concept,共通
7692,退職給付に係る負債,,退職給付に係る負債に関連する業務用語。,Concept,会計
7693,退職給付に係る資産,,退職給付に係る資産に関連する業務用語。,Concept,会計
7694,退職給付会計,,退職給付会計に関連する業務用語。,Document,会計
7695,退職給付信託,,退職給付信託に関連する業務用語。,Concept,共通
7696,退職給付債務,,退職給付債務に関連する業務用語。,Concept,共通
7697,退職給付債務のリサイクリング（組替調整）,,退職給付債務のリサイクリング（組替調整）に関連する業務用語。,Concept,共通
7698,退職給付制度,Retirement Benefit Plan,退職給付制度に関連する業務用語。,Concept,共通
7699,退職給付費用,,退職給付費用に関連する業務用語。,Metric,会計
7700,退職金,,退職金に関連する業務用語。,Process,人事
7701,送金小切手,,送金小切手に関連する業務用語。,Concept,共通
7702,送金為替手形,,送金為替手形に関連する業務用語。,Concept,投資
7703,逆イールド,,逆イールドに関連する業務用語。,Concept,共通
7704,逆ウォッチ曲線,,逆ウォッチ曲線に関連する業務用語。,Concept,共通
7705,逆ウオッチ曲線,,逆ウオッチ曲線に関連する業務用語。,Concept,共通
7706,逆ザヤ,,逆ザヤに関連する業務用語。,Concept,共通
7707,逆デュアル債,,逆デュアル債に関連する業務用語。,Concept,共通
7708,逆二重通貨建て債,,逆二重通貨建て債に関連する業務用語。,Concept,投資
7709,逆取得,,逆取得に関連する業務用語。,Concept,共通
7710,逆張り,,逆張りに関連する業務用語。,Concept,共通
7711,逆指し値注文,,逆指し値注文に関連する業務用語。,Concept,共通
7712,逆指値注文,,逆指値注文に関連する業務用語。,Concept,共通
7713,逆日歩,,逆日歩に関連する業務用語。,Concept,共通
7714,逆日歩に売りなし,,逆日歩に売りなしに関連する業務用語。,Concept,共通
7715,逆日歩に買いなし,,逆日歩に買いなしに関連する業務用語。,Concept,共通
7716,逆粉飾決算,,逆粉飾決算に関連する業務用語。,Document,会計
7717,逆行安,,逆行安に関連する業務用語。,Concept,共通
7718,逆行高,,逆行高に関連する業務用語。,Concept,共通
7719,逆選択,,逆選択に関連する業務用語。,Concept,共通
7720,途中償還,,途中償還に関連する業務用語。,Concept,共通
7721,途換金調整額,,途換金調整額に関連する業務用語。,Concept,共通
7722,通信費,,通信費に関連する業務用語。,Concept,共通
7723,通勤費用,,通勤費用に関連する業務用語。,Metric,会計
7724,通常制限値幅,,通常制限値幅に関連する業務用語。,Concept,共通
7725,通期予想,Full-Year Forecast,通期予想に関連する業務用語。,Concept,共通
7726,通期業績予想,Full-year Earnings Forecast,通期業績予想に関連する業務用語。,Concept,財務分析
7727,通知預金,,通知預金に関連する業務用語。,Concept,共通
7728,通貨オプション,,通貨オプションに関連する業務用語。,Concept,投資
7729,通貨スワップ,,通貨スワップに関連する業務用語。,Concept,投資
7730,通貨バスケット制,,通貨バスケット制に関連する業務用語。,Concept,投資
7731,通貨交換協定,,通貨交換協定に関連する業務用語。,Concept,投資
7732,通貨代用証券,,通貨代用証券に関連する業務用語。,Concept,投資
7733,通貨供給量,,通貨供給量に関連する業務用語。,Concept,投資
7734,通貨切り上げ,,通貨切り上げに関連する業務用語。,Concept,投資
7735,通貨切り下げ,,通貨切り下げに関連する業務用語。,Concept,投資
7736,通貨当局,,通貨当局に関連する業務用語。,Concept,投資
7737,通貨戦争,,通貨戦争に関連する業務用語。,Concept,投資
7738,通貨残高,,通貨残高に関連する業務用語。,Concept,投資
7739,通貨統合,,通貨統合に関連する業務用語。,Concept,投資
7740,通貨選択型投資信託,,通貨選択型投資信託に関連する業務用語。,Concept,投資
7741,連単倍率,,連単倍率に関連する業務用語。,Concept,共通
7742,連年贈与,,連年贈与に関連する業務用語。,Concept,共通
7743,連想売り,,連想売りに関連する業務用語。,Concept,共通
7744,連想買い,,連想買いに関連する業務用語。,Concept,共通
7745,連結の範囲,,連結の範囲に関連する業務用語。,Document,会計
7746,連結はずし,,連結はずしに関連する業務用語。,Document,会計
7747,連結キャッシュフロー計算書,,連結キャッシュフロー計算書に関連する業務用語。,Document,会計
7748,連結キャッシュ・フロー計算書,,連結キャッシュ・フロー計算書に関連する業務用語。,Document,会計
7749,連結パッケージ,,連結パッケージに関連する業務用語。,Document,会計
7750,連結中間申告,,連結中間申告に関連する業務用語。,Document,会計
7751,連結事業年度,,連結事業年度に関連する業務用語。,Document,会計
7752,連結会社,,連結会社に関連する業務用語。,Document,会計
7753,連結会計,,連結会計に関連する業務用語。,Document,会計
7754,連結包括利益計算書,,連結包括利益計算書に関連する業務用語。,Document,会計
7755,連結外し,,連結外しに関連する業務用語。,Document,会計
7756,連結子会社,Consolidated Subsidiary,連結子会社に関連する業務用語。,Document,会計
7757,連結子法人,,連結子法人に関連する業務用語。,Document,会計
7758,連結所得,,連結所得に関連する業務用語。,Document,会計
7759,連結所得に対する法人税率,,連結所得に対する法人税率に関連する業務用語。,Document,会計
7760,連結所得金額,,連結所得金額に関連する業務用語。,Document,会計
7761,連結欠損金額,,連結欠損金額に関連する業務用語。,Document,会計
7762,連結決算,Consolidated Settlement of Accounts,連結決算に関連する業務用語。,Document,会計
7763,連結決算日,,連結決算日に関連する業務用語。,Document,会計
7764,連結法,,連結法に関連する業務用語。,Document,会計
7765,連結法人税額,,連結法人税額に関連する業務用語。,Document,会計
7766,連結確定申告,,連結確定申告に関連する業務用語。,Document,会計
7767,連結範囲の変更を伴う子会社株式の取得に伴う支出,,連結範囲の変更を伴う子会社株式の取得に伴う支出に関連する業務用語。,Document,会計
7768,連結範囲の変更を伴う子会社株式の売却に伴う収入,,連結範囲の変更を伴う子会社株式の売却に伴う収入に関連する業務用語。,Document,会計
7769,連結精算表,,連結精算表に関連する業務用語。,Document,会計
7770,連結納税制度,,連結納税制度に関連する業務用語。,Document,会計
7771,連結親法人,,連結親法人に関連する業務用語。,Document,会計
7772,連結計算書類,,連結計算書類に関連する業務用語。,Document,会計
7773,連結財務諸表作成上における在外子会社等の会計処理上必要な修正項目,,連結財務諸表作成上における在外子会社等の会計処理上必要な修正項目に関連する業務用語。,Document,会計
7774,連結貸借対照表,,連結貸借対照表に関連する業務用語。,Document,会計
7775,連結配当規制会社,,連結配当規制会社に関連する業務用語。,Document,会計
7776,連続約定気配,,連続約定気配に関連する業務用語。,Concept,共通
7777,連邦住宅局,,連邦住宅局に関連する業務用語。,Concept,共通
7778,連邦住宅抵当公庫,,連邦住宅抵当公庫に関連する業務用語。,Concept,共通
7779,連邦住宅金融抵当金庫,,連邦住宅金融抵当金庫に関連する業務用語。,Concept,共通
7780,連邦公開市場委員会,,連邦公開市場委員会に関連する業務用語。,Entity,ガバナンス
7781,連邦政府抵当金庫,,連邦政府抵当金庫に関連する業務用語。,Concept,共通
7782,連邦準備制度,,連邦準備制度に関連する業務用語。,Concept,共通
7783,連邦準備制度理事会,,連邦準備制度理事会に関連する業務用語。,Concept,共通
7784,週足,,週足に関連する業務用語。,Concept,共通
7785,進捗率,Progress Rate,進捗率に関連する業務用語。,Concept,共通
7786,進捗（しんちょく）率,,進捗（しんちょく）率に関連する業務用語。,Concept,共通
7787,遅延認識項目,,遅延認識項目に関連する業務用語。,Concept,共通
7788,遅行指数,,遅行指数に関連する業務用語。,Concept,共通
7789,運営管理機関,,運営管理機関に関連する業務用語。,Concept,共通
7790,運用アドバイザー会社,,運用アドバイザー会社に関連する業務用語。,Entity,共通
7791,運用スタイル,,運用スタイルに関連する業務用語。,Concept,共通
7792,運用会社,,運用会社に関連する業務用語。,Entity,共通
7793,運用制限,,運用制限に関連する業務用語。,Concept,共通
7794,運用報告書,,運用報告書に関連する業務用語。,Concept,共通
7795,運用指図,,運用指図に関連する業務用語。,Concept,共通
7796,運用方針,,運用方針に関連する業務用語。,Concept,共通
7797,運用関係費用,,運用関係費用に関連する業務用語。,Metric,会計
7798,運管,,運管に関連する業務用語。,Concept,共通
7799,運転資本,Working Capital,運転資本に関連する業務用語。,Concept,共通
7800,運転資本(WC),,運転資本(WC)に関連する業務用語。,Concept,共通
7801,過剰債務,,過剰債務に関連する業務用語。,Concept,共通
7802,過去勤務債務,,過去勤務債務に関連する業務用語。,Concept,共通
7803,過小資本税制,,過小資本税制に関連する業務用語。,Concept,共通
7804,過少申告加算税,,過少申告加算税に関連する業務用語。,Concept,共通
7805,過怠税,,過怠税に関連する業務用語。,Concept,共通
7806,道府県民税,,道府県民税に関連する業務用語。,Concept,共通
7807,道路特定財源,,道路特定財源に関連する業務用語。,Concept,共通
7808,達成率,Achievement Rate,達成率に関連する業務用語。,Concept,共通
7809,違反配当,,違反配当に関連する業務用語。,Concept,財務分析
7810,違法配当,,違法配当に関連する業務用語。,Concept,財務分析
7811,遠くのものは避けよ,,遠くのものは避けよに関連する業務用語。,Concept,共通
7812,遡及修正,,遡及修正に関連する業務用語。,Concept,共通
7813,遡及適用,,遡及適用に関連する業務用語。,Concept,共通
7814,適債基準,,適債基準に関連する業務用語。,Concept,共通
7815,適合性の原則,,適合性の原則に関連する業務用語。,Concept,共通
7816,適応的優位性,Adaptive Advantage,適応的優位性に関連する業務用語。,Concept,共通
7817,適時開示,Timely Disclosure,適時開示に関連する業務用語。,Process,会計
7818,適時開示制度,,適時開示制度に関連する業務用語。,Process,会計
7819,適格合併,,適格合併に関連する業務用語。,Process,M&A
7820,適格機関投資家,,適格機関投資家に関連する業務用語。,Concept,ガバナンス
7821,適正意見,Unqualified Opinion,適正意見に関連する業務用語。,Concept,共通
7822,適温相場,,適温相場に関連する業務用語。,Concept,共通
7823,適用為替,,適用為替に関連する業務用語。,Concept,投資
7824,選別売り,,選別売りに関連する業務用語。,Concept,共通
7825,選別買い,,選別買いに関連する業務用語。,Concept,共通
7826,選抜教育,,選抜教育に関連する業務用語。,Concept,共通
7827,選択売り,,選択売りに関連する業務用語。,Concept,共通
7828,選択権付き為替予約,,選択権付き為替予約に関連する業務用語。,Concept,投資
7829,選択的認知,,選択的認知に関連する業務用語。,Concept,共通
7830,選択買い,,選択買いに関連する業務用語。,Concept,共通
7831,遺産,,遺産に関連する業務用語。,Concept,共通
7832,遺産分割,,遺産分割に関連する業務用語。,Concept,共通
7833,遺産分割協議,,遺産分割協議に関連する業務用語。,Concept,共通
7834,遺産分割協議書,,遺産分割協議書に関連する業務用語。,Concept,共通
7835,遺産整理業務,,遺産整理業務に関連する業務用語。,Concept,共通
7836,遺留分,,遺留分に関連する業務用語。,Concept,共通
7837,遺留分侵害額請求,,遺留分侵害額請求に関連する業務用語。,Concept,共通
7838,遺留分放棄,,遺留分放棄に関連する業務用語。,Concept,共通
7839,遺留分減殺請求,,遺留分減殺請求に関連する業務用語。,Concept,共通
7840,遺言,,遺言に関連する業務用語。,Concept,共通
7841,遺言信託,,遺言信託に関連する業務用語。,Concept,共通
7842,遺言執行者,,遺言執行者に関連する業務用語。,Concept,共通
7843,遺言書,,遺言書に関連する業務用語。,Concept,共通
7844,遺言書管理業務,,遺言書管理業務に関連する業務用語。,Concept,共通
7845,遺贈,,遺贈に関連する業務用語。,Concept,共通
7846,遺贈義務者,,遺贈義務者に関連する業務用語。,Concept,共通
7847,還付税額,,還付税額に関連する業務用語。,Concept,共通
7848,還付金,,還付金に関連する業務用語。,Concept,共通
7849,部分時価評価法,,部分時価評価法に関連する業務用語。,Process,人事
7850,部門個別費,,部門個別費に関連する業務用語。,Entity,共通
7851,部門共通費,,部門共通費に関連する業務用語。,Entity,共通
7852,部門別予算,,部門別予算に関連する業務用語。,Entity,共通
7853,部門別原価計算,,部門別原価計算に関連する業務用語。,Metric,会計
7854,郵貯預入限度額,,郵貯預入限度額に関連する業務用語。,Concept,共通
7855,都市銀行,,都市銀行に関連する業務用語。,Entity,金融
7856,配偶者の税額軽減,,配偶者の税額軽減に関連する業務用語。,Concept,共通
7857,配偶者居住権,,配偶者居住権に関連する業務用語。,Concept,共通
7858,配偶者控除,,配偶者控除に関連する業務用語。,Concept,共通
7859,配偶者特別控除,,配偶者特別控除に関連する業務用語。,Concept,共通
7860,配偶者短期居住権,,配偶者短期居住権に関連する業務用語。,Concept,共通
7861,配当,,企業が利益の一部を株主に分配すること。1株当たり配当額（DPS）で表す。,Concept,財務分析
7862,配当予想,Dividend Forecast,配当予想に関連する業務用語。,Concept,財務分析
7863,配当修正,Dividend Revision,配当修正に関連する業務用語。,Concept,財務分析
7864,配当割引モデル,,配当割引モデルに関連する業務用語。,Concept,財務分析
7865,配当取り,,配当取りに関連する業務用語。,Concept,財務分析
7866,配当可能利益,,配当可能利益に関連する業務用語。,Concept,財務分析
7867,配当可能限度額,,配当可能限度額に関連する業務用語。,Concept,財務分析
7868,配当基準日,,配当基準日に関連する業務用語。,Concept,財務分析
7869,配当所得,,配当所得に関連する業務用語。,Concept,財務分析
7870,配当所得（投資信託）,,配当所得（投資信託）に関連する業務用語。,Concept,財務分析
7871,配当指数先物,,配当指数先物に関連する業務用語。,Concept,財務分析
7872,配当控除,,配当控除に関連する業務用語。,Concept,財務分析
7873,配当支払率,,配当支払率に関連する業務用語。,Concept,財務分析
7874,配当政策,,配当政策に関連する業務用語。,Concept,財務分析
7875,配当方針,,配当方針に関連する業務用語。,Concept,財務分析
7876,配当期待権,,配当期待権に関連する業務用語。,Concept,財務分析
7877,配当異動,,配当異動に関連する業務用語。,Concept,財務分析
7878,配当落ち,,配当落ちに関連する業務用語。,Concept,財務分析
7879,配当落調整金,,配当落調整金に関連する業務用語。,Concept,財務分析
7880,配当課税,,配当課税に関連する業務用語。,Concept,財務分析
7881,配当起算日,,配当起算日に関連する業務用語。,Concept,財務分析
7882,配当還元方式,,配当還元方式に関連する業務用語。,Concept,財務分析
7883,配当金,Dividend,配当金に関連する業務用語。,Concept,財務分析
7884,配当金領収書,,配当金領収書に関連する業務用語。,Concept,財務分析
7885,配賦基準,,配賦基準に関連する業務用語。,Metric,会計
7886,配賦計算,,配賦計算に関連する業務用語。,Metric,会計
7887,酒田五法,,酒田五法に関連する業務用語。,Concept,共通
7888,酒田罫（ケイ）線,,酒田罫（ケイ）線に関連する業務用語。,Concept,共通
7889,酒税,,酒税に関連する業務用語。,Concept,共通
7890,重加算税,,重加算税に関連する業務用語。,Concept,共通
7891,重回帰分析,,重回帰分析に関連する業務用語。,Concept,共通
7892,重要な不確実性,,重要な不確実性に関連する業務用語。,Concept,共通
7893,重要な親会社及び子会社の状況,Status of Important Parent Company and Subsidiaries,重要な親会社及び子会社の状況に関連する業務用語。,Entity,共通
7894,重要事実,,重要事実に関連する業務用語。,Concept,共通
7895,重要性の判断,,重要性の判断に関連する業務用語。,Concept,共通
7896,重要性の原則,Materiality Principle,重要性の原則に関連する業務用語。,Concept,共通
7897,重要業績評価指標,,重要業績評価指標に関連する業務用語。,Process,人事
7898,重要業績評価指標(KPI),,重要業績評価指標(KPI)に関連する業務用語。,Concept,経営戦略
7899,量子コンピュータ,,量子コンピュータに関連する業務用語。,Concept,共通
7900,量的・質的金融緩和,,量的・質的金融緩和に関連する業務用語。,Concept,共通
7901,量的緩和,,量的緩和に関連する業務用語。,Concept,共通
7902,量的緩和策,,量的緩和策に関連する業務用語。,Concept,共通
7903,量的緩和解除,,量的緩和解除に関連する業務用語。,Concept,共通
7904,金ETF,,金ETFに関連する業務用語。,Metric,投資
7905,金のなる木（BCGマトリクス）,Cash Cow (BCG Matrix),金のなる木（BCGマトリクス）に関連する業務用語。,Concept,経営戦略
7906,金利と為替,,金利と為替に関連する業務用語。,Concept,投資
7907,金利スワップ,,金利スワップに関連する業務用語。,Concept,投資
7908,金利リスク,Interest Rate Risk,金利リスクに関連する業務用語。,Concept,共通
7909,金利敏感株,,金利敏感株に関連する業務用語。,Concept,共通
7910,金利自由化,,金利自由化に関連する業務用語。,Concept,共通
7911,金地金,,金地金に関連する業務用語。,Concept,共通
7912,金外信託,,金外信託に関連する業務用語。,Concept,共通
7913,金庫株,,金庫株に関連する業務用語。,Concept,共通
7914,金種表,,金種表に関連する業務用語。,Concept,共通
7915,金融の自由化,,金融の自由化に関連する業務用語。,Concept,共通
7916,金融ビッグバン,,金融ビッグバンに関連する業務用語。,Concept,共通
7917,金融リテラシー,,金融リテラシーに関連する業務用語。,Concept,共通
7918,金融債,,金融債に関連する業務用語。,Concept,共通
7919,金融先物,,金融先物に関連する業務用語。,Concept,投資
7920,金融先物取引,,金融先物取引に関連する業務用語。,Concept,投資
7921,金融先物取引業者,,金融先物取引業者に関連する業務用語。,Concept,投資
7922,金融再生プログラム,,金融再生プログラムに関連する業務用語。,Concept,共通
7923,金融再生委員会,,金融再生委員会に関連する業務用語。,Entity,ガバナンス
7924,金融危機対応の時限装置,,金融危機対応の時限装置に関連する業務用語。,Concept,共通
7925,金融収支,,金融収支に関連する業務用語。,Concept,共通
7926,金融取,,金融取に関連する業務用語。,Concept,共通
7927,金融商品,,金融商品に関連する業務用語。,Concept,共通
7928,金融商品仲介業,,金融商品仲介業に関連する業務用語。,Concept,共通
7929,金融商品会計,,金融商品会計に関連する業務用語。,Document,会計
7930,金融商品取引所,,金融商品取引所に関連する業務用語。,Concept,共通
7931,金融商品取引業,,金融商品取引業に関連する業務用語。,Concept,共通
7932,金融商品取引業協会,,金融商品取引業協会に関連する業務用語。,Concept,共通
7933,金融商品取引業者,,金融商品取引業者に関連する業務用語。,Concept,共通
7934,金融商品取引法,Financial Instruments and Exchange Act,金融商品取引法に関連する業務用語。,Concept,共通
7935,金融安定理事会,,金融安定理事会に関連する業務用語。,Concept,共通
7936,金融審議会,,金融審議会に関連する業務用語。,Concept,共通
7937,金融工学,,金融工学に関連する業務用語。,Concept,共通
7938,金融庁,,金融庁に関連する業務用語。,Concept,ガバナンス
7939,金融引き締め,,金融引き締めに関連する業務用語。,Concept,共通
7940,金融引締め,,金融引締めに関連する業務用語。,Concept,共通
7941,金融所得一体課税,,金融所得一体課税に関連する業務用語。,Concept,共通
7942,金融持ち株会社,,金融持ち株会社に関連する業務用語。,Entity,共通
7943,金融政策,,金融政策に関連する業務用語。,Concept,共通
7944,金融政策決定会合,,金融政策決定会合に関連する業務用語。,Concept,共通
7945,金融検査マニュアル,,金融検査マニュアルに関連する業務用語。,Concept,共通
7946,金融機能強化法,,金融機能強化法に関連する業務用語。,Concept,共通
7947,金融活動作業部会,,金融活動作業部会に関連する業務用語。,Concept,共通
7948,金融派生商品,,金融派生商品に関連する業務用語。,Concept,共通
7949,金融相場,,金融相場に関連する業務用語。,Concept,共通
7950,金融経済,,金融経済に関連する業務用語。,Concept,共通
7951,金融経済月報,,金融経済月報に関連する業務用語。,Concept,共通
7952,金融緩和,,金融緩和に関連する業務用語。,Concept,共通
7953,金融緩和競争,,金融緩和競争に関連する業務用語。,Concept,共通
7954,金融記者クラブ,,金融記者クラブに関連する業務用語。,Concept,共通
7955,金融調節,,金融調節に関連する業務用語。,Concept,共通
7956,金融負債,,金融負債に関連する業務用語。,Concept,会計
7957,金融資産,,金融資産に関連する業務用語。,Concept,会計
7958,金鉱株,,金鉱株に関連する業務用語。,Concept,共通
7959,金銭の信託,,金銭の信託に関連する業務用語。,Concept,共通
7960,金銭債務,,金銭債務に関連する業務用語。,Concept,共通
7961,金銭債権,,金銭債権に関連する業務用語。,Concept,共通
7962,金銭出資,,金銭出資に関連する業務用語。,Concept,共通
7963,金銭消費貸借,,金銭消費貸借に関連する業務用語。,Document,会計
7964,鉱工業指数,,鉱工業指数に関連する業務用語。,Concept,共通
7965,鉱工業生産指数,,鉱工業生産指数に関連する業務用語。,Process,製造
7966,鉱工業製品価格（カナダ）,,鉱工業製品価格（カナダ）に関連する業務用語。,Concept,共通
7967,銀行代理店制度,,銀行代理店制度に関連する業務用語。,Entity,金融
7968,銀行券ルール,,銀行券ルールに関連する業務用語。,Entity,金融
7969,銀行勘定調整表,,銀行勘定調整表に関連する業務用語。,Document,会計
7970,銀行取引停止,,銀行取引停止に関連する業務用語。,Entity,金融
7971,銀行振込,,銀行振込に関連する業務用語。,Entity,金融
7972,銀行法24条,,銀行法24条に関連する業務用語。,Entity,金融
7973,銀行窓販,,銀行窓販に関連する業務用語。,Entity,金融
7974,銀行等保有株式取得機構,,銀行等保有株式取得機構に関連する業務用語。,Concept,財務分析
7975,銀行等引受債,,銀行等引受債に関連する業務用語。,Entity,金融
7976,銘柄,,銘柄に関連する業務用語。,Concept,共通
7977,銘柄コード,,銘柄コードに関連する業務用語。,Concept,共通
7978,長プラ,,長プラに関連する業務用語。,Concept,共通
7979,長期インセンティブ,,長期インセンティブに関連する業務用語。,Concept,共通
7980,長期プライムレート,,長期プライムレートに関連する業務用語。,Concept,共通
7981,長期借入金,Long-term Loans Payable,長期借入金に関連する業務用語。,Process,金融
7982,長期債格付け,,長期債格付けに関連する業務用語。,Concept,共通
7983,長期公社債投資信託,,長期公社債投資信託に関連する業務用語。,Concept,投資
7984,長期割賦販売等,,長期割賦販売等に関連する業務用語。,Concept,共通
7985,長期国債,,長期国債に関連する業務用語。,Concept,投資
7986,長期国債先物取引,,長期国債先物取引に関連する業務用語。,Concept,投資
7987,長期大規模工事,,長期大規模工事に関連する業務用語。,Concept,共通
7988,長期経営計画,,長期経営計画に関連する業務用語。,Concept,共通
7989,長期負債,,長期負債に関連する業務用語。,Concept,会計
7990,長期貸付金,Long-term Loans Receivable,長期貸付金に関連する業務用語。,Concept,共通
7991,長期金利,,長期金利に関連する業務用語。,Concept,共通
7992,長期金利操作,,長期金利操作に関連する業務用語。,Concept,共通
7993,長期金融市場,,長期金融市場に関連する業務用語。,Concept,共通
7994,開始仕訳,,開始仕訳に関連する業務用語。,Document,会計
7995,開業準備行為,,開業準備行為に関連する業務用語。,Concept,共通
7996,開業費,,開業費に関連する業務用語。,Concept,共通
7997,開発,Development,開発に関連する業務用語。,Concept,共通
7998,開示後発事象,,開示後発事象に関連する業務用語。,Process,会計
7999,開示注意銘柄,,開示注意銘柄に関連する業務用語。,Process,会計
8000,閑散,,閑散に関連する業務用語。,Concept,共通
8001,閑散に売りなし,,閑散に売りなしに関連する業務用語。,Concept,共通
8002,間接労務費,,間接労務費に関連する業務用語。,Concept,共通
8003,間接支配,,間接支配に関連する業務用語。,Concept,共通
8004,間接材料費,,間接材料費に関連する業務用語。,Concept,共通
8005,間接法,,間接法に関連する業務用語。,Concept,共通
8006,間接税,,間接税に関連する業務用語。,Concept,共通
8007,間接経費,,間接経費に関連する業務用語。,Concept,共通
8008,間接費,,間接費に関連する業務用語。,Concept,共通
8009,間接金融,,間接金融に関連する業務用語。,Concept,共通
8010,関係会社,,関係会社に関連する業務用語。,Entity,共通
8011,関係会社の状況,Status of Affiliates,関係会社の状況に関連する業務用語。,Entity,共通
8012,関税,,関税に関連する業務用語。,Concept,共通
8013,関税割当制度,,関税割当制度に関連する業務用語。,Concept,共通
8014,関税及び貿易に関する一般協定,,関税及び貿易に関する一般協定に関連する業務用語。,Concept,共通
8015,関連会社,,関連会社に関連する業務用語。,Entity,共通
8016,関連会社の範囲,,関連会社の範囲に関連する業務用語。,Entity,共通
8017,関連原価,,関連原価に関連する業務用語。,Metric,会計
8018,関連多角化,,関連多角化に関連する業務用語。,Concept,共通
8019,関連当事者,,関連当事者に関連する業務用語。,Concept,共通
8020,関連当事者取引,Related Party Transaction,関連当事者取引に関連する業務用語。,Concept,共通
8021,関連株,,関連株に関連する業務用語。,Concept,共通
8022,防戦売り,,防戦売りに関連する業務用語。,Concept,共通
8023,防戦買い,,防戦買いに関連する業務用語。,Concept,共通
8024,附属明細書,,附属明細書に関連する業務用語。,Concept,共通
8025,附属明細表,,附属明細表に関連する業務用語。,Concept,共通
8026,附帯税,,附帯税に関連する業務用語。,Concept,共通
8027,附帯税の税額,,附帯税の税額に関連する業務用語。,Concept,共通
8028,限定付き適正意見,Qualified Opinion,限定付き適正意見に関連する業務用語。,Concept,共通
8029,限定承認,,限定承認に関連する業務用語。,Concept,共通
8030,限定相続,,限定相続に関連する業務用語。,Concept,共通
8031,限日取引,,限日取引に関連する業務用語。,Concept,共通
8032,限月,,限月に関連する業務用語。,Concept,共通
8033,限月交代,,限月交代に関連する業務用語。,Concept,共通
8034,限月間スプレッド取引,,限月間スプレッド取引に関連する業務用語。,Concept,共通
8035,限界利益,,限界利益に関連する業務用語。,Concept,共通
8036,限界利益率,,限界利益率に関連する業務用語。,Concept,共通
8037,限界費用ゼロ社会,,限界費用ゼロ社会に関連する業務用語。,Metric,会計
8038,除数,,除数に関連する業務用語。,Concept,共通
8039,除権決定,,除権決定に関連する業務用語。,Concept,共通
8040,陰線,,陰線に関連する業務用語。,Concept,共通
8041,陰陽線,,陰陽線に関連する業務用語。,Concept,共通
8042,陰陽足,,陰陽足に関連する業務用語。,Concept,共通
8043,陽線,,陽線に関連する業務用語。,Concept,共通
8044,階層別教育,,階層別教育に関連する業務用語。,Concept,共通
8045,階層型ナビゲーション,,階層型ナビゲーションに関連する業務用語。,Concept,共通
8046,随時償還,,随時償還に関連する業務用語。,Concept,共通
8047,随時補給制度,,随時補給制度に関連する業務用語。,Concept,共通
8048,隔月分配型,,隔月分配型に関連する業務用語。,Concept,共通
8049,隔絶地遺言,,隔絶地遺言に関連する業務用語。,Concept,共通
8050,障害者控除,,障害者控除に関連する業務用語。,Concept,共通
8051,隠れた前提,,隠れた前提に関連する業務用語。,Concept,共通
8052,隠れ借金,,隠れ借金に関連する業務用語。,Concept,共通
8053,集中戦略,Focus Strategy,集中戦略に関連する業務用語。,Concept,経営戦略
8054,集中投資,,集中投資に関連する業務用語。,Concept,共通
8055,集合知,,集合知に関連する業務用語。,Concept,共通
8056,集団,,集団に関連する業務用語。,Concept,共通
8057,集団凝集性,,集団凝集性に関連する業務用語。,Concept,共通
8058,集団投資スキーム,,集団投資スキームに関連する業務用語。,Concept,共通
8059,集団浅慮,,集団浅慮に関連する業務用語。,Concept,共通
8060,集団的エンゲージメント,,集団的エンゲージメントに関連する業務用語。,Concept,ガバナンス
8061,雇用統計（米国）,,雇用統計（米国）に関連する業務用語。,Concept,共通
8062,雇用者報酬,,雇用者報酬に関連する業務用語。,Process,人事
8063,雇用者数（オーストラリア）,,雇用者数（オーストラリア）に関連する業務用語。,Concept,共通
8064,雇用者数（カナダ）,,雇用者数（カナダ）に関連する業務用語。,Concept,共通
8065,雑収入,,雑収入に関連する業務用語。,Concept,共通
8066,雑所得,,雑所得に関連する業務用語。,Concept,共通
8067,雑損失,,雑損失に関連する業務用語。,Metric,会計
8068,雑損控除,,雑損控除に関連する業務用語。,Concept,共通
8069,雑給,,雑給に関連する業務用語。,Concept,共通
8070,雑費,,雑費に関連する業務用語。,Concept,共通
8071,離職率,Turnover Rate,離職率に関連する業務用語。,Concept,共通
8072,難船危急時遺言,,難船危急時遺言に関連する業務用語。,Concept,共通
8073,雲罫線,,雲罫線に関連する業務用語。,Concept,共通
8074,電信仲値相場,,電信仲値相場に関連する業務用語。,Concept,共通
8075,電信売相場,,電信売相場に関連する業務用語。,Concept,共通
8076,電信買相場,,電信買相場に関連する業務用語。,Concept,共通
8077,電力債,,電力債に関連する業務用語。,Concept,共通
8078,電子タグ,,電子タグに関連する業務用語。,Concept,共通
8079,電子マネー,Electronic Money,電子マネーに関連する業務用語。,Concept,共通
8080,電子交付,,電子交付に関連する業務用語。,Concept,共通
8081,電子債権記録機関,,電子債権記録機関に関連する業務用語。,Concept,共通
8082,電子商取引,Electronic Commerce (EC),電子商取引に関連する業務用語。,Concept,共通
8083,電子記録債権,,電子記録債権に関連する業務用語。,Concept,調達
8084,電子記録移転有価証券表示権利等,,電子記録移転有価証券表示権利等に関連する業務用語。,Concept,投資
8085,電子記録移転権利,,電子記録移転権利に関連する業務用語。,Concept,共通
8086,電話加入権,,電話加入権に関連する業務用語。,Concept,共通
8087,需給ギャップ,,需給ギャップに関連する業務用語。,Concept,共通
8088,需給相場,,需給相場に関連する業務用語。,Concept,共通
8089,需給関係,,需給関係に関連する業務用語。,Concept,共通
8090,需要予測方式,,需要予測方式に関連する業務用語。,Concept,共通
8091,需要価格設定,,需要価格設定に関連する業務用語。,Concept,共通
8092,震災復興支援ファンド,,震災復興支援ファンドに関連する業務用語。,Metric,投資
8093,霞ヶ関埋蔵金,,霞ヶ関埋蔵金に関連する業務用語。,Concept,共通
8094,青天井,,青天井に関連する業務用語。,Concept,共通
8095,青空天井,,青空天井に関連する業務用語。,Concept,共通
8096,青空銘柄,,青空銘柄に関連する業務用語。,Concept,共通
8097,青色申告,,青色申告に関連する業務用語。,Concept,共通
8098,青色申告会,,青色申告会に関連する業務用語。,Concept,共通
8099,青色申告特別控除,,青色申告特別控除に関連する業務用語。,Concept,共通
8100,非ゼロサムゲーム,,非ゼロサムゲームに関連する業務用語。,Concept,共通
8101,非不胎化介入,,非不胎化介入に関連する業務用語。,Concept,共通
8102,非両立バイアス,,非両立バイアスに関連する業務用語。,Concept,共通
8103,非公開会社,,非公開会社に関連する業務用語。,Entity,共通
8104,非危険利子率,,非危険利子率に関連する業務用語。,Concept,共通
8105,非営利法人会計,,非営利法人会計に関連する業務用語。,Document,会計
8106,非嫡出子,,非嫡出子に関連する業務用語。,Concept,共通
8107,非支配株主,,非支配株主に関連する業務用語。,Concept,財務分析
8108,非支配株主がいる子会社の債務超過,,非支配株主がいる子会社の債務超過に関連する業務用語。,Concept,財務分析
8109,非支配株主に帰属する当期純利益,Net Income Attributable to Non-controlling Interests,非支配株主に帰属する当期純利益に関連する業務用語。,Metric,会計
8110,非支配株主持分,Non-controlling Interests (B/S),非支配株主持分に関連する業務用語。,Concept,財務分析
8111,非政府保証債,,非政府保証債に関連する業務用語。,Concept,共通
8112,非流動性ディスカウント,,非流動性ディスカウントに関連する業務用語。,Concept,共通
8113,非減価償却資産,,非減価償却資産に関連する業務用語。,Document,会計
8114,非耐久財,,非耐久財に関連する業務用語。,Concept,共通
8115,非言語コミュニケーション,,非言語コミュニケーションに関連する業務用語。,Concept,共通
8116,非課税取引,,非課税取引に関連する業務用語。,Concept,共通
8117,非財務情報,Non-financial Information,非財務情報に関連する業務用語。,Concept,共通
8118,非農業部門雇用者数,,非農業部門雇用者数に関連する業務用語。,Entity,共通
8119,非連結子会社,,非連結子会社に関連する業務用語。,Document,会計
8120,非適格合併,,非適格合併に関連する業務用語。,Process,M&A
8121,非関連多角化,,非関連多角化に関連する業務用語。,Concept,共通
8122,面合わせ,,面合わせに関連する業務用語。,Concept,共通
8123,韓国総合株価指数,,韓国総合株価指数に関連する業務用語。,Concept,財務分析
8124,順ざや,,順ざやに関連する業務用語。,Concept,共通
8125,順イールド,,順イールドに関連する業務用語。,Concept,共通
8126,順ザヤ,,順ザヤに関連する業務用語。,Concept,共通
8127,順デュアル債,,順デュアル債に関連する業務用語。,Concept,共通
8128,順位相関指数,,順位相関指数に関連する業務用語。,Concept,投資
8129,順張り,,順張りに関連する業務用語。,Concept,共通
8130,預り金,,預り金に関連する業務用語。,Concept,共通
8131,預託,,預託に関連する業務用語。,Concept,共通
8132,預託証券,,預託証券に関連する業務用語。,Concept,投資
8133,預貸率,,預貸率に関連する業務用語。,Concept,共通
8134,預金,,預金に関連する業務用語。,Concept,共通
8135,預金保険制度,,預金保険制度に関連する業務用語。,Concept,共通
8136,預金保険料,,預金保険料に関連する業務用語。,Concept,共通
8137,預金保険機構,,預金保険機構に関連する業務用語。,Concept,共通
8138,預金利ざや,,預金利ざやに関連する業務用語。,Concept,共通
8139,預金台帳,,預金台帳に関連する業務用語。,Concept,共通
8140,預金封鎖,,預金封鎖に関連する業務用語。,Concept,共通
8141,預金小切手,,預金小切手に関連する業務用語。,Concept,共通
8142,預金残高調整表,,預金残高調整表に関連する業務用語。,Concept,共通
8143,預金準備率,,預金準備率に関連する業務用語。,Concept,共通
8144,預金準備率操作,,預金準備率操作に関連する業務用語。,Concept,共通
8145,頭が重い,,頭が重いに関連する業務用語。,Concept,共通
8146,頭と尻尾はくれてやれ,,頭と尻尾はくれてやれに関連する業務用語。,Concept,共通
8147,頭打ち,,頭打ちに関連する業務用語。,Concept,共通
8148,額面,,額面に関連する業務用語。,Concept,共通
8149,額面割れ,,額面割れに関連する業務用語。,Concept,共通
8150,額面株式,,額面株式に関連する業務用語。,Concept,財務分析
8151,額面金額,,額面金額に関連する業務用語。,Concept,共通
8152,額面（債券）,,額面（債券）に関連する業務用語。,Concept,投資
8153,額面（株式）,,額面（株式）に関連する業務用語。,Concept,財務分析
8154,顔合わせ,,顔合わせに関連する業務用語。,Concept,共通
8155,類似会社比準価格算定方式,,類似会社比準価格算定方式に関連する業務用語。,Entity,共通
8156,類似誤差,,類似誤差に関連する業務用語。,Concept,共通
8157,顧客の視点,,顧客の視点に関連する業務用語。,Concept,営業
8158,顧客インタビュー,,顧客インタビューに関連する業務用語。,Concept,営業
8159,顧客セグメンテーション,Customer Segmentation,顧客セグメンテーションに関連する業務用語。,Concept,営業
8160,顧客ロイヤルティ,,顧客ロイヤルティに関連する業務用語。,Concept,営業
8161,顧客内シェア,,顧客内シェアに関連する業務用語。,Concept,営業
8162,顧客創造型マーケティング,,顧客創造型マーケティングに関連する業務用語。,Concept,営業
8163,顧客接点,,顧客接点に関連する業務用語。,Concept,営業
8164,顧客満足,,顧客満足に関連する業務用語。,Concept,営業
8165,顧客満足度,Customer Satisfaction,顧客満足度に関連する業務用語。,Concept,営業
8166,顧客特性,,顧客特性に関連する業務用語。,Concept,営業
8167,顧客獲得コスト,Customer Acquisition Cost (CAC),顧客獲得コストに関連する業務用語。,Concept,営業
8168,顧客生涯価値,Customer Lifetime Value (LTV/CLV),顧客生涯価値に関連する業務用語。,Concept,営業
8169,顧客維持,,顧客維持に関連する業務用語。,Concept,営業
8170,顧客資産残高,Assets Under Management / Client Assets,顧客資産残高に関連する業務用語。,Concept,会計
8171,風説の流布,,風説の流布に関連する業務用語。,Concept,共通
8172,飛ばし,,飛ばしに関連する業務用語。,Concept,共通
8173,飛び付き買い,,飛び付き買いに関連する業務用語。,Concept,共通
8174,食い合い,,食い合いに関連する業務用語。,Concept,共通
8175,食品ロス,,食品ロスに関連する業務用語。,Concept,共通
8176,食品事業,Food Business,食品事業に関連する業務用語。,Concept,共通
8177,食品安全,Food Safety,食品安全に関連する業務用語。,Concept,共通
8178,養殖,Aquaculture,養殖に関連する業務用語。,Concept,共通
8179,養老保険,,養老保険に関連する業務用語。,Concept,共通
8180,香港H株,,香港H株に関連する業務用語。,Concept,共通
8181,香港ハンセン指数,,香港ハンセン指数に関連する業務用語。,Concept,共通
8182,香港レッドチップ株,,香港レッドチップ株に関連する業務用語。,Concept,共通
8183,香港証券取引所,,香港証券取引所に関連する業務用語。,Concept,投資
8184,馬鹿と相場には勝てぬ,,馬鹿と相場には勝てぬに関連する業務用語。,Concept,共通
8185,馴合い売買,,馴合い売買に関連する業務用語。,Concept,共通
8186,騰落レシオ,,騰落レシオに関連する業務用語。,Concept,共通
8187,騰落株線,,騰落株線に関連する業務用語。,Concept,共通
8188,騰落率,,騰落率に関連する業務用語。,Concept,共通
8189,骨太の方針,,骨太の方針に関連する業務用語。,Concept,共通
8190,高値,,高値に関連する業務用語。,Concept,共通
8191,高値つかみ,,高値つかみに関連する業務用語。,Concept,共通
8192,高値もみ合い,,高値もみ合いに関連する業務用語。,Concept,共通
8193,高値引け,,高値引けに関連する業務用語。,Concept,共通
8194,高値待ち,,高値待ちに関連する業務用語。,Concept,共通
8195,高値覚え,,高値覚えに関連する業務用語。,Concept,共通
8196,高値警戒,,高値警戒に関連する業務用語。,Concept,共通
8197,高利回り債,,高利回り債に関連する業務用語。,Concept,共通
8198,高寄り,,高寄りに関連する業務用語。,Concept,共通
8199,高速高頻度取引,,高速高頻度取引に関連する業務用語。,Concept,共通
8200,高頻度取引,,高頻度取引に関連する業務用語。,Concept,共通
8201,鯨幕相場,,鯨幕相場に関連する業務用語。,Concept,共通
8202,麦わら帽は冬に買え,,麦わら帽は冬に買えに関連する業務用語。,Concept,共通
8203,黄金株,,黄金株に関連する業務用語。,Concept,共通
8204,黒三兵,,黒三兵に関連する業務用語。,Concept,共通
8205,黒字倒産,,黒字倒産に関連する業務用語。,Concept,共通
8206,黒字決算,,黒字決算に関連する業務用語。,Document,会計
8207,黒字転換,Turnaround to Profit,黒字転換に関連する業務用語。,Concept,財務分析
8208,（ストック・オプションの）公正な評価額,,（ストック・オプションの）公正な評価額に関連する業務用語。,Concept,投資
8209,（社）投資信託協会,,（社）投資信託協会に関連する業務用語。,Metric,投資
8210,１円会社,,１円会社に関連する業務用語。,Entity,共通
8211,５A,,５Aに関連する業務用語。,Concept,共通
8212,５フォース分析,,５フォース分析に関連する業務用語。,Concept,共通
8213,５千円基準,,５千円基準に関連する業務用語。,Concept,共通
8214,５％ルール（独占禁止法）,,５％ルール（独占禁止法）に関連する業務用語。,Concept,共通
8215,ＡＢＬ,,ＡＢＬに関連する業務用語。,Concept,共通
8216,ＡＤＰ雇用者数,,ＡＤＰ雇用者数に関連する業務用語。,Concept,共通
8217,ＡＤＲ,,ＡＤＲに関連する業務用語。,Concept,共通
8218,ＡＥＯ制度,,ＡＥＯ制度に関連する業務用語。,Concept,共通
8219,ＡＬＭ,,ＡＬＭに関連する業務用語。,Concept,共通
8220,ＡＮＺ企業信頼感指数,,ＡＮＺ企業信頼感指数に関連する業務用語。,Entity,共通
8221,ＡＳＢＪ,,ＡＳＢＪに関連する業務用語。,Concept,共通
8222,ＡＴＭ,,ＡＴＭに関連する業務用語。,Concept,共通
8223,Ａｍｅｘ,,Ａｍｅｘに関連する業務用語。,Concept,共通
8224,Ｂ／Ｓ,,Ｂ／Ｓに関連する業務用語。,Concept,共通
8225,ＢＢ,,ＢＢに関連する業務用語。,Concept,共通
8226,ＢＤＩ,,ＢＤＩに関連する業務用語。,Concept,共通
8227,ＢＩＳ規制,,ＢＩＳ規制に関連する業務用語。,Concept,ガバナンス
8228,ＢＰＳ,,ＢＰＳに関連する業務用語。,Concept,共通
8229,ＢａａＳ,,ＢａａＳに関連する業務用語。,Concept,共通
8230,Ｃ／Ｆ,,Ｃ／Ｆに関連する業務用語。,Concept,共通
8231,ＣＡＣ４０指数,,ＣＡＣ４０指数に関連する業務用語。,Concept,共通
8232,ＣＡＰ,,ＣＡＰに関連する業務用語。,Concept,共通
8233,ＣＡＰＥＸ,,ＣＡＰＥＸに関連する業務用語。,Concept,共通
8234,ＣＡＰＭ,,ＣＡＰＭに関連する業務用語。,Concept,共通
8235,ＣＢ,,ＣＢに関連する業務用語。,Concept,共通
8236,ＣＢＤＣ,,ＣＢＤＣに関連する業務用語。,Concept,共通
8237,ＣＣＩ,,ＣＣＩに関連する業務用語。,Concept,共通
8238,ＣＤ,,ＣＤに関連する業務用語。,Concept,共通
8239,ＣＤＳ,,ＣＤＳに関連する業務用語。,Concept,共通
8240,ＣＥＯ,,ＣＥＯに関連する業務用語。,Concept,共通
8241,ＣＦＤ,,ＣＦＤに関連する業務用語。,Concept,共通
8242,ＣＦＯ,,ＣＦＯに関連する業務用語。,Concept,共通
8243,ＣＦＰＳ,,ＣＦＰＳに関連する業務用語。,Concept,共通
8244,ＣＧコード,,ＣＧコードに関連する業務用語。,Concept,共通
8245,ＣＧ報告書,,ＣＧ報告書に関連する業務用語。,Concept,共通
8246,ＣＩ,,ＣＩに関連する業務用語。,Concept,共通
8247,ＣＩＯ,,ＣＩＯに関連する業務用語。,Concept,共通
8248,ＣＯＯ,,ＣＯＯに関連する業務用語。,Concept,共通
8249,ＣＰ,,ＣＰに関連する業務用語。,Concept,共通
8250,ＣＰＩ,,ＣＰＩに関連する業務用語。,Concept,共通
8251,ＣＲＢ指数,,ＣＲＢ指数に関連する業務用語。,Concept,共通
8252,ＣＲＳ,,ＣＲＳに関連する業務用語。,Concept,共通
8253,ＣＳＡ,,ＣＳＡに関連する業務用語。,Concept,共通
8254,ＣＳＲ,,ＣＳＲに関連する業務用語。,Concept,共通
8255,ＣＴＩ,,ＣＴＩに関連する業務用語。,Concept,共通
8256,Ｄ－ＳＩＢｓ,,Ｄ－ＳＩＢｓに関連する業務用語。,Concept,共通
8257,ＤＡＯ,,ＤＡＯに関連する業務用語。,Concept,共通
8258,ＤＡＸ,,ＤＡＸに関連する業務用語。,Concept,共通
8259,ＤＡＸ指数,,ＤＡＸ指数に関連する業務用語。,Concept,共通
8260,ＤＣ,,ＤＣに関連する業務用語。,Concept,共通
8261,ＤＣＦ法,,ＤＣＦ法に関連する業務用語。,Concept,共通
8262,ＤＤＭ,,ＤＤＭに関連する業務用語。,Concept,共通
8263,ＤＥレシオ,,ＤＥレシオに関連する業務用語。,Concept,共通
8264,ＤＥＳ,,ＤＥＳに関連する業務用語。,Concept,共通
8265,ＤＥＸ,,ＤＥＸに関連する業務用語。,Concept,共通
8266,ＤＩ,,ＤＩに関連する業務用語。,Concept,共通
8267,ＤＭＡ,,ＤＭＡに関連する業務用語。,Concept,共通
8268,ＤＯＥ,,ＤＯＥに関連する業務用語。,Concept,共通
8269,ＤＰＳ,,ＤＰＳに関連する業務用語。,Concept,共通
8270,ＤＲ,,ＤＲに関連する業務用語。,Concept,共通
8271,ＤＳＡ,,ＤＳＡに関連する業務用語。,Concept,共通
8272,ＤＳＣＲ,,ＤＳＣＲに関連する業務用語。,Concept,共通
8273,ＤｅＦｉ,,ＤｅＦｉに関連する業務用語。,Concept,共通
8274,ＥＢ債,,ＥＢ債に関連する業務用語。,Concept,共通
8275,ＥＢＩＴＤＡ,,ＥＢＩＴＤＡに関連する業務用語。,Concept,共通
8276,ＥＣＮ,,ＥＣＮに関連する業務用語。,Concept,共通
8277,ＥＤＧＡＲ,,ＥＤＧＡＲに関連する業務用語。,Concept,共通
8278,ＥＤＩＮＥＴ,,ＥＤＩＮＥＴに関連する業務用語。,Concept,共通
8279,ＥＩＡ週間石油統計,,ＥＩＡ週間石油統計に関連する業務用語。,Concept,共通
8280,ＥＩＲＲ,,ＥＩＲＲに関連する業務用語。,Concept,共通
8281,ＥＰＳ,,ＥＰＳに関連する業務用語。,Concept,共通
8282,ＥＳＧ投資,,ＥＳＧ投資に関連する業務用語。,Concept,共通
8283,ＥＳＯＰ,,ＥＳＯＰに関連する業務用語。,Concept,共通
8284,ＥＴＣ,,ＥＴＣに関連する業務用語。,Concept,共通
8285,ＥＴＦ,,ＥＴＦに関連する業務用語。,Concept,共通
8286,ＥＴＮ,,ＥＴＮに関連する業務用語。,Concept,共通
8287,ＥＴＰ,,ＥＴＰに関連する業務用語。,Concept,共通
8288,ＥＶ,,ＥＶに関連する業務用語。,Concept,共通
8289,ＥＶＡ,,ＥＶＡに関連する業務用語。,Concept,共通
8290,ＦＡＴＣＡ,,ＦＡＴＣＡに関連する業務用語。,Concept,共通
8291,ＦＤルール,,ＦＤルールに関連する業務用語。,Concept,共通
8292,ＦＦ金利,,ＦＦ金利に関連する業務用語。,Concept,共通
8293,ＦＦＯ,,ＦＦＯに関連する業務用語。,Concept,共通
8294,ＦＬＯＯＲ,,ＦＬＯＯＲに関連する業務用語。,Concept,共通
8295,ＦＲＡ,,ＦＲＡに関連する業務用語。,Concept,共通
8296,ＦＴ100,,ＦＴ100に関連する業務用語。,Concept,共通
8297,ＦＴＳＥ100指数,,ＦＴＳＥ100指数に関連する業務用語。,Concept,共通
8298,ＦＴＳＥ世界国債インデックス,,ＦＴＳＥ世界国債インデックスに関連する業務用語。,Concept,投資
8299,ＦＴＳＥ全世界株価指数,,ＦＴＳＥ全世界株価指数に関連する業務用語。,Concept,財務分析
8300,ＦＸ,,ＦＸに関連する業務用語。,Concept,共通
8301,Ｇ－ＳＩＢｓ,,Ｇ－ＳＩＢｓに関連する業務用語。,Concept,共通
8302,Ｇ－ＳＩＦＩｓ,,Ｇ－ＳＩＦＩｓに関連する業務用語。,Concept,共通
8303,Ｇ－ＳＩＩｓ,,Ｇ－ＳＩＩｓに関連する業務用語。,Concept,共通
8304,ＧＡＡＰ,,ＧＡＡＰに関連する業務用語。,Concept,共通
8305,ＧＤＥ,,ＧＤＥに関連する業務用語。,Concept,共通
8306,ＧＤＩ,,ＧＤＩに関連する業務用語。,Concept,共通
8307,ＧＤＰ,,ＧＤＰに関連する業務用語。,Concept,共通
8308,ＧＤＰギャップ,,ＧＤＰギャップに関連する業務用語。,Concept,共通
8309,ＧＤＰ統計（米国）,,ＧＤＰ統計（米国）に関連する業務用語。,Concept,共通
8310,ＧＤＲ,,ＧＤＲに関連する業務用語。,Concept,共通
8311,ＧＩＣＳ,,ＧＩＣＳに関連する業務用語。,Concept,共通
8312,ＧＬＯＢＥＸ,,ＧＬＯＢＥＸに関連する業務用語。,Concept,共通
8313,ＧＮＩ,,ＧＮＩに関連する業務用語。,Concept,共通
8314,ＧＮＰ,,ＧＮＰに関連する業務用語。,Concept,共通
8315,ＧＰＩＦ,,ＧＰＩＦに関連する業務用語。,Concept,共通
8316,ＨＦＴ,,ＨＦＴに関連する業務用語。,Concept,共通
8317,ＨＶ,,ＨＶに関連する業務用語。,Concept,共通
8318,ＩＡＳＢ,,ＩＡＳＢに関連する業務用語。,Concept,共通
8319,ＩＣＯ,,ＩＣＯに関連する業務用語。,Concept,共通
8320,ＩＦＡ,,ＩＦＡに関連する業務用語。,Concept,共通
8321,ＩＦＲＳ,,ＩＦＲＳに関連する業務用語。,Concept,共通
8322,ＩＬＯ失業率,,ＩＬＯ失業率に関連する業務用語。,Concept,共通
8323,ＩＰＯ,,ＩＰＯに関連する業務用語。,Concept,共通
8324,ＩＲ,,ＩＲに関連する業務用語。,Concept,共通
8325,ＩＲＳ,,ＩＲＳに関連する業務用語。,Concept,共通
8326,ＩＳＤＡ,,ＩＳＤＡに関連する業務用語。,Concept,共通
8327,ＩＳＩＮコード,,ＩＳＩＮコードに関連する業務用語。,Concept,共通
8328,ＩＳＭ製造業・非製造業景況指数,,ＩＳＭ製造業・非製造業景況指数に関連する業務用語。,Process,製造
8329,ＩＴＭ,,ＩＴＭに関連する業務用語。,Concept,共通
8330,ＩＶ,,ＩＶに関連する業務用語。,Concept,共通
8331,Ｉｆｏ景況感指数,,Ｉｆｏ景況感指数に関連する業務用語。,Concept,共通
8332,Ｉｖｅｙ購買担当者景況感指数,,Ｉｖｅｙ購買担当者景況感指数に関連する業務用語。,Concept,調達
8333,Ｊ－ＮＥＴ取引,,Ｊ－ＮＥＴ取引に関連する業務用語。,Concept,共通
8334,ＪＣＲ,,ＪＣＲに関連する業務用語。,Concept,共通
8335,ＪＤＲ,,ＪＤＲに関連する業務用語。,Concept,共通
8336,ＪＭＩＳ,,ＪＭＩＳに関連する業務用語。,Concept,共通
8337,ＪＰモルガンＧＢＩ‐ＥＭグローバル・ダイバーシファイド,,ＪＰモルガンＧＢＩ‐ＥＭグローバル・ダイバーシファイドに関連する業務用語。,Entity,共通
8338,ＪＰＸ,,ＪＰＸに関連する業務用語。,Concept,共通
8339,ＪＰＸ日経400,,ＪＰＸ日経400に関連する業務用語。,Concept,共通
8340,ＪＳＣＣ,,ＪＳＣＣに関連する業務用語。,Concept,共通
8341,ＫＯＦスイス先行指数,,ＫＯＦスイス先行指数に関連する業務用語。,Concept,共通
8342,ＬＢＯ,,ＬＢＯに関連する業務用語。,Concept,共通
8343,ＬＴＶ,,ＬＴＶに関連する業務用語。,Concept,共通
8344,Ｍ＆Ａ,,Ｍ＆Ａに関連する業務用語。,Concept,共通
8345,ＭＡＣＤ,,ＭＡＣＤに関連する業務用語。,Concept,共通
8346,ＭＢＡ住宅ローン申請指数,,ＭＢＡ住宅ローン申請指数に関連する業務用語。,Process,金融
8347,ＭＢＯ,,ＭＢＯに関連する業務用語。,Concept,共通
8348,ＭＥＢＯ,,ＭＥＢＯに関連する業務用語。,Concept,共通
8349,ＭＰＯ,,ＭＰＯに関連する業務用語。,Concept,共通
8350,ＭＳＣＢ,,ＭＳＣＢに関連する業務用語。,Concept,共通
8351,ＭＳＣＩエマージング・マーケット・インデックス,,ＭＳＣＩエマージング・マーケット・インデックスに関連する業務用語。,Metric,投資
8352,ＭＳＣＩ世界株価指数,,ＭＳＣＩ世界株価指数に関連する業務用語。,Concept,財務分析
8353,ＭＳＣＩ指数,,ＭＳＣＩ指数に関連する業務用語。,Concept,共通
8354,ＭＳＣＩ－ＫＯＫＵＳＡＩ指数,,ＭＳＣＩ－ＫＯＫＵＳＡＩ指数に関連する業務用語。,Concept,共通
8355,ＭＴＮ,,ＭＴＮに関連する業務用語。,Concept,共通
8356,ＭｉＦＩＤ,,ＭｉＦＩＤに関連する業務用語。,Concept,共通
8357,ＮＣＤ,,ＮＣＤに関連する業務用語。,Concept,共通
8358,ＮＣＦ,,ＮＣＦに関連する業務用語。,Concept,共通
8359,ＮＤＦ,,ＮＤＦに関連する業務用語。,Concept,共通
8360,ＮＦＴ,,ＮＦＴに関連する業務用語。,Concept,共通
8361,ＮＩＳＡ,,ＮＩＳＡに関連する業務用語。,Concept,共通
8362,ＮＯＩ利回り,,ＮＯＩ利回りに関連する業務用語。,Concept,共通
8363,ＮＯＭＵＲＡ－ＢＰＩ,,ＮＯＭＵＲＡ－ＢＰＩに関連する業務用語。,Concept,共通
8364,ＮＯＭＵＲＡ－ＢＰＩ総合指数,,ＮＯＭＵＲＡ－ＢＰＩ総合指数に関連する業務用語。,Concept,共通
8365,ＮＴ倍率,,ＮＴ倍率に関連する業務用語。,Concept,共通
8366,ＮＹオプションカット,,ＮＹオプションカットに関連する業務用語。,Concept,投資
8367,ＮＹＳＥ,,ＮＹＳＥに関連する業務用語。,Concept,共通
8368,ＮＹＳＥユーロネクスト,,ＮＹＳＥユーロネクストに関連する業務用語。,Concept,共通
8369,ＯＩＳ,,ＯＩＳに関連する業務用語。,Concept,共通
8370,ＯＴＣ,,ＯＴＣに関連する業務用語。,Concept,共通
8371,ＯＴＭ,,ＯＴＭに関連する業務用語。,Concept,共通
8372,Ｐ／Ｌ,,Ｐ／Ｌに関連する業務用語。,Concept,共通
8373,ＰＢＲ,,ＰＢＲに関連する業務用語。,Concept,共通
8374,ＰＣＥデフレーター,,ＰＣＥデフレーターに関連する業務用語。,Concept,共通
8375,ＰＣＦＲ,,ＰＣＦＲに関連する業務用語。,Concept,共通
8376,ＰＤＣＡサイクル,,ＰＤＣＡサイクルに関連する業務用語。,Concept,共通
8377,ＰＥＧレシオ,,ＰＥＧレシオに関連する業務用語。,Concept,共通
8378,ＰＥＲ,,ＰＥＲに関連する業務用語。,Concept,共通
8379,ＰＭＩ,,ＰＭＩに関連する業務用語。,Concept,共通
8380,ＰＰＩ,,ＰＰＩに関連する業務用語。,Concept,共通
8381,ＰＳＩ20指数,,ＰＳＩ20指数に関連する業務用語。,Concept,共通
8382,ＰＳＲ,,ＰＳＲに関連する業務用語。,Concept,共通
8383,ＰＴＳ,,ＰＴＳに関連する業務用語。,Concept,共通
8384,ＱＲコード決済,,ＱＲコード決済に関連する業務用語。,Concept,共通
8385,ＱＵＩＣＫコンセンサス,,ＱＵＩＣＫコンセンサスに関連する業務用語。,Concept,財務分析
8386,Ｒ2,,Ｒ2に関連する業務用語。,Concept,共通
8387,Ｒ＆Ｉ,,Ｒ＆Ｉに関連する業務用語。,Concept,共通
8388,ＲＣＩ,,ＲＣＩに関連する業務用語。,Concept,共通
8389,ＲＤＥＩ,,ＲＤＥＩに関連する業務用語。,Concept,共通
8390,ＲＩＣＩ（Ｒ）,,ＲＩＣＩ（Ｒ）に関連する業務用語。,Concept,共通
8391,ＲＩＣＳ住宅価格指数,,ＲＩＣＳ住宅価格指数に関連する業務用語。,Concept,共通
8392,ＲＯＡ,,ＲＯＡに関連する業務用語。,Concept,共通
8393,ＲＯＣ,,ＲＯＣに関連する業務用語。,Concept,共通
8394,ＲＯＥ,,ＲＯＥに関連する業務用語。,Concept,共通
8395,ＲＯＩ,,ＲＯＩに関連する業務用語。,Concept,共通
8396,ＲＯＩＣ,,ＲＯＩＣに関連する業務用語。,Concept,共通
8397,ＲＳＩ,,ＲＳＩに関連する業務用語。,Concept,共通
8398,ＲＴＧＳ,,ＲＴＧＳに関連する業務用語。,Concept,共通
8399,ＲＴＳ指数,,ＲＴＳ指数に関連する業務用語。,Concept,共通
8400,Ｓ＆Ｐ,,Ｓ＆Ｐに関連する業務用語。,Concept,共通
8401,Ｓ＆Ｐ500,,Ｓ＆Ｐ500に関連する業務用語。,Concept,共通
8402,Ｓ＆Ｐケース・シラー住宅価格指数,,Ｓ＆Ｐケース・シラー住宅価格指数に関連する業務用語。,Concept,共通
8403,Ｓ＆Ｐ先進国ＲＥＩＴ指数,,Ｓ＆Ｐ先進国ＲＥＩＴ指数に関連する業務用語。,Concept,共通
8404,Ｓ＆Ｐ新興国ＲＥＩＴ指数,,Ｓ＆Ｐ新興国ＲＥＩＴ指数に関連する業務用語。,Concept,共通
8405,ＳＡＣＣＩ景況感指数,,ＳＡＣＣＩ景況感指数に関連する業務用語。,Concept,共通
8406,ＳＥＮＳＥＸ30指数,,ＳＥＮＳＥＸ30指数に関連する業務用語。,Concept,共通
8407,ＳＭＡ,,ＳＭＡに関連する業務用語。,Concept,共通
8408,ＳＯＲ注文,,ＳＯＲ注文に関連する業務用語。,Concept,共通
8409,ＳＯＸ指数,,ＳＯＸ指数に関連する業務用語。,Concept,共通
8410,ＳＰＡＮ,,ＳＰＡＮに関連する業務用語。,Concept,共通
8411,ＳＰＡＮ証拠金額,,ＳＰＡＮ証拠金額に関連する業務用語。,Concept,共通
8412,ＳＰＣ,,ＳＰＣに関連する業務用語。,Concept,共通
8413,ＳＱ,,ＳＱに関連する業務用語。,Concept,共通
8414,ＳＲＩ,,ＳＲＩに関連する業務用語。,Concept,共通
8415,ＳＴ指数,,ＳＴ指数に関連する業務用語。,Concept,共通
8416,ＳＴ（セキュリティトークン）,,ＳＴ（セキュリティトークン）に関連する業務用語。,Concept,共通
8417,ＳＴＯ（セキュリティトークン・オファリング）,,ＳＴＯ（セキュリティトークン・オファリング）に関連する業務用語。,Concept,共通
8418,ＳＵＮＲＩＳＥ,,ＳＵＮＲＩＳＥに関連する業務用語。,Concept,共通
8419,ＳＶＭＥ購買担当者景況指数,,ＳＶＭＥ購買担当者景況指数に関連する業務用語。,Concept,調達
8420,Ｔプラス2,,Ｔプラス2に関連する業務用語。,Concept,共通
8421,Ｔ＋2,,Ｔ＋2に関連する業務用語。,Concept,共通
8422,ＴＤｎｅｔ,,ＴＤｎｅｔに関連する業務用語。,Concept,共通
8423,ＴＦＰ,,ＴＦＰに関連する業務用語。,Concept,共通
8424,ＴＦＸ,,ＴＦＸに関連する業務用語。,Concept,共通
8425,ＴＬＡＣ,,ＴＬＡＣに関連する業務用語。,Concept,共通
8426,ＴＯＢ,,ＴＯＢに関連する業務用語。,Concept,共通
8427,ＴＯＣＯＭ,,ＴＯＣＯＭに関連する業務用語。,Concept,共通
8428,ＴＯＰＩＸ,,ＴＯＰＩＸに関連する業務用語。,Concept,共通
8429,ＴＯＰＩＸ Core30,,ＴＯＰＩＸ Core30に関連する業務用語。,Concept,共通
8430,ＴＯＰＩＸ1000,,ＴＯＰＩＸ1000に関連する業務用語。,Concept,共通
8431,ＴＯＰＩＸニューインデックスシリーズ,,ＴＯＰＩＸニューインデックスシリーズに関連する業務用語。,Metric,投資
8432,ＴＯＰＩＸ１００,,ＴＯＰＩＸ１００に関連する業務用語。,Concept,共通
8433,ＴＴＢ,,ＴＴＢに関連する業務用語。,Concept,共通
8434,ＴＴＭ,,ＴＴＭに関連する業務用語。,Concept,共通
8435,ＴＴＳ,,ＴＴＳに関連する業務用語。,Concept,共通
8436,Ｔｉｅｒ１,,Ｔｉｅｒ１に関連する業務用語。,Concept,共通
8437,Ｔｉｅｒ２,,Ｔｉｅｒ２に関連する業務用語。,Concept,共通
8438,ＶＩＸ指数,,ＶＩＸ指数に関連する業務用語。,Concept,共通
8439,ＶＷＡＰ,,ＶＷＡＰに関連する業務用語。,Concept,共通
8440,ＶａＲ,,ＶａＲに関連する業務用語。,Concept,共通
8441,ＷＡＣＣ,,ＷＡＣＣに関連する業務用語。,Concept,共通
8442,ＷＭＡ,,ＷＭＡに関連する業務用語。,Concept,共通
8443,ＷＴＩ,,ＷＴＩに関連する業務用語。,Concept,共通
8444,ＷＴＩ原油先物,,ＷＴＩ原油先物に関連する業務用語。,Concept,投資
8445,Ｗｅｂ３．０,,Ｗｅｂ３．０に関連する業務用語。,Concept,共通
8446,Ｗｅｓｔｐａｃ消費者信頼感指数,,Ｗｅｓｔｐａｃ消費者信頼感指数に関連する業務用語。,Concept,共通
8447,ＸＢＲＬ,,ＸＢＲＬに関連する業務用語。,Concept,共通
8448,ＺＥＷ景況感指数,,ＺＥＷ景況感指数に関連する業務用語。,Concept,共通
8449,ｂｐ,,ｂｐに関連する業務用語。,Concept,共通
8450,ｉＤｅＣｏ,,ｉＤｅＣｏに関連する業務用語。,Concept,共通
8451,ｉＤｅＣｏ＋,,ｉＤｅＣｏ＋に関連する業務用語。,Concept,共通
8452,ｐｉｐｓ,,ｐｉｐｓに関連する業務用語。,Concept,共通
